card_id,client_id,card_brand,card_type,card_number,expires,cvv,has_chip,num_cards_issued,credit_limit,acct_open_date,year_pin_last_changed,card_on_dark_web
4524,825,Visa,Debit,4344676511950444,2022-12-01,623,YES,2,24295,2002-09-01,2008,No
2731,825,Visa,Debit,4956965974959986,2020-12-01,393,YES,2,21968,2014-04-01,2014,No
3701,825,Visa,Debit,4582313478255491,2024-02-01,719,YES,2,46414,2003-07-01,2004,No
42,825,Visa,Credit,4879494103069057,2024-08-01,693,NO,1,12400,2003-01-01,2012,No
4659,825,Mastercard,Debit (Prepaid),5722874738736011,2009-03-01,75,YES,1,28,2008-09-01,2009,No
4537,797,Visa,Credit,4404898874682993,2003-09-01,736,YES,1,27500,2003-09-01,2012,No
1278,797,Visa,Debit,4001482973848631,2022-07-01,972,YES,2,28508,2011-02-01,2011,No
3687,797,Mastercard,Debit,5627220683410948,2022-06-01,48,YES,2,9022,2003-07-01,2015,No
3465,797,Mastercard,Debit (Prepaid),5711382187309326,2020-11-01,722,YES,2,54,2010-06-01,2015,No
3754,1746,Mastercard,Debit (Prepaid),5766121508358701,2023-02-01,908,YES,1,99,2006-07-01,2012,No
5144,1718,Mastercard,Debit,5495199163052054,2022-03-01,677,YES,2,31599,2009-10-01,2009,No
2029,1718,Mastercard,Debit,5804499644308599,2023-07-01,258,NO,2,27480,2002-03-01,2008,No
2379,1718,Mastercard,Debit,5766352389579834,2020-02-01,992,YES,1,26743,2019-03-01,2019,No
2732,1718,Visa,Debit,4242015583697294,2020-06-01,928,YES,1,31463,2014-04-01,2014,No
4706,1718,Mastercard,Debit,5191030913182493,2024-06-01,360,YES,1,16055,2009-09-01,2009,No
281,708,Visa,Credit,4017261190134817,2015-05-01,877,YES,2,98100,2011-01-01,2011,No
1106,708,Mastercard,Debit (Prepaid),5581970288727991,2020-06-01,448,YES,1,62,2007-02-01,2007,No
5621,708,Visa,Debit,4032240655674503,2022-06-01,53,YES,1,132439,2010-11-01,2011,No
5165,708,Visa,Debit,4935974646456357,2020-06-01,649,YES,1,125723,2009-10-01,2010,No
5757,1164,Mastercard,Debit,5905027855347659,2022-01-01,886,YES,1,34900,1999-12-01,2012,No
27,68,Visa,Credit,4099623033306950,2021-09-01,74,YES,2,9900,2002-01-01,2019,No
4648,68,Visa,Debit,4281200324251212,2013-07-01,865,YES,2,21587,2007-09-01,2007,No
5435,68,Visa,Credit,4411456925570768,2022-11-01,922,YES,2,15800,2005-11-01,2011,No
3287,1075,Mastercard,Debit,5202477865497336,2022-04-01,861,YES,1,29964,2005-06-01,2014,No
4761,1075,Mastercard,Credit,5089768442116305,2023-07-01,686,YES,2,11200,2010-09-01,2010,No
5286,1075,Mastercard,Debit,5767339719294372,2021-12-01,669,NO,2,26753,2014-10-01,2014,No
744,1711,Visa,Debit,4595831603224644,2023-05-01,689,NO,2,17480,2020-01-01,2020,No
5559,1116,Mastercard,Debit,5341049613275152,2021-09-01,396,YES,2,26546,2009-11-01,2009,No
4905,1116,Mastercard,Debit,5668831527649353,2021-01-01,356,YES,1,23253,2017-09-01,2017,No
79,1116,Visa,Credit,4400056931148232,2021-02-01,497,YES,1,16100,2005-01-01,2014,No
301,1116,Visa,Credit,4808554251869440,2021-02-01,921,YES,2,8700,2012-01-01,2012,No
3115,1116,Mastercard,Debit,5224739362243611,2019-01-01,922,YES,1,29333,2012-05-01,2012,No
3880,1752,Mastercard,Debit,5294178176133532,2024-07-01,265,YES,2,9496,2009-07-01,2012,No
1766,192,Visa,Debit,4857799018106614,2021-07-01,930,YES,1,25499,2020-02-01,2020,No
1767,192,Visa,Debit,4324062360619923,2020-02-01,358,YES,1,18641,2020-02-01,2020,No
745,640,Visa,Debit,4852639114720724,2023-05-01,995,YES,1,26019,2020-01-01,2020,No
1459,1679,Mastercard,Debit,5656383455895230,2021-01-01,547,YES,1,25845,2020-02-01,2020,No
138,1094,Visa,Debit,4556928160477229,2023-06-01,64,YES,2,2365,2007-01-01,2009,No
3755,1094,Mastercard,Debit,5515782790823587,2023-06-01,419,YES,2,18684,2006-07-01,2017,No
1768,1094,Visa,Credit,4508388296516458,2021-02-01,364,NO,2,7400,2020-02-01,2020,No
5924,1590,Mastercard,Debit,5548265564669334,2024-12-01,145,YES,2,4147,2008-12-01,2016,No
6074,1660,Visa,Debit (Prepaid),4986270376099447,2022-04-01,385,YES,1,76,2012-12-01,2012,No
5923,1660,Discover,Credit,6726060094896113,2009-01-01,105,NO,1,4700,2008-12-01,2014,No
4223,1660,Visa,Credit,4157109762296149,2021-06-01,433,YES,2,5800,2007-08-01,2011,No
4455,1660,Mastercard,Debit,5231462717450524,2024-03-01,754,YES,2,12082,2016-08-01,2016,No
3234,1660,Mastercard,Credit,5074836567307562,2023-03-01,741,NO,2,6000,2002-06-01,2010,No
1005,1660,Visa,Debit,4986369179342271,2009-11-01,367,YES,1,620,2002-02-01,2014,No
151,1747,Mastercard,Debit,5892013969159900,2022-08-01,879,YES,1,14499,2008-01-01,2008,No
4198,1747,Mastercard,Debit,5179157151686144,2023-07-01,457,YES,2,12332,2007-08-01,2009,No
4403,1747,Mastercard,Debit,5569640141329524,2024-09-01,904,YES,1,18424,2013-08-01,2013,No
4120,1747,Visa,Credit,4708914311449293,2023-07-01,149,NO,1,15400,2003-08-01,2008,No
4224,1747,Visa,Debit,4795724941278913,2022-02-01,136,YES,2,14548,2007-08-01,2013,No
4895,1747,Mastercard,Credit,5300159511214994,2016-12-01,740,YES,2,10100,2016-09-01,2016,No
1028,153,Discover,Credit,6580244636542196,2011-04-01,416,YES,1,11200,2004-02-01,2008,No
5956,153,Mastercard,Debit,5032457975030967,2024-10-01,240,YES,2,20291,2009-12-01,2011,No
107,153,Visa,Debit,4382324870900908,2018-08-01,852,YES,1,32092,2006-01-01,2010,No
440,153,Mastercard,Debit,5456808094753905,2020-02-01,217,YES,1,20463,2020-01-01,2020,No
746,429,Visa,Debit,4465362453388909,2022-08-01,738,YES,1,15802,2020-01-01,2020,No
1769,429,Visa,Debit,4668447208616693,2020-02-01,314,NO,2,4612,2020-02-01,2020,No
421,429,Discover,Credit,6377595394803324,2020-07-01,675,YES,2,19900,2020-01-01,2020,No
974,511,Mastercard,Debit (Prepaid),5117090980312402,2020-10-01,42,YES,1,73,2000-02-01,2012,No
4707,511,Mastercard,Debit,5377858405611171,2024-01-01,24,YES,1,11858,2009-09-01,2010,No
7,511,Mastercard,Debit,5585238056278288,2005-03-01,749,YES,1,9664,1998-01-01,2011,No
2212,511,Mastercard,Debit,5355281784290567,2020-06-01,810,YES,1,8367,2009-03-01,2009,No
1038,511,Visa,Credit,4150093118072730,2022-06-01,135,YES,2,6100,2004-02-01,2009,No
1460,309,Mastercard,Debit,5979295728871785,2020-02-01,630,YES,3,9944,2020-02-01,2020,No
747,309,Visa,Credit,4473643731469839,2020-01-01,771,YES,1,7900,2020-01-01,2020,No
1770,309,Visa,Credit,4800116569994473,2020-12-01,201,YES,1,5600,2020-02-01,2020,No
748,777,Visa,Debit,4832328468851061,2023-08-01,580,YES,1,68400,2020-01-01,2020,No
441,777,Mastercard,Debit,5278075482033392,2023-04-01,437,YES,2,77237,2020-01-01,2020,No
3679,1946,Visa,Debit,4869845530765333,2024-08-01,701,YES,2,4488,2002-07-01,2015,No
5701,1946,Visa,Credit,4231526239204033,2020-02-01,499,YES,2,12500,2014-11-01,2014,No
4510,1674,Mastercard,Debit,5813611925507601,2020-12-01,734,YES,2,23432,2001-09-01,2008,No
2873,1674,Amex,Credit,366520954874839,2022-05-01,447,YES,2,8800,2005-05-01,2011,No
1461,482,Mastercard,Credit,5392697458480962,2020-02-01,886,YES,2,12100,2020-02-01,2020,No
442,877,Mastercard,Debit,5048151330736425,2020-02-01,931,YES,1,9708,2020-01-01,2020,No
3877,877,Amex,Credit,371643368691556,2021-11-01,683,YES,2,12000,2009-07-01,2011,No
2296,877,Mastercard,Debit,5700734711260263,2023-11-01,230,YES,1,11973,2012-03-01,2012,No
5048,128,Mastercard,Debit,5389442391430673,2022-02-01,658,YES,2,13601,2006-10-01,2014,No
1462,128,Mastercard,Credit,5079116875907423,2024-01-01,849,YES,2,7800,2020-02-01,2020,No
4269,775,Visa,Debit,4390425683290569,2023-10-01,790,YES,2,17816,2008-08-01,2016,No
5188,1536,Mastercard,Debit,5217568630125704,2021-03-01,625,NO,2,17707,2010-10-01,2010,No
2874,1536,Amex,Credit,397856635669220,2020-11-01,2,YES,1,9500,2005-05-01,2009,No
3041,140,Mastercard,Debit,5529182104663869,2022-01-01,182,YES,1,19110,2010-05-01,2011,No
5312,140,Mastercard,Debit,5489017664251289,2023-08-01,196,YES,1,13428,2016-10-01,2016,No
4150,140,Mastercard,Debit,5793675314684781,2022-06-01,43,YES,1,24608,2005-08-01,2009,No
152,140,Mastercard,Debit,5845373196638993,2022-09-01,111,YES,1,13441,2008-01-01,2011,No
443,1884,Mastercard,Debit (Prepaid),5750288075891808,2020-02-01,788,YES,2,74,2020-01-01,2020,No
3377,1874,Mastercard,Debit,5429789020188285,2012-10-01,674,YES,1,17872,2008-06-01,2008,No
5789,1874,Mastercard,Credit,5301114615829913,2022-09-01,425,YES,1,12900,2003-12-01,2010,No
2106,1874,Mastercard,Debit,5571104183564029,2024-05-01,52,YES,2,25264,2006-03-01,2020,No
2078,1874,Mastercard,Debit,5401948301255038,2022-12-01,920,YES,2,20634,2005-03-01,2007,No
5866,1310,Visa,Credit,4295364044956974,2007-04-01,656,YES,2,12200,2006-12-01,2010,No
173,1310,Visa,Credit,4737484014371342,2010-02-01,221,YES,2,5500,2008-01-01,2008,No
1771,1689,Visa,Credit,4509365132510769,2020-03-01,281,NO,2,6600,2020-02-01,2020,No
6132,1689,Mastercard,Debit,5068255294282305,2020-11-01,890,YES,1,25815,2017-12-01,2017,No
327,379,Amex,Credit,354813103334804,2021-06-01,527,YES,2,8400,2014-01-01,2014,No
2019,379,Mastercard,Debit,5910929635230868,2020-02-01,525,YES,1,21628,2001-03-01,2008,No
3881,379,Mastercard,Debit,5400182448188961,2021-10-01,412,YES,1,24232,2009-07-01,2009,No
1166,34,Mastercard,Debit,5039048842448184,2023-11-01,339,YES,2,10775,2009-02-01,2010,No
3342,34,Mastercard,Debit (Prepaid),5672012369002302,2020-02-01,598,YES,2,105,2007-06-01,2013,No
5622,822,Visa,Credit,4336733185475861,2021-01-01,221,NO,2,7100,2010-11-01,2010,No
5424,822,Mastercard,Debit,5985582173054292,2024-07-01,951,YES,1,29351,2005-11-01,2007,No
2558,822,Mastercard,Debit,5281056728185174,2020-03-01,835,YES,2,15125,2008-04-01,2012,No
5385,822,Mastercard,Credit,5615660494634705,2021-11-01,865,YES,2,8000,2003-11-01,2008,No
5596,822,Mastercard,Debit (Prepaid),5314878099448745,2011-05-01,994,YES,1,83,2010-11-01,2010,No
3991,1499,Amex,Credit,311095486859536,2024-01-01,536,YES,2,23700,2012-07-01,2012,No
6126,1780,Visa,Credit,4624747592911129,2024-02-01,986,YES,2,700,2016-12-01,2016,No
3756,1806,Mastercard,Debit,5595562388674401,2024-07-01,594,YES,2,7488,2006-07-01,2016,No
971,811,Visa,Credit,4171022488649333,2002-01-01,225,NO,1,24900,1999-02-01,2010,No
2079,811,Mastercard,Debit,5246337038556761,2021-06-01,638,YES,2,30971,2005-03-01,2020,No
387,811,Amex,Credit,399966116933253,2024-01-01,343,YES,1,24400,2020-01-01,2020,No
444,811,Mastercard,Debit,5064137987234665,2020-02-01,599,YES,2,53549,2020-01-01,2020,No
5277,811,Visa,Debit,4905540969337037,2018-09-01,573,YES,1,53036,2013-10-01,2013,No
4358,811,Mastercard,Debit,5703849820939467,2024-12-01,300,YES,1,35750,2011-08-01,2011,No
2318,811,Visa,Debit,4055403312631050,2021-07-01,902,YES,1,33375,2013-03-01,2013,No
6019,1844,Visa,Debit (Prepaid),4587476056357151,2023-07-01,858,YES,2,22,2010-12-01,2010,No
4421,1844,Discover,Credit,6521426249819196,2020-11-01,608,YES,1,13100,2014-08-01,2014,No
3702,1844,Visa,Debit,4199712815274632,2024-10-01,440,YES,1,16516,2003-07-01,2011,No
2854,1844,Mastercard,Credit,5172743861765175,2016-07-01,906,YES,1,15700,2004-05-01,2011,No
4114,1844,Mastercard,Debit,5214643602729093,2024-05-01,474,YES,1,21058,2003-08-01,2007,No
28,1852,Visa,Debit,4013876625955765,2023-10-01,543,YES,2,36425,2002-01-01,2004,No
6127,1852,Visa,Debit (Prepaid),4966050979388902,2021-03-01,585,YES,2,91,2016-12-01,2016,No
2477,1852,Mastercard,Credit,5247576622089394,2021-09-01,379,YES,1,13400,2005-04-01,2014,No
2632,1852,Mastercard,Credit,5911319900289832,2021-04-01,37,YES,2,21600,2010-04-01,2010,No
1463,1231,Mastercard,Debit,5058769177189803,2020-02-01,12,NO,1,9090,2020-02-01,2020,No
5679,970,Visa,Debit,4682877628388639,2023-02-01,846,NO,1,25942,2012-11-01,2012,No
1012,970,Mastercard,Credit,5882842508952744,2019-07-01,614,YES,2,10700,2003-02-01,2013,No
1464,970,Mastercard,Credit,5637149260486793,2022-07-01,630,YES,2,4900,2020-02-01,2020,No
1465,381,Mastercard,Credit,5115700923413241,2022-04-01,587,NO,1,18100,2020-02-01,2020,No
388,1134,Amex,Credit,324640473359364,2024-03-01,659,YES,2,7200,2020-01-01,2020,No
3708,1296,Mastercard,Debit,5033428838471726,2020-02-01,546,YES,2,22660,2004-07-01,2007,No
3087,1296,Discover,Credit,6969946254132652,2022-12-01,588,YES,1,19800,2011-05-01,2011,No
67,1296,Mastercard,Credit,5181226307106931,2024-11-01,820,YES,2,15500,2005-01-01,2014,No
80,1296,Visa,Debit (Prepaid),4310689470082080,2023-06-01,458,YES,1,13,2005-01-01,2008,No
3665,1296,Mastercard,Debit,5051066154001741,2021-06-01,526,YES,2,4317,2001-07-01,2011,No
2014,1880,Mastercard,Debit,5456915066505066,2021-12-01,553,NO,1,14719,2000-03-01,2008,No
4906,1880,Mastercard,Debit,5132664334960880,2021-05-01,593,YES,1,9532,2017-09-01,2017,No
3757,1880,Mastercard,Credit,5752873844240568,2020-03-01,486,YES,1,10900,2006-07-01,2014,No
5365,322,Mastercard,Credit,5494228198326752,2024-09-01,428,YES,2,6200,2001-11-01,2012,No
5425,322,Mastercard,Debit,5789639625525459,2012-12-01,43,YES,2,2903,2005-11-01,2011,No
5758,322,Mastercard,Debit,5392957769023387,2020-10-01,803,YES,2,4355,1999-12-01,2010,No
5482,461,Mastercard,Debit,5182820825620434,2021-04-01,126,YES,1,28963,2007-11-01,2012,No
3172,461,Mastercard,Debit,5102353988152905,2022-12-01,667,YES,2,20913,2016-05-01,2016,No
1209,461,Mastercard,Debit,5033135709911480,2024-07-01,170,YES,1,23344,2010-02-01,2010,No
5313,461,Mastercard,Debit,5611522756791997,2020-01-01,882,YES,2,33642,2016-10-01,2016,No
4762,1165,Mastercard,Debit,5037404409791945,2022-01-01,681,YES,1,14695,2010-09-01,2011,No
126,1448,Mastercard,Credit,5571363047071896,2023-09-01,510,YES,1,13200,2007-01-01,2015,No
4685,1448,Visa,Debit,4083033843851772,2020-01-01,173,YES,1,29950,2008-09-01,2013,No
5907,1448,Visa,Credit,4829916759482899,2024-07-01,768,YES,2,4600,2007-12-01,2011,No
2428,1288,Mastercard,Debit,5458492483408549,2022-12-01,92,YES,1,10051,2002-04-01,2011,No
1013,1288,Mastercard,Debit,5879094230635425,2015-12-01,729,YES,2,9796,2003-02-01,2013,No
5145,1178,Mastercard,Debit,5769435406360328,2021-10-01,957,YES,1,17826,2009-10-01,2009,No
5854,1178,Mastercard,Debit,5588799529406913,2024-11-01,778,YES,1,19086,2006-12-01,2009,No
5296,1178,Visa,Debit,4410685608952637,2024-06-01,265,YES,2,17345,2014-10-01,2014,No
1327,1178,Visa,Debit,4470822684089911,2020-09-01,923,YES,2,17976,2013-02-01,2013,No
383,1178,Visa,Debit,4804338444306727,2022-01-01,279,YES,2,16447,2019-01-01,2019,No
5129,1391,Visa,Debit,4194362281636453,2024-10-01,271,YES,2,29573,2008-10-01,2009,No
5995,1391,Mastercard,Debit (Prepaid),5436469451844829,2021-12-01,48,YES,2,98,2010-12-01,2010,No
4107,1391,Mastercard,Debit,5648865641388293,2019-08-01,71,YES,2,2559,2002-08-01,2012,No
36,1391,Mastercard,Debit,5914243757284149,2012-10-01,436,YES,2,6552,2003-01-01,2010,No
445,838,Mastercard,Credit,5193780952753626,2021-01-01,591,YES,2,13800,2020-01-01,2020,No
1466,54,Mastercard,Debit,5957925302951752,2020-08-01,746,YES,1,16375,2020-02-01,2020,No
749,54,Visa,Debit,4557061225558443,2023-05-01,780,YES,1,14213,2020-01-01,2020,No
1772,54,Visa,Debit (Prepaid),4883222888293069,2020-09-01,2,YES,1,73,2020-02-01,2020,No
3801,1452,Mastercard,Debit,5476407228285230,2022-11-01,688,YES,2,53466,2007-07-01,2013,No
282,1602,Visa,Credit,4698943729070491,2020-09-01,450,YES,1,6600,2011-01-01,2013,No
6105,1602,Mastercard,Credit,5579147219556308,2022-06-01,806,NO,2,7200,2015-12-01,2015,No
446,1938,Mastercard,Debit,5099614207935768,2020-11-01,856,YES,1,2868,2020-01-01,2020,No
422,1938,Discover,Credit,6177503172021506,2024-05-01,97,YES,1,3400,2020-01-01,2020,No
5231,1492,Mastercard,Debit,5188130978534931,2022-01-01,446,YES,1,12915,2011-10-01,2013,No
2615,1492,Visa,Debit (Prepaid),4860320285002452,2023-12-01,366,YES,2,84,2009-04-01,2017,No
2776,1492,Discover,Credit,6417599205270844,2021-07-01,504,YES,2,17600,2018-04-01,2018,No
5452,1492,Mastercard,Debit,5516722949603675,2012-12-01,621,YES,1,31542,2006-11-01,2009,No
3563,1492,Mastercard,Debit,5891053637541514,2022-02-01,362,YES,2,23049,2013-06-01,2013,No
6134,1492,Visa,Debit,4222570131769035,2020-05-01,141,YES,1,29734,2017-12-01,2017,No
4818,1492,Visa,Credit,4453742478192143,2020-01-01,346,YES,2,27000,2011-09-01,2016,No
2171,1492,Mastercard,Debit (Prepaid),5335984658439104,2022-11-01,320,YES,1,18,2008-03-01,2010,No
6106,688,Mastercard,Debit,5708150083756692,2023-04-01,824,YES,1,17848,2015-12-01,2015,No
3042,688,Mastercard,Debit,5238684130320063,2022-11-01,870,NO,1,25563,2010-05-01,2010,No
5209,688,Visa,Credit,4740880792169372,2020-04-01,168,YES,2,12000,2010-10-01,2010,No
1296,688,Amex,Credit,361648729239104,2018-11-01,709,NO,2,6600,2012-02-01,2012,No
389,749,Amex,Credit,363305614201313,2023-09-01,943,NO,1,5600,2020-01-01,2020,No
1773,749,Visa,Debit,4360859456629853,2022-11-01,428,YES,3,11873,2020-02-01,2020,No
1467,749,Mastercard,Credit,5498016831726771,2020-02-01,871,YES,1,7200,2020-02-01,2020,No
1395,643,Amex,Credit,381572912003735,2024-08-01,145,YES,1,10000,2020-02-01,2020,No
5597,643,Mastercard,Credit,5079302523329059,2023-04-01,381,YES,2,500,2010-11-01,2010,No
1468,1219,Mastercard,Debit,5546998350637125,2020-02-01,718,YES,1,22697,2020-02-01,2020,No
2309,1219,Mastercard,Credit,5326031764905960,2023-08-01,437,YES,1,18000,2013-03-01,2013,No
3466,1219,Mastercard,Debit,5096150037217374,2024-10-01,862,YES,1,32903,2010-06-01,2010,No
2804,1198,Visa,Debit,4489873116412364,2021-08-01,547,YES,2,12764,1999-05-01,2010,No
1388,1198,Mastercard,Credit,5621725368325863,2022-10-01,60,YES,1,6300,2019-02-01,2019,No
4660,898,Mastercard,Debit,5923138803280580,2022-02-01,934,YES,2,7541,2008-09-01,2013,No
3356,898,Visa,Debit,4447989421793048,2022-03-01,995,YES,2,1266,2007-06-01,2012,No
4870,898,Mastercard,Credit,5000307662634780,2020-04-01,263,NO,1,9500,2014-09-01,2014,No
3467,882,Mastercard,Debit,5707305515533516,2020-04-01,203,YES,2,1837,2010-06-01,2010,No
1079,882,Mastercard,Debit,5864987017850552,2023-08-01,258,YES,2,17453,2006-02-01,2008,No
2977,348,Visa,Debit,4228885239928189,2013-10-01,543,NO,1,28283,2008-05-01,2012,No
3073,348,Visa,Credit,4210237285941913,2020-04-01,160,YES,1,13500,2010-05-01,2012,No
3554,348,Visa,Credit,4877073763902898,2014-07-01,786,YES,2,13300,2012-06-01,2012,No
2597,633,Mastercard,Debit,5558040779986506,2021-09-01,69,YES,2,17941,2009-04-01,2009,No
3489,1493,Visa,Credit,4642496218651973,2018-04-01,594,YES,1,14400,2010-06-01,2012,No
4003,1493,Visa,Credit,4244401907291512,2020-04-01,120,YES,1,4400,2012-07-01,2012,No
1469,1493,Mastercard,Credit,5157439545898691,2020-03-01,657,YES,1,13000,2020-02-01,2020,No
1774,1493,Visa,Debit,4079516725179269,2023-04-01,72,YES,2,22701,2020-02-01,2020,No
1470,1161,Mastercard,Credit,5597117503471640,2024-08-01,934,NO,1,16100,2020-02-01,2020,No
1471,1161,Mastercard,Debit,5808372218918202,2023-09-01,138,YES,2,7629,2020-02-01,2020,No
2691,217,Mastercard,Debit,5565497732362129,2022-03-01,430,NO,1,16538,2012-04-01,2012,No
174,217,Visa,Debit,4072893581482208,2020-12-01,578,YES,2,22746,2008-01-01,2010,No
1364,217,Mastercard,Debit,5161929618424764,2016-07-01,743,YES,1,9737,2016-02-01,2016,No
1266,217,Mastercard,Credit,5359358098670039,2019-07-01,428,YES,1,6500,2011-02-01,2014,No
1267,217,Mastercard,Debit,5093514487076217,2020-06-01,889,YES,2,2650,2011-02-01,2013,No
207,217,Visa,Credit,4409790595650716,2012-05-01,839,YES,2,8200,2009-01-01,2011,No
5448,217,Amex,Credit,373325875666765,2022-01-01,204,YES,2,6200,2006-11-01,2013,No
5449,1877,Amex,Credit,366837170672753,2021-01-01,803,YES,2,22600,2006-11-01,2014,No
2107,1877,Mastercard,Debit,5260255791659846,2024-05-01,428,YES,2,6940,2006-03-01,2009,No
2398,1877,Mastercard,Debit,5911939393457828,2024-03-01,410,YES,2,23408,1996-04-01,2008,No
5414,1877,Visa,Credit,4226284680001632,2022-09-01,966,YES,2,9700,2004-11-01,2007,No
3758,668,Mastercard,Debit,5624997997810589,2024-06-01,992,NO,2,10538,2006-07-01,2006,No
4097,668,Mastercard,Debit,5752209560237460,2023-03-01,385,YES,2,6853,2001-08-01,2006,No
5778,668,Mastercard,Debit,5470018669871087,2020-10-01,598,YES,2,607,2002-12-01,2010,No
4318,668,Mastercard,Credit,5764603958082866,2021-08-01,397,YES,1,0,2010-08-01,2010,No
5015,668,Visa,Debit,4378354586828464,2021-06-01,644,YES,2,8253,2004-10-01,2011,No
750,533,Visa,Debit,4415203972868492,2020-09-01,847,YES,2,8492,2020-01-01,2020,No
242,203,Visa,Credit,4716309780327853,2022-07-01,275,YES,1,9100,2010-01-01,2010,No
3966,203,Mastercard,Credit,5175414290540891,2022-04-01,497,NO,2,2600,2011-07-01,2011,No
5375,203,Mastercard,Credit,5079431552272493,2024-05-01,813,NO,1,7300,2002-11-01,2010,No
5166,1738,Visa,Credit,4841586209388617,2020-08-01,207,YES,1,15000,2009-10-01,2009,No
1472,1738,Mastercard,Credit,5133341979041600,2024-04-01,497,YES,2,18700,2020-02-01,2020,No
751,1738,Visa,Debit,4044685132149960,2021-05-01,579,YES,1,21458,2020-01-01,2020,No
5623,1738,Visa,Credit,4825181289428263,2020-04-01,635,NO,1,15700,2010-11-01,2014,No
6099,713,Mastercard,Debit,5533057740649374,2020-01-01,13,YES,2,20765,2014-12-01,2014,No
1473,713,Mastercard,Debit,5137811039972629,2022-06-01,170,NO,2,18101,2020-02-01,2020,No
1775,713,Visa,Credit,4409545480052957,2024-11-01,528,YES,1,8400,2020-02-01,2020,No
447,713,Mastercard,Debit,5169705466479218,2020-03-01,66,YES,1,1737,2020-01-01,2020,No
1474,1631,Mastercard,Credit,5782138554730431,2020-02-01,217,YES,2,20900,2020-02-01,2020,No
1776,1631,Visa,Credit,4450097042295695,2021-11-01,601,YES,1,23700,2020-02-01,2020,No
448,1631,Mastercard,Credit,5298079382002761,2021-11-01,989,YES,1,17500,2020-01-01,2020,No
5978,1487,Visa,Debit,4911894810892317,2024-06-01,769,YES,1,26083,2009-12-01,2009,No
2978,1487,Visa,Debit,4394014058373538,2022-10-01,943,YES,1,31589,2008-05-01,2008,No
4946,1487,Visa,Credit,4984110253172329,2021-06-01,453,YES,2,24200,2000-10-01,2013,No
1475,1265,Mastercard,Debit,5658875071888530,2020-02-01,190,YES,2,18321,2020-02-01,2020,No
5376,370,Mastercard,Debit,5377126168537132,2022-10-01,94,YES,2,7551,2002-11-01,2010,No
4127,370,Mastercard,Debit,5606824501502078,2014-06-01,451,YES,1,15377,2004-08-01,2011,No
5093,370,Visa,Debit,4501704511432206,2023-03-01,324,YES,1,12990,2007-10-01,2016,No
3490,370,Visa,Debit,4015096339812707,2023-02-01,494,YES,1,8509,2010-06-01,2010,No
5702,1014,Visa,Debit,4467199760802877,2014-11-01,176,YES,1,96907,2014-11-01,2014,No
2200,1014,Visa,Credit,4081474027835147,2015-07-01,45,YES,1,43900,2008-03-01,2013,No
5436,1014,Visa,Debit (Prepaid),4868297041449163,2020-10-01,440,YES,2,76,2005-11-01,2007,No
449,290,Mastercard,Debit,5843714671989158,2020-01-01,533,YES,2,50915,2020-01-01,2020,No
1777,290,Visa,Debit,4052306795072868,2021-12-01,369,YES,2,31767,2020-02-01,2020,No
3862,985,Visa,Credit,4229889369220690,2024-04-01,82,YES,2,13200,2008-07-01,2010,No
1268,985,Mastercard,Credit,5936949471946678,2022-10-01,372,YES,2,16000,2011-02-01,2012,No
752,985,Visa,Debit,4748458102584203,2024-07-01,223,YES,2,18132,2020-01-01,2020,No
2704,985,Visa,Credit,4862788591864799,2019-02-01,466,YES,1,300,2012-04-01,2012,No
2808,135,Mastercard,Debit,5736838327060448,2022-11-01,714,YES,2,2236,2000-05-01,2015,No
4791,135,Visa,Debit,4528854599819268,2019-08-01,451,YES,2,21591,2010-09-01,2010,No
1476,307,Mastercard,Debit,5956798767354537,2020-04-01,927,YES,2,11521,2020-02-01,2020,No
753,307,Visa,Credit,4949830998579625,2020-06-01,561,NO,1,8600,2020-01-01,2020,No
4112,1783,Amex,Credit,323782494048404,2020-03-01,659,YES,1,9800,2003-08-01,2010,No
1154,1783,Visa,Credit,4172882144788973,2012-03-01,902,YES,2,11300,2008-02-01,2009,No
2598,1783,Mastercard,Credit,5153494647482349,2019-10-01,492,YES,1,8400,2009-04-01,2011,No
10,1783,Mastercard,Debit,5513208341097350,2023-12-01,789,YES,1,16597,1999-01-01,2009,No
4655,1783,Amex,Credit,316138720673532,2020-09-01,876,YES,2,9400,2008-09-01,2008,No
5908,1321,Visa,Debit,4709941855155413,2008-12-01,122,YES,1,18702,2007-12-01,2007,No
3357,1511,Visa,Debit,4725438629956463,2022-06-01,675,YES,1,24806,2007-06-01,2007,No
5502,1511,Visa,Debit,4992990568824247,2023-05-01,457,YES,1,19856,2007-11-01,2011,No
1238,900,Visa,Debit (Prepaid),4580252759299284,2021-02-01,397,YES,2,68,2010-02-01,2010,No
3412,900,Amex,Credit,347103137777594,2022-12-01,791,YES,2,4900,2009-06-01,2009,No
1477,953,Mastercard,Debit,5779387577644606,2022-02-01,421,YES,1,13390,2020-02-01,2020,No
1396,953,Amex,Credit,343258769247986,2024-11-01,210,YES,3,8400,2020-02-01,2020,No
1297,233,Amex,Credit,374396421501669,2024-03-01,659,YES,2,13700,2012-02-01,2012,No
3605,406,Discover,Credit,6308795344040919,2024-11-01,205,YES,2,4200,2016-06-01,2016,No
5167,1069,Visa,Debit,4439832703761219,2020-08-01,424,YES,2,2292,2009-10-01,2015,No
3922,1069,Amex,Credit,304372446656131,2021-03-01,495,YES,1,8800,2010-07-01,2010,No
5453,180,Mastercard,Credit,5881384408371205,2023-03-01,312,NO,2,7600,2006-11-01,2009,No
2888,180,Visa,Credit,4966727954053977,2021-11-01,756,YES,2,6200,2005-05-01,2018,No
3208,996,Mastercard,Credit,5784959743819578,2023-07-01,348,YES,1,12900,1999-06-01,2011,No
4661,996,Mastercard,Debit,5617375085275816,2022-06-01,228,YES,2,18820,2008-09-01,2015,No
3277,996,Visa,Debit,4813292561037475,2005-07-01,979,YES,2,16167,2004-06-01,2009,No
1107,996,Mastercard,Credit,5659042637826477,2023-06-01,857,YES,2,4200,2007-02-01,2011,No
3310,996,Mastercard,Debit,5691123059106648,2024-08-01,190,YES,2,18861,2006-06-01,2011,No
1279,996,Visa,Debit,4803335286454198,2020-02-01,568,NO,1,27231,2011-02-01,2011,No
1778,1866,Visa,Debit,4274334344737347,2024-12-01,174,YES,1,24390,2020-02-01,2020,No
1478,1866,Mastercard,Debit,5073514573038606,2023-02-01,802,YES,1,3106,2020-02-01,2020,No
2108,1981,Mastercard,Debit,5550999995379539,2020-07-01,980,YES,2,13595,2006-03-01,2010,No
5143,1981,Discover,Credit,6616646974839947,2009-11-01,72,NO,2,12300,2009-10-01,2009,No
4151,1981,Mastercard,Credit,5384097503885721,2019-02-01,704,YES,2,12300,2005-08-01,2009,No
3606,1981,Mastercard,Debit,5082019741631139,2021-04-01,459,YES,1,20743,2016-06-01,2016,No
3248,1981,Mastercard,Debit,5843429452249829,2021-08-01,570,YES,2,17706,2003-06-01,2010,No
2996,1981,Mastercard,Debit,5898198294277172,2022-08-01,332,YES,2,20962,2009-05-01,2009,No
4,1981,Mastercard,Debit,5433366978583845,2024-03-01,530,YES,2,19439,1997-01-01,2007,No
3257,870,Visa,Debit,4073664438482773,2022-03-01,973,NO,1,30160,2003-06-01,2017,No
3626,870,Amex,Credit,349088998842560,2022-06-01,652,YES,2,0,2018-06-01,2018,No
1039,870,Visa,Debit,4701143570043786,2012-11-01,807,NO,1,28937,2004-02-01,2008,No
2080,16,Mastercard,Debit (Prepaid),5151149006132572,2020-05-01,636,NO,2,22,2005-03-01,2011,No
49,16,Mastercard,Debit,5289860104321083,2015-08-01,59,YES,2,1575,2004-01-01,2005,No
4964,16,Mastercard,Debit,5496658602251095,2020-12-01,962,YES,2,7562,2002-10-01,2011,No
4093,16,Mastercard,Debit,5571413073625472,2024-05-01,741,YES,2,17211,1999-08-01,2013,No
2979,16,Visa,Credit,4255418851751854,2010-06-01,361,NO,2,9500,2008-05-01,2010,No
3513,46,Mastercard,Debit,5718393085724653,2022-11-01,117,YES,2,24191,2011-06-01,2011,No
3732,46,Mastercard,Debit (Prepaid),5358119472579247,2023-03-01,129,YES,2,68,2005-07-01,2006,No
2925,46,Mastercard,Debit,5615933957470022,2020-02-01,432,YES,2,8037,2007-05-01,2010,No
1167,46,Mastercard,Debit (Prepaid),5310685272979011,2018-02-01,830,YES,2,97,2009-02-01,2015,No
450,800,Mastercard,Debit,5198251438400161,2021-05-01,789,YES,1,15555,2020-01-01,2020,No
2759,800,Mastercard,Debit,5306340091674907,2016-05-01,523,YES,1,18242,2016-04-01,2016,No
1779,800,Visa,Debit (Prepaid),4338828980282998,2021-12-01,148,YES,2,62,2020-02-01,2020,No
754,800,Visa,Debit,4430018858326722,2022-12-01,451,NO,1,16715,2020-01-01,2020,No
1479,1968,Mastercard,Debit (Prepaid),5439358068470043,2020-02-01,309,YES,1,46,2020-02-01,2020,No
1298,697,Mastercard,Debit,5139001522381220,2021-04-01,740,YES,2,20195,2012-02-01,2012,No
3640,697,Mastercard,Debit,5420521698473433,2019-07-01,257,YES,2,39818,2019-06-01,2019,No
3074,697,Visa,Debit,4873407892539448,2018-09-01,423,YES,2,33736,2010-05-01,2010,No
4239,1269,Mastercard,Debit,5205177909482379,2011-11-01,911,YES,2,17850,2008-08-01,2008,No
4147,1269,Amex,Credit,324624221959001,2021-02-01,846,YES,2,11300,2005-08-01,2008,No
3075,1782,Visa,Debit,4853013168432421,2015-09-01,554,NO,2,1981,2010-05-01,2014,No
4289,1782,Mastercard,Debit,5770027992115355,2024-07-01,811,YES,1,15695,2009-08-01,2010,No
2172,1782,Mastercard,Debit,5305462513282842,2014-06-01,605,YES,2,23475,2008-03-01,2011,No
5366,1977,Mastercard,Credit,5656749855983523,2017-06-01,315,YES,1,12900,2001-11-01,2011,No
2673,1977,Mastercard,Debit (Prepaid),5755720451424427,2021-02-01,988,YES,1,91,2011-04-01,2011,No
965,1977,Mastercard,Debit,5833925436440570,2022-10-01,344,YES,2,15341,1999-02-01,2014,No
4763,1734,Mastercard,Debit,5116904368864992,2015-06-01,698,YES,2,42116,2010-09-01,2011,No
451,1734,Mastercard,Debit,5945680972992846,2020-01-01,843,NO,2,39312,2020-01-01,2020,No
3300,1913,Visa,Debit,4082503635321960,2008-04-01,947,NO,2,21370,2005-06-01,2010,No
5226,1913,Amex,Credit,356204311290241,2022-12-01,312,YES,2,16700,2011-10-01,2011,No
5477,1913,Amex,Credit,356951210404599,2024-10-01,952,YES,1,17800,2007-11-01,2011,No
5877,1913,Mastercard,Credit,5697567028506344,2020-11-01,356,YES,2,16200,2007-12-01,2011,No
3084,1913,Amex,Credit,333504501414647,2020-12-01,276,YES,1,17700,2011-05-01,2013,No
13,858,Mastercard,Credit,5106045376475662,2021-03-01,686,YES,1,14600,2000-01-01,2012,No
4735,858,Visa,Credit,4899127312611091,2024-07-01,490,YES,2,10700,2009-09-01,2011,No
2633,858,Mastercard,Debit (Prepaid),5241392304445807,2023-07-01,137,YES,1,89,2010-04-01,2010,No
4173,606,Mastercard,Debit,5691422356177731,2006-09-01,349,YES,3,11398,2006-08-01,2013,No
5925,1564,Mastercard,Credit,5272030426588008,2023-12-01,905,YES,2,8200,2008-12-01,2010,No
4240,1564,Mastercard,Credit,5399201189421219,2021-06-01,479,YES,1,6100,2008-08-01,2008,No
3514,1564,Mastercard,Debit,5158754138100901,2024-07-01,813,YES,1,15820,2011-06-01,2011,No
1480,1109,Mastercard,Debit,5607458054846909,2023-08-01,252,YES,2,9774,2020-02-01,2020,No
3136,1301,Visa,Debit,4199613929770276,2023-09-01,765,YES,1,22833,2013-05-01,2013,No
755,1301,Visa,Debit,4912898188628991,2022-11-01,446,YES,1,48502,2020-01-01,2020,No
2787,1301,Visa,Debit,4729953228374508,2022-07-01,461,YES,2,34888,2019-04-01,2019,No
4435,1301,Visa,Debit,4164595738782783,2019-08-01,90,NO,1,29503,2014-08-01,2014,No
378,1301,Mastercard,Debit,5036328460113700,2021-08-01,627,YES,2,19570,2019-01-01,2019,No
3189,1301,Mastercard,Debit,5975006425756630,2023-12-01,551,YES,1,22297,2017-05-01,2017,No
3595,1301,Visa,Debit,4420959167134444,2023-09-01,75,YES,1,20031,2015-06-01,2015,No
1481,1301,Mastercard,Debit,5016998590035219,2020-02-01,597,YES,2,30323,2020-02-01,2020,No
390,1301,Amex,Credit,308100975355379,2024-04-01,881,YES,1,19000,2020-01-01,2020,No
4065,1399,Mastercard,Debit,5835253444174486,2020-02-01,308,YES,1,18162,2018-07-01,2018,No
756,1399,Visa,Debit (Prepaid),4049734716799356,2020-12-01,662,YES,1,54,2020-01-01,2020,No
1482,1399,Mastercard,Credit,5314005209195975,2022-08-01,991,YES,1,8700,2020-02-01,2020,No
452,1399,Mastercard,Debit,5849554532579598,2021-05-01,767,YES,1,14295,2020-01-01,2020,No
5743,1775,Visa,Debit,4997798155113400,2024-11-01,545,NO,1,17620,2019-11-01,2019,No
344,1775,Mastercard,Debit,5309940542589432,2020-02-01,924,YES,2,17201,2015-01-01,2015,No
423,1775,Discover,Credit,6108413838069051,2021-08-01,894,YES,1,8300,2020-01-01,2020,No
5542,1673,Visa,Debit,4251102360489444,2023-08-01,439,YES,2,17853,2008-11-01,2011,No
2777,1673,Mastercard,Debit,5557372707231204,2024-12-01,434,YES,1,10794,2018-04-01,2018,No
5598,1673,Mastercard,Debit,5865546237246039,2019-12-01,155,YES,1,15832,2010-11-01,2011,No
3759,1957,Mastercard,Debit (Prepaid),5878511318941183,2006-10-01,699,YES,1,26,2006-07-01,2019,No
5483,1957,Mastercard,Credit,5825403139414547,2013-05-01,531,YES,2,16300,2007-11-01,2009,No
453,1033,Mastercard,Debit,5407870927189092,2024-10-01,228,YES,2,14836,2020-01-01,2020,No
454,1033,Mastercard,Debit,5089025651729124,2024-07-01,464,YES,2,13972,2020-01-01,2020,No
3564,1024,Mastercard,Debit,5847313041147612,2024-06-01,574,YES,1,33103,2013-06-01,2013,No
4241,1024,Mastercard,Debit,5454341430423098,2023-09-01,247,YES,1,20847,2008-08-01,2010,No
5268,1024,Mastercard,Debit,5183724144988670,2013-11-01,569,YES,1,31807,2013-10-01,2013,No
1006,1024,Visa,Credit,4903105068681962,2024-03-01,274,YES,1,16100,2002-02-01,2014,No
2825,1441,Mastercard,Debit,5370803294413435,2021-07-01,851,YES,1,28894,2002-05-01,2011,No
1007,1441,Visa,Debit (Prepaid),4129518763612024,2002-03-01,84,YES,1,61,2002-02-01,2009,No
4792,1441,Visa,Credit,4164752448797896,2023-02-01,24,YES,1,12500,2010-09-01,2012,No
2599,1103,Mastercard,Debit,5557896137687493,2023-06-01,598,YES,2,15409,2009-04-01,2010,No
4984,1103,Mastercard,Credit,5675172699563859,2023-08-01,294,YES,1,5300,2003-10-01,2012,No
2895,1103,Mastercard,Debit,5259283165298575,2016-12-01,403,YES,1,13469,2006-05-01,2009,No
455,431,Mastercard,Debit,5155446517379011,2020-05-01,719,YES,1,16524,2020-01-01,2020,No
456,431,Mastercard,Debit,5831064486667385,2020-01-01,570,NO,1,29526,2020-01-01,2020,No
1483,431,Mastercard,Debit,5157956439521808,2023-07-01,657,YES,1,16407,2020-02-01,2020,No
3378,165,Mastercard,Debit (Prepaid),5874195902667119,2023-04-01,206,YES,2,61,2008-06-01,2015,No
5146,165,Mastercard,Debit,5803563077451662,2020-11-01,827,YES,2,40628,2009-10-01,2014,No
2559,165,Mastercard,Debit,5283475217390040,2010-08-01,149,YES,2,24980,2008-04-01,2014,No
1484,353,Mastercard,Debit,5316882967513700,2020-05-01,122,YES,1,10290,2020-02-01,2020,No
5328,353,Mastercard,Debit (Prepaid),5962806753089588,2023-01-01,217,YES,1,84,2018-10-01,2018,No
2154,1758,Visa,Debit,4631099146168683,2018-12-01,597,YES,1,13725,2007-03-01,2014,No
4686,1758,Visa,Debit,4716755530325962,2024-12-01,821,YES,2,8278,2008-09-01,2010,No
3440,1758,Visa,Debit,4053406246662206,2020-09-01,491,YES,2,13514,2009-06-01,2018,No
2674,1758,Mastercard,Credit,5105518827174579,2024-11-01,883,YES,1,3800,2011-04-01,2011,No
2478,1266,Mastercard,Debit,5192370991764802,2024-10-01,603,YES,2,15119,2005-04-01,2011,No
457,1943,Mastercard,Debit (Prepaid),5182568921946800,2021-01-01,310,YES,1,81,2020-01-01,2020,No
458,1943,Mastercard,Debit,5394718113711366,2020-02-01,16,YES,1,34183,2020-01-01,2020,No
757,1943,Visa,Credit,4864430404023760,2022-07-01,534,YES,1,22200,2020-01-01,2020,No
1485,792,Mastercard,Debit,5124153601404702,2022-02-01,6,YES,1,15117,2020-02-01,2020,No
3491,792,Visa,Debit (Prepaid),4073696489940421,2020-04-01,274,YES,2,81,2010-06-01,2010,No
3249,1055,Mastercard,Debit,5476802835185783,2023-05-01,744,YES,2,1543,2003-06-01,2009,No
459,1159,Mastercard,Debit,5753359093924163,2024-09-01,795,YES,1,22821,2020-01-01,2020,No
1780,1159,Visa,Credit,4201957315957623,2023-01-01,619,YES,1,13200,2020-02-01,2020,No
460,1159,Mastercard,Debit,5786593463189278,2024-08-01,58,YES,1,16330,2020-01-01,2020,No
758,1159,Visa,Debit (Prepaid),4091173399720381,2020-01-01,916,NO,2,39,2020-01-01,2020,No
5484,1115,Mastercard,Credit,5345794459975216,2007-11-01,412,YES,2,6400,2007-11-01,2011,No
2809,1115,Visa,Credit,4897384992083944,2000-05-01,382,YES,1,3500,2000-05-01,2007,No
6138,1115,Visa,Debit,4171955938083789,2023-04-01,251,YES,1,12606,2018-12-01,2018,No
374,1115,Visa,Debit,4906405312400640,2023-02-01,579,YES,1,9921,2018-01-01,2018,No
4225,1115,Visa,Debit (Prepaid),4176098872817204,2022-05-01,661,YES,2,96,2007-08-01,2009,No
1014,1115,Mastercard,Debit,5412244076346677,2024-12-01,594,YES,1,18964,2003-02-01,2009,No
2526,38,Mastercard,Debit,5297260201877616,2024-01-01,580,YES,2,3711,2007-04-01,2013,No
1352,1027,Mastercard,Debit,5735792874705665,2023-03-01,748,NO,1,35279,2015-02-01,2015,No
5543,1027,Visa,Credit,4863498051032543,2020-07-01,593,YES,2,13800,2008-11-01,2015,No
3671,1027,Mastercard,Debit,5489970186857774,2022-02-01,7,YES,2,24215,2002-07-01,2007,No
5503,11,Visa,Credit,4508109473981620,2024-09-01,763,YES,1,19400,2007-11-01,2010,No
2096,11,Visa,Debit (Prepaid),4800041020887836,2020-06-01,59,YES,2,30,2005-03-01,2014,No
243,11,Visa,Debit,4144574679317199,2024-03-01,543,YES,2,17208,2010-01-01,2016,No
18,11,Mastercard,Credit,5919854740342964,2004-11-01,604,YES,2,18300,2001-01-01,2011,No
1336,11,Mastercard,Debit,5208447578218097,2021-09-01,126,YES,1,51012,2014-02-01,2014,No
189,11,Amex,Credit,320735955126194,2019-02-01,686,YES,1,15000,2009-01-01,2011,No
2910,871,Visa,Credit,4325807240930443,2018-04-01,642,YES,1,7600,2006-05-01,2009,No
2081,871,Mastercard,Debit,5672870607977288,2023-11-01,952,YES,2,8052,2005-03-01,2012,No
2082,871,Mastercard,Credit,5025018096886549,2024-07-01,783,YES,1,8600,2005-03-01,2007,No
5336,871,Mastercard,Debit,5125159184089047,2020-08-01,945,YES,2,20128,2019-10-01,2019,No
3831,871,Amex,Credit,339948848081416,2023-03-01,643,YES,1,9000,2008-07-01,2013,No
5645,871,Mastercard,Debit (Prepaid),5967922448022597,2020-10-01,849,YES,2,91,2011-11-01,2012,No
958,746,Amex,Credit,313387157322526,2024-12-01,961,YES,1,6800,1996-02-01,2009,No
3043,746,Mastercard,Debit (Prepaid),5287305063365339,2011-07-01,597,YES,1,93,2010-05-01,2010,No
2319,746,Visa,Credit,4511050153177271,2016-01-01,263,YES,2,9800,2013-03-01,2013,No
3492,746,Visa,Credit,4795565502176661,2021-01-01,731,YES,2,6700,2010-06-01,2011,No
108,1520,Visa,Credit,4515587053760939,2023-05-01,983,YES,1,9800,2006-01-01,2015,No
3329,1520,Visa,Debit,4185031026466058,2018-01-01,48,YES,2,24544,2006-06-01,2013,No
2956,1520,Mastercard,Debit,5835884730427367,2023-05-01,642,YES,1,22639,2008-05-01,2010,No
4033,1520,Discover,Credit,6113979959799077,2023-11-01,899,YES,1,1100,2015-07-01,2015,No
2715,1520,Mastercard,Debit (Prepaid),5139150904667380,2016-05-01,509,YES,1,86,2013-04-01,2013,No
2655,1372,Visa,Debit,4574373333053393,2020-08-01,742,YES,2,2330,2010-04-01,2011,No
1781,1372,Visa,Credit,4806267788873524,2020-08-01,289,YES,2,5900,2020-02-01,2020,No
5909,1799,Visa,Debit,4461391532392446,2020-02-01,981,YES,2,47372,2007-12-01,2008,No
3076,1799,Visa,Debit,4260012890373386,2022-07-01,447,NO,2,28127,2010-05-01,2010,No
4595,1799,Mastercard,Debit (Prepaid),5834771837829829,2010-03-01,553,YES,1,28,2006-09-01,2006,No
1782,1799,Visa,Debit,4955481558570019,2024-03-01,397,YES,2,62081,2020-02-01,2020,No
4806,1905,Amex,Credit,303639878430454,2022-11-01,807,YES,1,5800,2011-09-01,2011,No
3902,1905,Visa,Credit,4060113536623876,2016-07-01,408,YES,1,6700,2009-07-01,2009,No
2127,1905,Visa,Credit,4646061658785929,2015-02-01,856,YES,1,6700,2006-03-01,2012,No
5807,1905,Mastercard,Debit,5040622566272530,2022-07-01,87,YES,2,1424,2004-12-01,2012,No
1486,130,Mastercard,Debit (Prepaid),5214812311200288,2024-07-01,453,NO,1,58,2020-02-01,2020,No
3785,130,Visa,Credit,4996236791696784,2009-05-01,700,YES,2,19400,2006-07-01,2008,No
6020,130,Visa,Debit,4634979930026450,2012-05-01,897,YES,2,4052,2010-12-01,2013,No
2468,130,Visa,Credit,4437020876913493,2010-05-01,955,YES,2,9300,2004-04-01,2010,No
1783,1990,Visa,Credit,4862011857697370,2022-05-01,405,YES,1,9600,2020-02-01,2020,No
1487,1990,Mastercard,Debit,5702517198112781,2020-02-01,24,YES,1,16923,2020-02-01,2020,No
461,593,Mastercard,Credit,5659013286075924,2020-02-01,777,YES,1,7700,2020-01-01,2020,No
1488,540,Mastercard,Debit,5128972927503172,2022-07-01,466,YES,2,146,2020-02-01,2020,No
2997,1155,Mastercard,Debit,5677245240966697,2023-03-01,293,NO,1,12091,2009-05-01,2009,No
4596,1155,Mastercard,Debit,5854333169733349,2006-11-01,280,YES,2,11157,2006-09-01,2011,No
5784,1155,Visa,Credit,4986381278679951,2010-07-01,21,YES,2,7100,2002-12-01,2012,No
4319,1155,Mastercard,Debit,5718135133841307,2012-01-01,915,YES,1,7612,2010-08-01,2011,No
1328,1155,Visa,Credit,4973662128767227,2021-12-01,9,YES,2,6100,2013-02-01,2013,No
5941,663,Visa,Debit,4724986483917889,2023-07-01,384,YES,2,27706,2008-12-01,2008,No
2173,663,Mastercard,Debit (Prepaid),5651451840802358,2009-04-01,851,NO,2,45,2008-03-01,2009,No
975,663,Mastercard,Debit,5560330928676135,2021-05-01,732,NO,2,2046,2000-02-01,2008,No
4831,663,Mastercard,Credit,5078189663550754,2024-10-01,929,YES,1,17400,2012-09-01,2012,No
5926,663,Mastercard,Debit,5243545849930026,2020-05-01,648,YES,1,26231,2008-12-01,2008,No
3358,1987,Visa,Credit,4325487328684543,2009-02-01,692,YES,2,18300,2007-06-01,2010,No
3668,1987,Visa,Credit,4759642688252595,2016-05-01,644,YES,2,13900,2001-07-01,2014,No
3209,1484,Mastercard,Credit,5060071689988757,2022-08-01,113,YES,2,17200,1999-06-01,2013,No
5058,1484,Visa,Debit,4248867812400739,2023-06-01,619,YES,2,14217,2006-10-01,2012,No
2527,1484,Mastercard,Debit,5093901939500036,2024-03-01,472,YES,2,39533,2007-04-01,2016,No
4242,1484,Mastercard,Debit,5223300442168271,2023-04-01,262,YES,2,3141,2008-08-01,2013,No
2733,1484,Visa,Credit,4941415000431974,2022-11-01,50,YES,2,12800,2014-04-01,2014,No
4764,1484,Mastercard,Debit,5431173218728279,2020-01-01,187,NO,1,38342,2010-09-01,2010,No
462,417,Mastercard,Credit,5229402459571307,2020-01-01,704,YES,1,3000,2020-01-01,2020,No
1784,298,Visa,Debit,4858818886878485,2020-12-01,125,NO,1,16486,2020-02-01,2020,No
463,306,Mastercard,Debit,5540073375174446,2024-05-01,684,YES,2,28868,2020-01-01,2020,No
464,306,Mastercard,Debit,5289314952826819,2021-02-01,998,YES,1,51836,2020-01-01,2020,No
1785,607,Visa,Credit,4588933671536303,2021-09-01,748,YES,2,8900,2020-02-01,2020,No
1489,607,Mastercard,Credit,5674179618380471,2020-02-01,303,YES,1,9900,2020-02-01,2020,No
759,607,Visa,Debit,4913369105929873,2020-02-01,711,YES,1,22935,2020-01-01,2020,No
1786,607,Visa,Credit,4729324689482423,2023-10-01,582,YES,2,7900,2020-02-01,2020,No
6100,607,Mastercard,Debit,5076843052683212,2020-02-01,969,YES,1,17336,2014-12-01,2014,No
3981,1769,Visa,Debit,4130633556245301,2021-03-01,268,YES,2,20206,2011-07-01,2011,No
375,1769,Visa,Credit,4214195908881404,2023-10-01,598,YES,2,9900,2018-01-01,2018,No
295,1769,Mastercard,Debit (Prepaid),5928394327706854,2021-11-01,853,NO,1,78,2012-01-01,2012,No
5599,1769,Mastercard,Debit,5538135650340797,2023-05-01,623,YES,1,17335,2010-11-01,2010,No
43,1769,Visa,Credit,4088292829841504,2024-06-01,140,YES,1,9700,2003-01-01,2020,No
5820,698,Visa,Debit,4859980421504976,2021-06-01,971,NO,2,25048,2004-12-01,2010,No
2332,698,Visa,Debit,4401743622113558,2014-12-01,322,YES,1,25214,2014-03-01,2014,No
1490,698,Mastercard,Debit,5568521915813745,2023-04-01,226,YES,1,33580,2020-02-01,2020,No
2286,896,Visa,Debit,4851242738517632,2013-04-01,684,NO,2,1952,2011-03-01,2011,No
3882,1975,Mastercard,Debit,5059388151009778,2023-05-01,996,YES,1,18491,2009-07-01,2011,No
4336,1975,Visa,Credit,4822550416239709,2013-02-01,509,YES,1,9800,2010-08-01,2014,No
5957,1975,Mastercard,Credit,5320022308833354,2021-12-01,92,YES,1,0,2009-12-01,2010,No
267,645,Mastercard,Debit,5097891088528736,2023-09-01,447,YES,1,5857,2011-01-01,2012,No
5094,645,Visa,Debit,4459776057093772,2020-06-01,869,YES,2,10366,2007-10-01,2014,No
2469,645,Visa,Debit,4017542226763671,2024-01-01,109,YES,1,10161,2004-04-01,2008,No
68,645,Mastercard,Debit,5148390223991031,2021-04-01,316,YES,2,9297,2005-01-01,2012,No
3703,645,Visa,Debit,4898934131827425,2021-09-01,199,YES,1,12434,2003-07-01,2012,No
5600,227,Mastercard,Debit,5943373604505748,2020-04-01,300,YES,2,29973,2010-11-01,2010,No
4886,227,Visa,Debit,4284210826984108,2020-02-01,154,YES,2,25330,2015-09-01,2015,No
2512,227,Visa,Debit,4093850742287208,2020-04-01,286,YES,2,52609,2006-04-01,2010,No
5867,227,Visa,Credit,4329687142518026,2020-10-01,827,YES,1,25200,2006-12-01,2016,No
5750,84,Visa,Debit,4744876175071543,2022-11-01,747,YES,1,11832,1996-12-01,2007,No
2580,84,Visa,Credit,4152829240073093,2016-08-01,446,YES,1,5400,2008-04-01,2013,No
3417,84,Mastercard,Debit,5754695413159461,2024-01-01,939,NO,1,3384,2009-06-01,2009,No
3543,1684,Mastercard,Debit,5287533090911331,2014-04-01,946,YES,1,13756,2012-06-01,2012,No
94,1684,Mastercard,Debit,5761884540845430,2022-06-01,312,YES,1,9263,2006-01-01,2010,No
2723,1684,Mastercard,Debit,5903499521440697,2024-12-01,779,YES,1,16899,2014-04-01,2014,No
3278,1684,Visa,Credit,4814691024249332,2022-01-01,424,YES,1,5700,2004-06-01,2012,No
2140,1684,Mastercard,Debit (Prepaid),5955075527372953,2021-05-01,513,YES,1,46,2007-03-01,2012,No
1491,745,Mastercard,Credit,5953949146709597,2024-01-01,474,YES,2,11400,2020-02-01,2020,No
5646,1508,Mastercard,Debit (Prepaid),5868862947419305,2022-08-01,245,YES,1,95,2011-11-01,2011,No
1108,1508,Mastercard,Credit,5418163465826338,2023-06-01,559,YES,2,10700,2007-02-01,2015,No
3508,1508,Amex,Credit,377302862567108,2024-02-01,524,YES,1,8700,2011-06-01,2011,No
3279,1508,Visa,Debit,4609477454357089,2022-01-01,347,YES,2,12150,2004-06-01,2008,No
3617,1158,Discover,Credit,6617202891382002,2019-03-01,499,YES,1,7800,2017-06-01,2017,No
1329,1158,Visa,Debit,4863697166227070,2013-10-01,748,NO,1,13761,2013-02-01,2013,No
3946,1427,Visa,Debit,4525977155603081,2020-06-01,662,YES,2,45377,2010-07-01,2011,No
465,352,Mastercard,Debit,5168144985829715,2020-01-01,454,YES,1,18091,2020-01-01,2020,No
466,352,Mastercard,Debit,5081154452848669,2022-12-01,211,YES,1,14514,2020-01-01,2020,No
1492,1948,Mastercard,Credit,5540056584502163,2022-03-01,749,YES,1,15900,2020-02-01,2020,No
760,1948,Visa,Credit,4089244507142221,2020-12-01,999,YES,1,13000,2020-01-01,2020,No
761,1948,Visa,Debit,4084435358903514,2021-09-01,778,YES,2,17905,2020-01-01,2020,No
5624,724,Visa,Credit,4015255845214445,2022-07-01,244,YES,2,7000,2010-11-01,2011,No
2656,724,Visa,Credit,4998601196255206,2020-07-01,12,YES,3,7100,2010-04-01,2010,No
2876,724,Mastercard,Debit,5832356224925490,2024-06-01,245,YES,2,16476,2005-05-01,2008,No
5868,724,Visa,Credit,4984837369742443,2009-10-01,257,NO,2,7200,2006-12-01,2011,No
5996,543,Mastercard,Credit,5929898393818083,2017-10-01,671,YES,1,11800,2010-12-01,2011,No
4320,543,Mastercard,Debit,5284022658441928,2018-12-01,405,YES,2,6832,2010-08-01,2015,No
4708,543,Mastercard,Debit,5534901273086337,2023-12-01,387,YES,2,6222,2009-09-01,2009,No
2920,1559,Amex,Credit,369191506516942,2024-03-01,251,YES,1,13300,2007-05-01,2015,No
5797,1559,Visa,Debit,4862436349200537,2023-08-01,49,YES,2,2942,2003-12-01,2014,No
3301,1559,Visa,Debit,4714754243202455,2022-12-01,297,YES,2,33539,2005-06-01,2018,No
1787,1199,Visa,Credit,4495252841912344,2023-04-01,938,YES,2,14000,2020-02-01,2020,No
762,1199,Visa,Debit,4982363893558200,2024-06-01,388,YES,1,20160,2020-01-01,2020,No
467,1745,Mastercard,Debit,5504969419405753,2022-03-01,907,YES,1,35466,2020-01-01,2020,No
1788,1745,Visa,Debit,4420607109678464,2020-02-01,318,YES,2,24677,2020-02-01,2020,No
1789,1745,Visa,Debit,4863290933542106,2020-02-01,80,YES,1,16520,2020-02-01,2020,No
5028,1950,Visa,Debit,4154322307475525,2008-04-01,150,YES,2,6708,2005-10-01,2013,No
328,1950,Mastercard,Credit,5963981612717511,2022-10-01,871,YES,1,1200,2014-01-01,2014,No
4374,1950,Visa,Debit,4155798170380731,2022-06-01,512,YES,1,10903,2011-08-01,2011,No
1312,1950,Mastercard,Debit,5258035150490120,2021-10-01,728,YES,1,6710,2013-02-01,2013,No
5730,1950,Mastercard,Debit,5931155323451029,2024-05-01,580,YES,2,10841,2017-11-01,2017,No
763,1397,Visa,Debit (Prepaid),4356768889068512,2024-11-01,204,YES,1,40,2020-01-01,2020,No
2957,1397,Mastercard,Debit,5728788703554068,2023-05-01,492,YES,2,29340,2008-05-01,2010,No
3627,1397,Amex,Credit,339750311058511,2020-06-01,70,YES,2,13600,2018-06-01,2018,No
3044,1397,Mastercard,Credit,5717397423380285,2022-09-01,862,YES,2,7700,2010-05-01,2010,No
5401,873,Mastercard,Debit,5256835813261969,2021-11-01,934,YES,1,18803,2004-11-01,2008,No
3205,873,Mastercard,Debit,5289111922145094,2022-10-01,314,YES,2,28405,1998-06-01,2008,No
1269,873,Mastercard,Debit,5649539832197637,2011-04-01,892,YES,1,15521,2011-02-01,2011,No
20,1728,Visa,Credit,4665365862082531,2021-06-01,412,YES,1,3800,2001-01-01,2003,No
3493,1728,Visa,Credit,4209145697099683,2022-10-01,498,YES,2,10900,2010-06-01,2013,No
153,1728,Mastercard,Debit,5042804591987313,2023-03-01,431,YES,2,1930,2008-01-01,2015,No
4422,1728,Discover,Credit,6203739864158389,2024-03-01,288,YES,2,13900,2014-08-01,2014,No
223,299,Mastercard,Debit,5541834458092370,2024-03-01,143,YES,1,5575,2010-01-01,2010,No
2756,299,Amex,Credit,339123645701074,2023-05-01,369,NO,2,8300,2016-04-01,2016,No
208,299,Visa,Debit,4282874431983773,2020-05-01,127,YES,1,13009,2009-01-01,2009,No
468,299,Mastercard,Debit,5692291424544263,2024-12-01,696,YES,2,12029,2020-01-01,2020,No
764,299,Visa,Credit,4149119638454529,2022-08-01,294,YES,1,6100,2020-01-01,2020,No
4414,1742,Visa,Debit,4155430243935975,2022-10-01,653,YES,1,24123,2013-08-01,2013,No
1155,1742,Visa,Credit,4768983039467326,2015-03-01,74,YES,1,14700,2008-02-01,2010,No
5869,1742,Visa,Debit (Prepaid),4792307130049695,2020-02-01,221,YES,2,12,2006-12-01,2013,No
4559,1742,Visa,Debit,4365366370182160,2020-07-01,290,YES,1,11737,2004-09-01,2009,No
2005,1004,Visa,Debit,4479806423403350,2024-01-01,246,YES,1,14366,1997-03-01,2008,No
345,1004,Mastercard,Debit,5109749812856637,2015-08-01,246,YES,1,17272,2015-01-01,2015,No
3672,1004,Mastercard,Debit,5898286991473581,2023-11-01,372,YES,2,13605,2002-07-01,2009,No
3742,301,Visa,Credit,4180974548713374,2023-05-01,975,YES,1,21000,2005-07-01,2009,No
1493,1011,Mastercard,Debit,5256742061038585,2024-05-01,930,YES,2,21470,2020-02-01,2020,No
4915,906,Visa,Debit,4301090834057529,2017-12-01,718,YES,1,26850,2017-09-01,2017,No
1190,906,Visa,Credit,4173086816288788,2024-09-01,817,YES,2,10400,2009-02-01,2010,No
5095,906,Visa,Credit,4917647337454706,2008-07-01,328,YES,2,8000,2007-10-01,2011,No
2409,906,Visa,Credit,4457557218642444,2020-01-01,701,YES,2,13000,2000-04-01,2010,No
3760,906,Mastercard,Debit,5561065562359955,2020-03-01,147,YES,1,5840,2006-07-01,2009,No
2174,906,Mastercard,Debit (Prepaid),5459775781589173,2012-02-01,293,YES,2,68,2008-03-01,2012,No
4756,110,Amex,Credit,332229278341275,2022-10-01,702,YES,1,16000,2010-09-01,2016,No
3240,110,Visa,Debit,4359508857343088,2008-03-01,274,NO,1,32223,2002-06-01,2005,No
5189,110,Mastercard,Debit,5386335706439778,2022-01-01,713,YES,2,13323,2010-10-01,2010,No
4103,110,Visa,Debit,4157348591484750,2021-07-01,945,YES,2,576,2001-08-01,2011,No
2547,1073,Visa,Debit,4614417915507952,2024-09-01,808,YES,1,25977,2007-04-01,2009,No
4436,1073,Visa,Debit (Prepaid),4791246805564219,2016-03-01,126,YES,1,84,2014-08-01,2014,No
4597,705,Mastercard,Debit (Prepaid),5619919350397758,2021-10-01,786,YES,2,23,2006-09-01,2010,No
5359,705,Visa,Credit,4560018445952481,2023-09-01,454,NO,2,5200,1999-11-01,2009,No
3311,820,Mastercard,Debit (Prepaid),5416807432483550,2013-08-01,557,YES,2,66,2006-06-01,2010,No
5040,820,Amex,Credit,304316312600931,2024-06-01,649,YES,1,1200,2006-10-01,2009,No
127,820,Mastercard,Debit,5738964942904646,2020-11-01,730,YES,1,20759,2007-01-01,2009,No
3224,820,Mastercard,Credit,5880489541836648,2024-06-01,558,YES,1,15100,2001-06-01,2010,No
469,820,Mastercard,Credit,5634478684634263,2021-10-01,490,YES,1,11100,2020-01-01,2020,No
470,1188,Mastercard,Debit (Prepaid),5570196053274730,2022-05-01,85,YES,2,52,2020-01-01,2020,No
4548,1128,Mastercard,Debit,5493545357380440,2024-08-01,774,YES,2,15110,2004-09-01,2009,No
4765,1128,Mastercard,Credit,5598634791848895,2023-04-01,830,YES,2,10600,2010-09-01,2014,No
4583,1128,Visa,Credit,4923375841500665,2020-01-01,785,YES,2,8600,2005-09-01,2011,No
4316,1128,Amex,Credit,362084701337381,2020-09-01,71,YES,2,8400,2010-08-01,2012,No
3144,1128,Mastercard,Credit,5389873336522258,2022-10-01,754,YES,2,11100,2014-05-01,2014,No
1139,1479,Mastercard,Credit,5676305121855735,2021-11-01,58,YES,1,2800,2008-02-01,2010,No
6128,1594,Visa,Credit,4434801834503292,2019-09-01,633,YES,2,5700,2016-12-01,2016,No
3241,1594,Visa,Debit,4590995550885290,2011-08-01,564,YES,1,12252,2002-06-01,2010,No
3565,1594,Mastercard,Debit,5384502220541945,2023-12-01,809,YES,1,22420,2013-06-01,2013,No
5029,1485,Visa,Debit,4072548875903186,2018-09-01,874,YES,2,3715,2005-10-01,2009,No
4298,1485,Visa,Debit (Prepaid),4158689268615889,2021-06-01,782,YES,1,67,2009-08-01,2011,No
3819,1485,Visa,Debit,4649045635719491,2020-11-01,362,YES,2,26460,2007-07-01,2017,No
4736,1485,Visa,Debit,4998107869531292,2023-11-01,358,YES,1,12783,2009-09-01,2015,No
88,1390,Amex,Credit,343439312469610,2023-03-01,98,YES,2,21400,2006-01-01,2011,No
3359,1390,Visa,Credit,4936982658166186,2021-02-01,521,NO,2,13600,2007-06-01,2007,No
5269,1390,Mastercard,Debit,5984892227411114,2020-03-01,810,NO,1,46201,2013-10-01,2013,No
2657,644,Visa,Credit,4403164286544036,2022-04-01,303,YES,2,7700,2010-04-01,2010,No
5020,1912,Mastercard,Debit,5825169460594164,2010-01-01,127,YES,2,18937,2005-10-01,2010,No
3544,1584,Mastercard,Debit,5824919835337530,2021-10-01,975,YES,1,14539,2012-06-01,2012,No
6038,1584,Mastercard,Debit,5794394537016243,2020-03-01,830,YES,2,21723,2011-12-01,2011,No
1494,1803,Mastercard,Debit,5717616835023183,2023-12-01,840,YES,1,16858,2020-02-01,2020,No
1790,1824,Visa,Debit,4378087486126492,2022-09-01,813,NO,2,22143,2020-02-01,2020,No
1791,1824,Visa,Debit (Prepaid),4100715330943606,2023-03-01,975,YES,2,61,2020-02-01,2020,No
5721,1824,Mastercard,Debit,5353021676816457,2022-04-01,793,YES,1,15683,2016-11-01,2016,No
471,340,Mastercard,Debit (Prepaid),5544687575831334,2020-08-01,626,YES,1,65,2020-01-01,2020,No
4922,650,Mastercard,Debit,5666352544496073,2022-04-01,14,YES,1,12139,2019-09-01,2019,No
3669,650,Visa,Debit,4585463820960900,2021-07-01,441,YES,1,10130,2001-07-01,2011,No
3717,650,Visa,Credit,4452171890920161,2023-08-01,43,YES,1,7300,2004-07-01,2010,No
5580,650,Visa,Debit (Prepaid),4619393222123922,2012-01-01,728,NO,1,57,2009-11-01,2016,No
3494,650,Visa,Credit,4534523963991464,2022-11-01,855,YES,1,3800,2010-06-01,2011,No
3837,650,Mastercard,Debit (Prepaid),5046657636238622,2021-03-01,209,YES,2,121,2008-07-01,2008,No
1080,762,Mastercard,Debit,5899151162296319,2020-11-01,920,YES,1,13569,2006-02-01,2007,No
472,1061,Mastercard,Debit,5178825671566748,2020-02-01,674,YES,1,15358,2020-01-01,2020,No
5356,1931,Mastercard,Debit,5337752472537047,1999-12-01,627,NO,1,9550,1999-11-01,2018,No
3530,1931,Visa,Credit,4333340134035074,2024-03-01,27,YES,1,17300,2011-06-01,2011,No
4199,702,Mastercard,Credit,5981505152751126,2021-02-01,991,YES,2,15000,2007-08-01,2007,No
3863,702,Visa,Debit (Prepaid),4928847177984551,2023-04-01,730,YES,2,106,2008-07-01,2008,No
2258,702,Visa,Credit,4071413558241551,2021-04-01,58,YES,1,20100,2010-03-01,2017,No
4096,702,Visa,Debit (Prepaid),4588839670339566,2022-12-01,44,YES,2,50,2000-08-01,2008,No
2175,918,Mastercard,Debit,5511261715732877,2015-02-01,356,YES,1,10843,2008-03-01,2009,No
2734,918,Visa,Debit,4442346065712693,2023-08-01,225,YES,2,12057,2014-04-01,2014,No
3202,1137,Mastercard,Credit,5018280111106134,2022-03-01,425,YES,2,11100,2019-05-01,2019,No
3718,1137,Visa,Debit,4277949954820732,2012-06-01,902,YES,1,13969,2004-07-01,2008,No
3688,1137,Mastercard,Credit,5327096819732640,2023-04-01,715,YES,1,7600,2003-07-01,2017,No
765,66,Visa,Debit,4453802456299794,2024-10-01,667,YES,1,9578,2020-01-01,2020,No
1792,66,Visa,Debit,4491913667007053,2023-10-01,158,YES,1,16711,2020-02-01,2020,No
6136,66,Mastercard,Debit,5158128139878007,2020-11-01,958,YES,2,15435,2018-12-01,2018,No
391,66,Amex,Credit,306900138857551,2020-06-01,741,YES,1,14300,2020-01-01,2020,No
2743,1406,Mastercard,Debit,5597563473232224,2020-04-01,348,YES,1,9431,2015-04-01,2015,No
3883,1406,Mastercard,Credit,5933548652460822,2022-04-01,92,YES,1,6100,2009-07-01,2012,No
5186,437,Discover,Credit,6661610009330324,2014-09-01,5,YES,1,17400,2010-10-01,2013,No
5454,437,Mastercard,Debit,5073319862133386,2024-01-01,52,YES,1,35500,2006-11-01,2011,No
3271,437,Mastercard,Debit,5745854957552328,2023-08-01,938,YES,2,27687,2004-06-01,2007,No
1495,806,Mastercard,Debit,5741290693284534,2024-01-01,500,NO,2,40073,2020-02-01,2020,No
1496,806,Mastercard,Credit,5007745667422003,2023-08-01,279,YES,2,22000,2020-02-01,2020,No
766,806,Visa,Debit,4338188789911417,2021-03-01,287,NO,2,8509,2020-01-01,2020,No
3566,891,Mastercard,Debit,5128543726124447,2018-12-01,303,YES,1,11037,2013-06-01,2013,No
2141,891,Mastercard,Debit,5713930994921001,2023-10-01,41,YES,1,16986,2007-03-01,2010,No
5096,891,Visa,Credit,4796074118728753,2011-03-01,978,YES,1,8800,2007-10-01,2014,No
4321,891,Mastercard,Debit,5895478812166500,2024-01-01,598,YES,2,8212,2010-08-01,2011,No
4649,891,Visa,Debit,4750471235873274,2023-09-01,924,YES,2,24270,2007-09-01,2008,No
767,1191,Visa,Debit,4052703300349866,2024-01-01,388,YES,2,12586,2020-01-01,2020,No
365,701,Amex,Credit,302701760602871,2019-09-01,163,NO,2,11800,2018-01-01,2018,No
2042,1147,Mastercard,Debit,5065968170690023,2021-10-01,724,NO,2,18050,2003-03-01,2010,No
3924,1147,Discover,Credit,6275110784130495,2022-09-01,286,YES,2,21800,2010-07-01,2011,No
1497,1625,Mastercard,Debit (Prepaid),5168819174478422,2024-04-01,832,YES,1,97,2020-02-01,2020,No
2557,1664,Amex,Credit,318803318319134,2009-05-01,526,YES,2,19600,2008-04-01,2011,No
2273,1664,Discover,Credit,6611325354970095,2019-12-01,708,NO,2,21900,2011-03-01,2011,No
5544,1664,Visa,Credit,4404395202932242,2008-12-01,547,YES,2,21400,2008-11-01,2011,No
5147,1664,Mastercard,Debit,5166389194621461,2024-02-01,231,NO,2,34572,2009-10-01,2015,No
1498,1273,Mastercard,Credit,5450176266666014,2020-08-01,94,YES,2,11700,2020-02-01,2020,No
154,1009,Mastercard,Credit,5166184234444186,2020-02-01,459,YES,1,8500,2008-01-01,2009,No
4709,1009,Mastercard,Debit,5124862044427461,2021-08-01,457,YES,2,19928,2009-09-01,2011,No
5601,1009,Mastercard,Debit,5103189398605024,2023-01-01,278,YES,1,9902,2010-11-01,2012,No
1008,1341,Visa,Credit,4700163491012710,2021-04-01,598,YES,1,11000,2002-02-01,2015,No
4766,1341,Mastercard,Credit,5742718738269550,2023-08-01,363,YES,1,6300,2010-09-01,2010,No
4394,1341,Visa,Debit,4454576588239754,2022-12-01,519,YES,1,22474,2012-08-01,2012,No
4098,1341,Mastercard,Debit,5676742282559057,2024-08-01,195,YES,1,24926,2001-08-01,2011,No
1499,925,Mastercard,Debit (Prepaid),5832570048691477,2020-02-01,589,YES,2,77,2020-02-01,2020,No
768,824,Visa,Credit,4973418783827146,2020-02-01,351,YES,1,9100,2020-01-01,2020,No
5958,824,Mastercard,Debit,5514287546883555,2018-07-01,616,YES,1,10838,2009-12-01,2010,No
473,824,Mastercard,Debit,5393478219521011,2020-07-01,98,YES,1,1940,2020-01-01,2020,No
3838,824,Mastercard,Debit,5538157860540581,2016-06-01,877,YES,2,100,2008-07-01,2008,No
5074,563,Mastercard,Debit,5493054218474584,2021-01-01,938,YES,1,23231,2007-10-01,2011,No
2097,563,Visa,Debit,4483872607052928,2009-03-01,224,YES,2,17323,2005-03-01,2011,No
1060,563,Visa,Credit,4539282352879535,2021-07-01,719,YES,2,11800,2005-02-01,2018,No
4054,563,Mastercard,Credit,5261546733039060,2022-06-01,897,YES,2,6100,2017-07-01,2017,No
2760,563,Mastercard,Debit,5607545663588371,2022-06-01,320,YES,1,18241,2016-04-01,2016,No
2864,563,Visa,Debit (Prepaid),4615078938268870,2007-11-01,149,NO,2,100,2004-05-01,2010,No
5485,1612,Mastercard,Credit,5237651154500170,2007-12-01,555,YES,2,12700,2007-11-01,2010,No
2581,1700,Visa,Credit,4012401097853240,2022-03-01,931,YES,3,4600,2008-04-01,2010,No
474,963,Mastercard,Debit,5144733341253778,2023-05-01,686,YES,1,21106,2020-01-01,2020,No
1500,963,Mastercard,Debit,5407128452594549,2020-02-01,444,YES,1,16417,2020-02-01,2020,No
1353,963,Mastercard,Credit,5011729300918944,2020-10-01,29,YES,1,6500,2015-02-01,2015,No
475,904,Mastercard,Credit,5952221076870750,2020-08-01,821,YES,2,5600,2020-01-01,2020,No
2297,1586,Mastercard,Credit,5991530949395987,2015-07-01,711,YES,1,5700,2012-03-01,2012,No
6051,1586,Visa,Credit,4442371694432270,2022-11-01,200,YES,1,11800,2011-12-01,2011,No
1122,1586,Visa,Credit,4635588567901594,2022-05-01,313,YES,2,20700,2007-02-01,2007,No
1365,1586,Mastercard,Debit,5891506977538040,2021-02-01,906,YES,2,17587,2016-02-01,2016,No
5168,1286,Visa,Debit,4820798124390414,2021-01-01,40,YES,2,24651,2009-10-01,2015,No
5798,1286,Visa,Debit,4855497833896747,2020-02-01,610,YES,2,27727,2003-12-01,2009,No
5518,719,Mastercard,Debit,5866359917107313,2023-12-01,102,YES,1,21727,2008-11-01,2008,No
6021,719,Visa,Credit,4682446350562811,2023-08-01,554,YES,1,13900,2010-12-01,2010,No
4075,719,Mastercard,Credit,5206052634840458,2022-05-01,923,YES,2,10300,2019-07-01,2019,No
769,1469,Visa,Debit (Prepaid),4208596410593807,2024-11-01,957,YES,1,16,2020-01-01,2020,No
770,930,Visa,Debit,4447933834459564,2024-04-01,90,YES,1,9146,2020-01-01,2020,No
1501,930,Mastercard,Credit,5140347165185819,2020-02-01,633,YES,2,5000,2020-02-01,2020,No
2761,1814,Mastercard,Debit,5333200083950497,2016-07-01,47,YES,1,17895,2016-04-01,2016,No
4375,1814,Visa,Debit (Prepaid),4790335686286667,2022-01-01,921,YES,1,59,2011-08-01,2011,No
1040,1814,Visa,Credit,4205377401404982,2022-07-01,905,YES,1,11800,2004-02-01,2013,No
2298,1723,Mastercard,Debit (Prepaid),5000674775470352,2016-10-01,358,YES,2,74,2012-03-01,2012,No
4099,1723,Mastercard,Debit,5261707910736288,2020-05-01,104,YES,1,13168,2001-08-01,2007,No
2479,1723,Mastercard,Debit,5197717468385411,2006-07-01,928,YES,1,12431,2005-04-01,2007,No
1502,1377,Mastercard,Debit,5367393978634449,2020-02-01,488,YES,2,21478,2020-02-01,2020,No
4598,1377,Mastercard,Debit,5132040468161147,2022-06-01,792,YES,2,4583,2006-09-01,2015,No
1793,1377,Visa,Debit (Prepaid),4389249731393098,2020-02-01,950,YES,1,11,2020-02-01,2020,No
5097,470,Visa,Credit,4050701553546410,2020-07-01,644,YES,1,5800,2007-10-01,2013,No
2896,470,Mastercard,Debit,5569531561859094,2013-01-01,29,YES,2,2704,2006-05-01,2013,No
3733,470,Mastercard,Debit,5926369913315413,2021-04-01,982,NO,1,7581,2005-07-01,2014,No
1794,1804,Visa,Credit,4333566542239051,2020-02-01,211,NO,1,10200,2020-02-01,2020,No
476,1804,Mastercard,Debit,5979460179212685,2022-10-01,565,YES,1,9984,2020-01-01,2020,No
1795,1804,Visa,Debit,4970053603571619,2022-04-01,864,YES,2,2174,2020-02-01,2020,No
771,1804,Visa,Credit,4101014748476784,2023-03-01,701,YES,2,200,2020-01-01,2020,No
1503,229,Mastercard,Credit,5613179179990520,2021-04-01,874,YES,2,7900,2020-02-01,2020,No
2683,229,Visa,Debit,4909457460257161,2020-03-01,892,NO,1,20827,2011-04-01,2011,No
1504,229,Mastercard,Debit (Prepaid),5458802986531944,2020-02-01,895,NO,1,74,2020-02-01,2020,No
1796,229,Visa,Debit,4492510144355977,2020-02-01,858,YES,1,52585,2020-02-01,2020,No
5942,229,Visa,Credit,4704292963714441,2023-06-01,871,NO,1,16700,2008-12-01,2009,No
4139,1512,Visa,Debit,4194162404761832,2023-12-01,523,YES,2,32030,2004-08-01,2009,No
4923,1512,Mastercard,Debit (Prepaid),5040698021601971,2020-11-01,796,YES,2,64,2019-09-01,2019,No
95,1512,Mastercard,Debit (Prepaid),5314994607311012,2014-06-01,406,YES,1,78,2006-01-01,2011,No
2582,1512,Visa,Credit,4865864021142944,2022-11-01,615,YES,1,18500,2008-04-01,2012,No
5049,1512,Mastercard,Debit,5008189212339000,2019-09-01,644,YES,2,26357,2006-10-01,2013,No
5190,1512,Mastercard,Debit,5568328410834839,2020-12-01,811,YES,1,28864,2010-10-01,2013,No
976,1512,Mastercard,Debit,5948987936502889,2020-07-01,368,NO,2,19651,2000-02-01,2013,No
3689,1512,Mastercard,Debit,5402510129676487,2021-10-01,514,NO,2,52179,2003-07-01,2010,No
4425,1543,Mastercard,Debit,5125741393893480,2022-08-01,13,YES,2,47709,2014-08-01,2014,No
4687,1543,Visa,Debit,4134342241718161,2016-03-01,354,YES,2,54128,2008-09-01,2011,No
4473,1543,Visa,Debit,4559874462694124,2024-08-01,810,YES,2,39389,2018-08-01,2018,No
3864,1543,Visa,Credit,4900671019998767,2020-02-01,304,YES,1,29800,2008-07-01,2011,No
424,147,Discover,Credit,6837183865208677,2020-01-01,482,YES,1,19100,2020-01-01,2020,No
3013,147,Visa,Debit,4633730568874380,2009-07-01,565,NO,2,2819,2009-05-01,2009,No
772,147,Visa,Credit,4341971374222434,2020-01-01,255,YES,1,12100,2020-01-01,2020,No
2634,147,Mastercard,Credit,5890900416850846,2021-08-01,152,YES,1,18000,2010-04-01,2010,No
1109,1941,Mastercard,Credit,5931316682508140,2019-11-01,164,YES,2,8700,2007-02-01,2007,No
2940,1941,Visa,Debit (Prepaid),4704135426810723,2020-02-01,251,YES,2,30,2007-05-01,2008,No
2030,1941,Mastercard,Debit,5183385831950704,2013-08-01,886,YES,2,22248,2002-03-01,2015,No
2031,901,Mastercard,Debit (Prepaid),5050054589241384,2007-09-01,783,YES,1,69,2002-03-01,2012,No
3729,901,Discover,Credit,6630783814792741,2024-08-01,24,YES,1,9600,2005-07-01,2012,No
4152,901,Mastercard,Debit,5956465531203720,2022-02-01,270,YES,2,4319,2005-08-01,2011,No
773,191,Visa,Debit,4563795747354617,2020-01-01,922,YES,1,24079,2020-01-01,2020,No
477,12,Mastercard,Debit,5108476679203457,2020-02-01,101,YES,2,10058,2020-01-01,2020,No
2782,1828,Visa,Debit,4054167228117852,2023-07-01,695,YES,2,974,2018-04-01,2018,No
3090,1828,Mastercard,Debit,5513112349725580,2020-07-01,255,YES,2,1212,2011-05-01,2011,No
2783,29,Visa,Credit,4794836039067049,2021-02-01,764,YES,1,2700,2018-04-01,2018,No
3045,29,Mastercard,Debit,5345212200076229,2022-08-01,387,YES,1,16113,2010-05-01,2010,No
4477,181,Amex,Credit,383087654646315,2019-12-01,884,YES,2,13700,2019-08-01,2019,No
1061,995,Visa,Debit,4754798174315610,2024-03-01,932,NO,2,19097,2005-02-01,2010,No
1505,1218,Mastercard,Debit,5358649877200807,2020-02-01,384,YES,1,12874,2020-02-01,2020,No
3302,186,Visa,Credit,4219906676806338,2015-09-01,998,YES,2,8900,2005-06-01,2011,No
4490,171,Mastercard,Debit (Prepaid),5648056200144957,2024-12-01,793,YES,2,46,1996-09-01,2007,No
3704,171,Visa,Debit,4992498548379230,2015-10-01,867,YES,2,13116,2003-07-01,2012,No
1239,171,Visa,Debit,4548390986370918,2021-10-01,555,YES,2,21022,2010-02-01,2011,No
774,1401,Visa,Credit,4495570113367071,2021-01-01,844,NO,1,13200,2020-01-01,2020,No
1506,1401,Mastercard,Debit,5949620157170510,2020-02-01,513,YES,1,12569,2020-02-01,2020,No
2911,1314,Visa,Credit,4459121196885642,2010-08-01,455,YES,2,10100,2006-05-01,2010,No
1081,1314,Mastercard,Debit,5287025690873732,2012-09-01,649,YES,2,15714,2006-02-01,2006,No
2359,1314,Visa,Credit,4333294773814550,2017-08-01,973,YES,1,15000,2016-03-01,2016,No
1140,1314,Mastercard,Debit,5283924863850626,2022-03-01,447,NO,2,14664,2008-02-01,2010,No
3162,1314,Mastercard,Debit,5946312773938308,2015-10-01,291,YES,1,12605,2015-05-01,2015,No
5455,1560,Mastercard,Credit,5544000819929578,2023-10-01,107,YES,2,500,2006-11-01,2011,No
2767,1560,Mastercard,Debit,5489055781970216,2021-06-01,833,YES,1,15492,2017-04-01,2017,No
2528,1560,Mastercard,Credit,5228090830138310,2020-11-01,545,YES,2,12800,2007-04-01,2010,No
1507,1560,Mastercard,Credit,5308155941746073,2023-02-01,627,YES,2,3300,2020-02-01,2020,No
5769,1560,Discover,Credit,6426640903869188,2020-08-01,662,YES,1,15500,2001-12-01,2008,No
2501,1560,Amex,Credit,363302965648730,2022-06-01,838,YES,2,4100,2006-04-01,2010,No
2635,613,Mastercard,Debit,5946607095736678,2020-02-01,861,YES,2,18764,2010-04-01,2014,No
775,613,Visa,Debit,4168053621668614,2022-07-01,790,YES,2,33302,2020-01-01,2020,No
3799,613,Amex,Credit,312433752932924,2024-07-01,697,YES,1,12600,2007-07-01,2011,No
1191,613,Visa,Debit,4102523265404423,2023-07-01,669,YES,1,28320,2009-02-01,2009,No
2176,346,Mastercard,Debit,5594299457198901,2023-10-01,782,YES,2,2883,2008-03-01,2015,No
2440,346,Mastercard,Debit,5100015130200657,2023-05-01,189,YES,2,28886,2003-04-01,2011,No
192,346,Discover,Credit,6690095408585366,2022-11-01,162,YES,1,14400,2009-01-01,2009,No
3379,346,Mastercard,Debit (Prepaid),5511433440463506,2023-12-01,463,NO,2,86,2008-06-01,2010,No
5927,346,Mastercard,Credit,5117389461118602,2024-02-01,711,NO,1,11800,2008-12-01,2008,No
4115,346,Mastercard,Credit,5279878979919017,2021-02-01,249,YES,2,18900,2003-08-01,2007,No
2778,346,Mastercard,Debit,5447315840545678,2020-06-01,843,YES,1,37318,2018-04-01,2018,No
5256,812,Discover,Credit,6107025095995916,2020-01-01,870,YES,1,2400,2012-10-01,2012,No
4862,13,Visa,Credit,4846797588329543,2019-05-01,143,NO,2,3500,2013-09-01,2013,No
2109,13,Mastercard,Credit,5506489220180458,2022-12-01,413,YES,1,10400,2006-03-01,2015,No
2941,13,Visa,Debit,4066959047815431,2020-08-01,283,YES,1,10629,2007-05-01,2008,No
4270,13,Visa,Debit (Prepaid),4191204010061938,2023-11-01,495,YES,2,64,2008-08-01,2012,No
4165,602,Visa,Debit,4789489264488970,2024-07-01,994,YES,1,13361,2005-08-01,2010,No
6084,602,Mastercard,Debit,5931695374662431,2021-05-01,894,YES,1,24739,2013-12-01,2013,No
5979,602,Visa,Debit,4355941830927575,2022-08-01,502,YES,2,12978,2009-12-01,2009,No
3982,602,Visa,Credit,4509798381757686,2021-11-01,529,YES,1,9500,2011-07-01,2016,No
346,657,Mastercard,Debit,5507324126094429,2021-02-01,373,YES,1,15331,2015-01-01,2015,No
2420,657,Visa,Debit,4368582518967057,2010-10-01,578,YES,1,16725,2001-04-01,2008,No
4013,657,Visa,Debit,4634300017755186,2014-04-01,37,YES,1,22861,2013-07-01,2013,No
4662,657,Mastercard,Debit,5220530694931902,2024-05-01,201,YES,1,24186,2008-09-01,2008,No
155,909,Mastercard,Debit (Prepaid),5237569453908018,2024-03-01,599,YES,2,21,2008-01-01,2013,No
3719,909,Visa,Debit,4275115874708969,2023-09-01,740,YES,2,32075,2004-07-01,2010,No
4663,909,Mastercard,Debit,5275728896235468,2020-05-01,479,YES,2,3934,2008-09-01,2015,No
5232,909,Mastercard,Debit,5829712075231650,2022-06-01,538,YES,1,5204,2011-10-01,2013,No
2583,909,Visa,Debit,4276711504175400,2023-04-01,793,YES,2,11239,2008-04-01,2010,No
1508,183,Mastercard,Credit,5445140227910187,2020-02-01,611,YES,1,11200,2020-02-01,2020,No
1797,183,Visa,Debit,4215026986628626,2022-06-01,544,YES,2,10430,2020-02-01,2020,No
1798,183,Visa,Credit,4194820728333907,2021-12-01,521,YES,1,9400,2020-02-01,2020,No
478,1792,Mastercard,Debit,5988371080858837,2022-01-01,648,NO,2,18296,2020-01-01,2020,No
1440,1792,Discover,Credit,6347540441639617,2024-03-01,277,YES,2,4300,2020-02-01,2020,No
5744,1599,Visa,Credit,4215168783347299,2022-02-01,152,YES,2,7500,2019-11-01,2019,No
776,1599,Visa,Debit,4435064478746639,2021-09-01,229,YES,1,22811,2020-01-01,2020,No
777,1599,Visa,Debit,4150139913418045,2022-05-01,502,YES,1,9865,2020-01-01,2020,No
44,1267,Visa,Debit,4194403279790054,2024-08-01,282,YES,2,27584,2003-01-01,2008,No
4299,1267,Visa,Debit (Prepaid),4368130002871913,2024-02-01,624,YES,1,50,2009-08-01,2009,No
3926,1267,Mastercard,Debit,5781287562576118,2011-10-01,834,YES,2,23152,2010-07-01,2010,No
3802,1267,Mastercard,Debit,5835780437577400,2022-01-01,844,YES,2,11108,2007-07-01,2015,No
1509,411,Mastercard,Debit,5350446523909333,2023-05-01,611,YES,1,37192,2020-02-01,2020,No
4832,411,Mastercard,Debit (Prepaid),5533776724641365,2017-10-01,834,YES,2,59,2012-09-01,2012,No
5021,350,Mastercard,Debit,5428371634860438,2009-06-01,574,YES,2,24413,2005-10-01,2015,No
3709,350,Mastercard,Debit,5506289501829438,2020-10-01,366,YES,1,27491,2004-07-01,2014,No
2865,350,Visa,Credit,4482149609303331,2023-03-01,969,YES,2,12100,2004-05-01,2010,No
3623,350,Visa,Debit,4879859310850635,2024-03-01,878,YES,2,19256,2017-06-01,2017,No
479,1323,Mastercard,Debit,5054119105173352,2024-07-01,774,YES,1,12053,2020-01-01,2020,No
318,1323,Visa,Credit,4498891346944005,2020-02-01,734,YES,2,8700,2013-01-01,2013,No
3993,1323,Mastercard,Debit,5376527370326171,2023-09-01,565,YES,1,19267,2012-07-01,2012,No
2980,1323,Visa,Debit,4007252024868251,2013-05-01,524,YES,1,14074,2008-05-01,2009,No
1799,934,Visa,Credit,4159426139130545,2020-02-01,640,YES,2,0,2020-02-01,2020,No
1800,934,Visa,Credit,4920574801884077,2021-11-01,378,NO,1,12300,2020-02-01,2020,No
480,934,Mastercard,Debit,5949121295863245,2020-02-01,399,NO,2,2055,2020-01-01,2020,No
4389,421,Mastercard,Debit,5803489621102604,2021-12-01,503,YES,1,33070,2012-08-01,2012,No
6101,421,Mastercard,Debit,5865665247394120,2024-08-01,626,YES,2,16094,2014-12-01,2014,No
5560,421,Mastercard,Debit,5218949137846823,2020-02-01,497,YES,2,19651,2009-11-01,2009,No
1510,421,Mastercard,Debit,5331334705575605,2023-06-01,453,YES,1,23875,2020-02-01,2020,No
2177,421,Mastercard,Credit,5973458794875603,2023-09-01,685,YES,1,10600,2008-03-01,2016,No
4153,421,Mastercard,Debit,5132479425505377,2010-10-01,625,YES,2,26774,2005-08-01,2015,No
5075,421,Mastercard,Debit,5305360695397672,2022-12-01,307,NO,2,7842,2007-10-01,2014,No
4080,223,Visa,Debit (Prepaid),4502772598432893,2024-04-01,928,YES,1,55,2019-07-01,2019,No
2926,223,Mastercard,Credit,5573846518194123,2014-09-01,32,YES,1,12600,2007-05-01,2012,No
2636,223,Mastercard,Debit,5287664021778796,2012-06-01,973,YES,2,16647,2010-04-01,2012,No
5682,223,Amex,Credit,315285408349939,2022-12-01,695,YES,1,8600,2013-11-01,2013,No
268,223,Mastercard,Credit,5682154590913954,2012-11-01,9,YES,3,15900,2011-01-01,2011,No
2167,223,Amex,Credit,300717031458937,2009-09-01,194,YES,1,5800,2008-03-01,2008,No
481,1402,Mastercard,Debit,5573456051575888,2024-09-01,515,YES,2,31845,2020-01-01,2020,No
296,1402,Mastercard,Credit,5190611696772114,2018-10-01,920,YES,2,25300,2012-01-01,2012,No
2299,1402,Mastercard,Debit,5690418496059242,2022-07-01,216,YES,1,35299,2012-03-01,2012,No
482,1650,Mastercard,Debit,5799559141683850,2020-01-01,461,YES,2,7488,2020-01-01,2020,No
483,1650,Mastercard,Credit,5656952388282689,2021-07-01,589,YES,2,10200,2020-01-01,2020,No
1801,1650,Visa,Credit,4794716774405771,2022-09-01,468,NO,2,15300,2020-02-01,2020,No
3657,354,Visa,Debit,4628936693780104,2022-05-01,450,YES,1,23798,2000-07-01,2007,No
1168,354,Mastercard,Debit,5226253469892723,2023-06-01,896,YES,1,20859,2009-02-01,2009,No
2924,354,Discover,Credit,6846703172802187,2007-07-01,994,YES,1,9200,2007-05-01,2014,No
4518,354,Mastercard,Debit,5645109053545738,2024-02-01,508,YES,1,35681,2002-09-01,2014,No
4902,354,Amex,Credit,397099721312783,2023-08-01,647,YES,1,9000,2017-09-01,2017,No
3168,354,Visa,Debit,4298702562718334,2021-01-01,595,YES,1,15206,2015-05-01,2015,No
4907,314,Mastercard,Credit,5408809633056349,2020-10-01,504,YES,2,19800,2017-09-01,2017,No
1511,1457,Mastercard,Credit,5017560063090859,2024-02-01,331,NO,2,5400,2020-02-01,2020,No
1512,1457,Mastercard,Debit,5582785061995756,2022-01-01,82,YES,1,15834,2020-02-01,2020,No
484,1457,Mastercard,Debit,5478474703672399,2020-05-01,881,YES,1,15688,2020-01-01,2020,No
1513,1457,Mastercard,Credit,5159912190298033,2024-09-01,479,YES,1,12200,2020-02-01,2020,No
5519,1613,Mastercard,Credit,5720952964572786,2020-11-01,145,YES,1,12500,2008-11-01,2010,No
4549,1613,Mastercard,Debit,5431233824162772,2022-04-01,976,YES,1,5796,2004-09-01,2011,No
4538,1613,Visa,Debit (Prepaid),4590514334794623,2022-06-01,270,YES,2,109,2003-09-01,2009,No
1802,1613,Visa,Debit,4489235577455870,2020-07-01,557,YES,2,15747,2020-02-01,2020,No
485,945,Mastercard,Credit,5584035369803224,2021-04-01,410,YES,1,11900,2020-01-01,2020,No
1397,945,Amex,Credit,383902088570937,2023-07-01,353,YES,2,12700,2020-02-01,2020,No
3983,586,Visa,Credit,4095430974536550,2021-03-01,614,YES,2,20300,2011-07-01,2011,No
1514,586,Mastercard,Debit (Prepaid),5447113003265844,2021-11-01,762,YES,1,75,2020-02-01,2020,No
1515,586,Mastercard,Debit,5161769445279594,2022-03-01,746,NO,1,15163,2020-02-01,2020,No
3124,586,Visa,Debit,4957920148379718,2022-11-01,577,YES,1,30952,2012-05-01,2012,No
5928,119,Mastercard,Debit,5736601123142270,2022-01-01,145,YES,2,13177,2008-12-01,2014,No
5980,119,Visa,Credit,4282551690422601,2019-03-01,688,YES,1,2500,2009-12-01,2009,No
379,119,Mastercard,Debit,5138208680850055,2020-09-01,400,NO,2,20819,2019-01-01,2019,No
3014,1312,Visa,Debit,4834799974606459,2023-08-01,389,YES,1,10599,2009-05-01,2010,No
1156,1529,Visa,Debit,4294047917295712,2023-05-01,325,YES,2,38171,2008-02-01,2011,No
3927,1529,Mastercard,Debit,5179211547158075,2020-12-01,46,YES,1,61324,2010-07-01,2011,No
4985,1529,Mastercard,Debit,5214969175447515,2016-04-01,439,YES,1,31362,2003-10-01,2010,No
1803,326,Visa,Debit,4356308555060329,2021-12-01,452,YES,2,15569,2020-02-01,2020,No
2326,1596,Mastercard,Debit,5589671096121830,2016-10-01,536,YES,1,16398,2014-03-01,2014,No
21,1596,Visa,Credit,4262822146225767,2012-06-01,826,YES,1,6600,2001-01-01,2010,No
995,1596,Mastercard,Credit,5125930425033874,2022-10-01,60,YES,2,6600,2002-02-01,2007,No
2637,1596,Mastercard,Debit (Prepaid),5871381416815409,2021-07-01,254,YES,1,59,2010-04-01,2010,No
2958,714,Mastercard,Debit (Prepaid),5082951387967574,2022-07-01,776,YES,1,42,2008-05-01,2014,No
2616,714,Visa,Debit (Prepaid),4636082679216722,2022-11-01,931,YES,2,119,2009-04-01,2009,No
3720,887,Visa,Debit,4764601855343044,2006-11-01,823,YES,2,24250,2004-07-01,2010,No
1024,887,Visa,Credit,4116906909940127,2024-04-01,22,YES,1,12400,2003-02-01,2013,No
4875,887,Visa,Credit,4779198537003941,2022-11-01,322,YES,2,6500,2014-09-01,2014,No
5997,887,Mastercard,Credit,5925601743609258,2020-07-01,209,YES,1,13900,2010-12-01,2010,No
4006,1425,Mastercard,Debit (Prepaid),5686159789271662,2015-11-01,950,YES,2,100,2013-07-01,2013,No
1141,1425,Mastercard,Credit,5264643141041082,2022-03-01,743,YES,1,8000,2008-02-01,2010,No
2600,1425,Mastercard,Debit (Prepaid),5241188157660835,2018-11-01,876,YES,2,49,2009-04-01,2009,No
2851,1425,Discover,Credit,6774837644015385,2020-08-01,620,YES,2,2900,2004-05-01,2011,No
3835,1425,Discover,Credit,6898662101270196,2016-01-01,21,YES,1,10400,2008-07-01,2014,No
1015,1425,Mastercard,Debit (Prepaid),5119018228047326,2023-05-01,793,YES,2,37,2003-02-01,2016,No
5929,1425,Mastercard,Debit,5751745002272729,2023-12-01,323,NO,2,13606,2008-12-01,2016,No
5386,1425,Mastercard,Debit,5807898028441894,2024-03-01,591,YES,2,13347,2003-11-01,2007,No
1047,1645,Mastercard,Debit (Prepaid),5888115186452355,2023-12-01,444,NO,1,54,2005-02-01,2007,No
5878,1645,Mastercard,Debit,5115977842680830,2024-11-01,328,NO,2,23402,2007-12-01,2011,No
778,1645,Visa,Debit,4756811014064559,2020-05-01,369,NO,2,30393,2020-01-01,2020,No
2213,1863,Mastercard,Debit,5129325410635439,2022-01-01,128,YES,2,1298,2009-03-01,2012,No
5855,1576,Mastercard,Debit (Prepaid),5253525523982495,2024-11-01,565,YES,1,101,2006-12-01,2010,No
5821,1576,Visa,Debit (Prepaid),4585785809501379,2020-09-01,821,YES,1,70,2004-12-01,2007,No
486,1576,Mastercard,Debit,5408716058769165,2022-07-01,404,YES,3,15163,2020-01-01,2020,No
2480,1576,Mastercard,Debit (Prepaid),5607503519034023,2022-01-01,70,YES,1,107,2005-04-01,2011,No
5169,1576,Visa,Debit,4881313929814344,2009-10-01,863,YES,2,21107,2009-10-01,2009,No
5248,1576,Visa,Debit,4736934707075232,2023-03-01,978,YES,1,15807,2011-10-01,2011,No
380,1576,Mastercard,Debit,5113633089121120,2024-08-01,601,YES,2,18689,2019-01-01,2019,No
2441,1576,Mastercard,Debit,5753824282810836,2018-01-01,985,YES,2,15839,2003-04-01,2010,No
2658,1268,Visa,Credit,4636984888214448,2018-04-01,380,YES,2,5900,2010-04-01,2010,No
4965,1268,Mastercard,Debit,5961047404971216,2022-06-01,89,NO,1,11726,2002-10-01,2011,No
5520,1268,Mastercard,Debit,5437744884030865,2022-02-01,753,YES,1,13537,2008-11-01,2009,No
1804,1268,Visa,Debit,4674089067309589,2022-07-01,713,YES,1,10609,2020-02-01,2020,No
3820,1565,Visa,Credit,4691166269279948,2021-06-01,911,YES,2,2000,2007-07-01,2007,No
3743,1842,Visa,Debit,4090165219603664,2023-07-01,593,YES,2,4817,2005-07-01,2014,No
5426,1842,Mastercard,Credit,5693202604748580,2024-07-01,166,YES,2,1300,2005-11-01,2011,No
1516,664,Mastercard,Debit,5283468482627174,2023-12-01,465,YES,1,1684,2020-02-01,2020,No
1805,664,Visa,Credit,4411219685754975,2024-09-01,926,YES,2,2000,2020-02-01,2020,No
4154,485,Mastercard,Credit,5980816578498370,2022-04-01,655,YES,1,13200,2005-08-01,2009,No
1517,485,Mastercard,Debit,5832889444154326,2021-11-01,820,YES,2,11641,2020-02-01,2020,No
1082,244,Mastercard,Credit,5304372689056153,2024-02-01,871,NO,2,7100,2006-02-01,2011,No
5953,244,Amex,Credit,308555388799852,2009-12-01,606,YES,1,8500,2009-12-01,2012,No
5521,145,Mastercard,Credit,5973231209388276,2021-04-01,257,YES,1,6000,2008-11-01,2013,No
3575,145,Mastercard,Credit,5703815520417524,2020-07-01,263,YES,2,2000,2014-06-01,2014,No
4058,145,Visa,Debit,4446819957867131,2020-06-01,232,YES,2,15240,2017-07-01,2017,No
2110,866,Mastercard,Debit,5036617487964943,2024-11-01,765,YES,2,7272,2006-03-01,2016,No
1806,866,Visa,Debit,4403825163350985,2022-09-01,451,YES,2,9542,2020-02-01,2020,No
3337,866,Amex,Credit,399832211170214,2024-11-01,984,YES,1,4500,2007-06-01,2007,No
4710,1424,Mastercard,Credit,5033949193863455,2021-05-01,76,YES,2,8000,2009-09-01,2011,No
4876,1424,Visa,Debit (Prepaid),4035809761172506,2021-08-01,400,YES,1,84,2014-09-01,2014,No
487,1424,Mastercard,Debit,5004994096233324,2020-03-01,489,NO,1,9957,2020-01-01,2020,No
3046,1424,Mastercard,Credit,5474945486540306,2015-06-01,533,YES,2,8300,2010-05-01,2015,No
5625,427,Visa,Debit,4360960084502821,2010-12-01,641,YES,1,11739,2010-11-01,2011,No
269,427,Mastercard,Debit (Prepaid),5533615337478093,2022-09-01,743,YES,1,79,2011-01-01,2011,No
4819,427,Visa,Debit,4123364464470592,2024-11-01,574,YES,1,11093,2011-09-01,2011,No
5210,684,Visa,Debit,4623790856154791,2022-08-01,42,YES,2,20447,2010-10-01,2016,No
3088,684,Discover,Credit,6219867119924889,2022-11-01,425,YES,2,8800,2011-05-01,2011,No
2768,684,Mastercard,Debit,5762936498559213,2023-04-01,657,YES,1,13946,2017-04-01,2017,No
6022,684,Visa,Debit,4941352079368761,2020-07-01,963,NO,2,25529,2010-12-01,2010,No
4474,684,Visa,Debit (Prepaid),4537642289527032,2022-12-01,450,YES,1,61,2018-08-01,2018,No
4908,684,Mastercard,Debit,5726295152230615,2022-02-01,912,YES,2,17536,2017-09-01,2017,No
334,684,Visa,Debit,4439425587555219,2015-03-01,568,YES,2,20770,2014-01-01,2014,No
488,1643,Mastercard,Debit (Prepaid),5169835962793021,2020-02-01,821,YES,2,22,2020-01-01,2020,No
1337,1300,Mastercard,Debit,5280939323100579,2023-07-01,909,YES,1,10691,2014-02-01,2014,No
2601,1300,Mastercard,Debit (Prepaid),5666642339206521,2010-08-01,996,YES,1,75,2009-04-01,2009,No
156,1300,Mastercard,Credit,5042100576719658,2022-07-01,939,YES,1,4900,2008-01-01,2011,No
5754,1300,Mastercard,Debit,5128552449628284,2020-07-01,95,YES,2,14661,1997-12-01,2009,No
1518,283,Mastercard,Credit,5529511387485539,2020-12-01,568,YES,1,6900,2020-02-01,2020,No
779,283,Visa,Credit,4069972993083771,2022-01-01,328,YES,2,5400,2020-01-01,2020,No
1519,355,Mastercard,Debit,5676668792174428,2024-07-01,869,YES,2,2725,2020-02-01,2020,No
1387,355,Discover,Credit,6525938932537502,2020-02-01,511,YES,2,19600,2019-02-01,2019,No
3303,1669,Visa,Debit,4739603201770871,2023-07-01,48,YES,2,2572,2005-06-01,2010,No
4359,1669,Mastercard,Credit,5445286323617902,2022-12-01,212,YES,2,5000,2011-08-01,2011,No
2456,1669,Discover,Credit,6350687054576802,2013-12-01,840,YES,1,10300,2004-04-01,2012,No
6097,1669,Amex,Credit,368765630381398,2018-06-01,731,YES,2,11400,2014-12-01,2014,No
4664,937,Mastercard,Debit,5569049232811437,2020-02-01,598,YES,2,9230,2008-09-01,2013,No
2055,845,Mastercard,Debit,5032880040092416,2024-06-01,626,YES,1,11203,2004-03-01,2008,No
4599,845,Mastercard,Debit,5634291050750009,2021-02-01,759,YES,2,12369,2006-09-01,2010,No
5943,845,Visa,Credit,4776334530519583,2017-09-01,925,YES,1,7900,2008-12-01,2017,No
2855,845,Mastercard,Debit,5982817665927233,2014-10-01,390,YES,2,20362,2004-05-01,2012,No
4491,845,Mastercard,Debit,5355473722620842,2021-05-01,63,YES,2,13529,1996-09-01,2007,No
1204,1518,Discover,Credit,6183952528759947,2022-12-01,831,YES,2,16800,2010-02-01,2015,No
6083,1518,Discover,Credit,6675475462886914,2022-10-01,64,YES,1,7100,2013-12-01,2013,No
2584,1518,Visa,Credit,4444532245535178,2020-11-01,623,YES,1,9600,2008-04-01,2008,No
2056,1591,Mastercard,Debit (Prepaid),5929148675838815,2021-04-01,955,YES,1,113,2004-03-01,2008,No
489,1591,Mastercard,Debit,5596909204961650,2020-04-01,708,YES,1,16818,2020-01-01,2020,No
2043,1591,Mastercard,Debit,5702444920277810,2021-08-01,137,YES,1,12358,2003-03-01,2003,No
5919,1591,Amex,Credit,313237641072547,2011-10-01,951,YES,2,8100,2008-12-01,2012,No
2847,1591,Visa,Credit,4654712521098398,2020-03-01,269,YES,2,9800,2003-05-01,2008,No
3967,1591,Mastercard,Debit,5362951145456228,2024-12-01,818,YES,2,17332,2011-07-01,2012,No
1520,1172,Mastercard,Credit,5496286717273458,2021-11-01,8,YES,2,6000,2020-02-01,2020,No
4290,1629,Mastercard,Debit,5366247073382596,2021-04-01,515,YES,2,18776,2009-08-01,2012,No
5249,675,Visa,Credit,4786002952683429,2022-03-01,965,YES,1,9300,2011-10-01,2011,No
4454,675,Discover,Credit,6210885893076470,2021-06-01,895,YES,2,8000,2016-08-01,2016,No
4020,675,Mastercard,Debit,5965800518603810,2021-09-01,609,NO,1,11194,2014-07-01,2014,No
5261,675,Visa,Debit,4331686299440629,2023-04-01,525,YES,2,12754,2012-10-01,2012,No
5250,675,Visa,Credit,4765714337874836,2024-08-01,983,YES,1,9700,2011-10-01,2013,No
3116,577,Mastercard,Debit,5591077047400631,2020-09-01,615,YES,1,17936,2012-05-01,2012,No
2627,577,Amex,Credit,313916461304111,2021-01-01,852,YES,1,8500,2010-04-01,2011,No
302,854,Visa,Debit,4120824887309572,2023-06-01,110,YES,1,24826,2012-01-01,2012,No
4121,1261,Visa,Debit,4637531059933425,2020-03-01,640,YES,1,27091,2003-08-01,2018,No
3515,1227,Mastercard,Debit (Prepaid),5072595305260459,2021-01-01,519,YES,1,67,2011-06-01,2011,No
122,1227,Amex,Credit,349565330549626,2020-04-01,178,NO,1,14600,2007-01-01,2007,No
3545,1227,Mastercard,Credit,5923231174018252,2021-11-01,392,YES,2,13500,2012-06-01,2012,No
2310,1227,Mastercard,Debit,5851845913045150,2023-09-01,71,YES,1,27132,2013-03-01,2013,No
5602,840,Mastercard,Debit,5023863713584517,2024-12-01,457,YES,2,10400,2010-11-01,2013,No
2083,840,Mastercard,Debit,5664895156333060,2020-07-01,500,YES,1,43169,2005-03-01,2012,No
37,840,Mastercard,Debit,5486901761554156,2023-10-01,258,YES,2,5269,2003-01-01,2016,No
2416,840,Mastercard,Debit,5820221852405545,2024-12-01,380,YES,2,48370,2001-04-01,2011,No
3633,840,Visa,Credit,4115686759373550,2019-11-01,996,YES,2,17100,2018-06-01,2018,No
4992,840,Visa,Debit (Prepaid),4876555170855808,2024-04-01,661,YES,1,65,2003-10-01,2009,No
3091,733,Mastercard,Debit,5904146428140246,2020-12-01,277,YES,2,2656,2011-05-01,2015,No
2529,733,Mastercard,Credit,5770203026188611,2024-10-01,676,YES,2,7800,2007-04-01,2011,No
3707,733,Discover,Credit,6689214851949611,2020-03-01,740,YES,1,13400,2004-07-01,2005,No
1048,733,Mastercard,Debit,5911600183016111,2023-08-01,315,NO,1,16726,2005-02-01,2020,No
2098,454,Visa,Debit,4750958043493039,2024-12-01,269,YES,1,30162,2005-03-01,2010,No
4767,454,Mastercard,Debit,5776356381459188,2010-10-01,394,YES,1,19970,2010-09-01,2010,No
5735,454,Mastercard,Debit,5723126586825335,2024-05-01,268,YES,1,31199,2018-11-01,2018,No
5456,454,Mastercard,Debit,5916860407845357,2024-10-01,827,YES,2,14983,2006-11-01,2010,No
5287,454,Mastercard,Debit,5826782239602490,2014-10-01,629,YES,2,18491,2014-10-01,2014,No
2201,961,Visa,Debit,4575519144263671,2021-08-01,618,YES,2,23094,2008-03-01,2011,No
4584,961,Visa,Credit,4587193711138824,2022-10-01,166,YES,1,18300,2005-09-01,2005,No
1389,961,Mastercard,Debit,5672981759485196,2024-02-01,676,YES,1,31907,2019-02-01,2019,No
2202,961,Visa,Debit,4306238627611074,2020-10-01,588,YES,2,32761,2008-03-01,2008,No
4665,768,Mastercard,Debit,5359168203636426,2024-04-01,84,YES,1,11105,2008-09-01,2009,No
490,817,Mastercard,Debit,5778485837801732,2021-08-01,852,YES,2,32267,2020-01-01,2020,No
491,817,Mastercard,Debit,5517971919199348,2021-09-01,792,YES,1,30670,2020-01-01,2020,No
5910,78,Visa,Debit (Prepaid),4749352761473241,2017-01-01,556,YES,2,83,2007-12-01,2007,No
1157,1334,Visa,Debit,4509551449788694,2020-07-01,152,YES,1,13821,2008-02-01,2009,No
2866,1334,Visa,Credit,4723027876552516,2021-05-01,423,YES,1,14400,2004-05-01,2010,No
3761,1334,Mastercard,Credit,5700626457783201,2010-10-01,713,YES,1,13300,2006-07-01,2007,No
209,1334,Visa,Credit,4144931322114018,2014-08-01,312,NO,1,9300,2009-01-01,2009,No
3968,1610,Mastercard,Debit,5678294553512479,2022-08-01,15,YES,1,8580,2011-07-01,2011,No
5879,1610,Mastercard,Credit,5771046456944706,2023-10-01,53,YES,2,6600,2007-12-01,2008,No
2585,108,Visa,Debit,4466627264365741,2014-06-01,238,YES,1,12783,2008-04-01,2010,No
1299,108,Mastercard,Debit,5085144478543466,2021-05-01,100,YES,2,14321,2012-02-01,2012,No
4070,108,Visa,Debit,4814031516576169,2020-12-01,804,YES,2,14488,2018-07-01,2018,No
780,108,Visa,Debit,4031726246937832,2020-01-01,126,NO,1,16116,2020-01-01,2020,No
4972,1308,Visa,Credit,4900994567069763,2021-07-01,24,YES,2,14800,2002-10-01,2012,No
6023,780,Visa,Debit (Prepaid),4129989012910230,2021-07-01,8,YES,2,43,2010-12-01,2011,No
1375,1340,Visa,Debit,4249908788734063,2024-07-01,892,YES,2,36546,2017-02-01,2017,No
3272,1340,Mastercard,Debit,5056109817639748,2021-08-01,165,YES,1,18462,2004-06-01,2007,No
2954,1340,Amex,Credit,329808568475348,2021-06-01,259,NO,1,13300,2008-05-01,2013,No
2178,1340,Mastercard,Debit (Prepaid),5260555273059328,2020-08-01,729,YES,2,36,2008-03-01,2018,No
6035,1340,Amex,Credit,394844235507928,2023-09-01,682,YES,2,11200,2011-12-01,2011,No
1016,1888,Mastercard,Debit,5552351757816493,2020-02-01,588,YES,2,30074,2003-02-01,2006,No
1017,1888,Mastercard,Debit,5613352979417307,2016-05-01,681,YES,1,7589,2003-02-01,2011,No
1169,1888,Mastercard,Debit,5210754741357773,2014-12-01,402,NO,2,27112,2009-02-01,2015,No
2179,247,Mastercard,Credit,5765975770169362,2021-02-01,740,YES,1,16700,2008-03-01,2008,No
1240,247,Visa,Debit,4045887901142827,2013-07-01,54,YES,2,24968,2010-02-01,2010,No
4155,247,Mastercard,Debit,5711629583407537,2012-01-01,577,YES,2,16751,2005-08-01,2010,No
5191,247,Mastercard,Debit,5047582065725201,2021-07-01,601,YES,2,12852,2010-10-01,2012,No
2137,247,Discover,Credit,6973723422438311,2023-11-01,526,NO,2,10200,2007-03-01,2010,No
2084,247,Mastercard,Debit,5584580666180389,2006-12-01,331,YES,1,21922,2005-03-01,2011,No
781,238,Visa,Credit,4605636273246106,2022-05-01,245,YES,2,5600,2020-01-01,2020,No
3762,915,Mastercard,Debit,5927769013167971,2006-12-01,774,YES,2,9609,2006-07-01,2008,No
492,1927,Mastercard,Debit (Prepaid),5803470646010241,2020-01-01,940,YES,1,62,2020-01-01,2020,No
5647,1927,Mastercard,Debit,5796139864739324,2018-05-01,474,YES,2,12194,2011-11-01,2011,No
493,1658,Mastercard,Debit,5875716871084903,2020-01-01,798,YES,2,12636,2020-01-01,2020,No
782,1658,Visa,Credit,4351530526237151,2020-02-01,164,YES,1,0,2020-01-01,2020,No
1170,1208,Mastercard,Debit,5084690936737005,2020-02-01,476,YES,2,8024,2009-02-01,2012,No
2203,1208,Visa,Debit,4372448627686768,2020-11-01,569,YES,2,8902,2008-03-01,2008,No
2449,1208,Visa,Debit,4183588454885685,2020-11-01,323,NO,2,8081,2003-04-01,2011,No
494,1255,Mastercard,Debit,5826930335951624,2023-06-01,803,YES,1,9773,2020-01-01,2020,No
1521,1255,Mastercard,Debit,5040609131348655,2023-12-01,98,YES,1,13130,2020-02-01,2020,No
495,85,Mastercard,Debit,5335622486722965,2023-10-01,617,YES,2,9953,2020-01-01,2020,No
3923,1382,Amex,Credit,302128691810206,2021-11-01,236,YES,1,9000,2010-07-01,2015,No
2838,1382,Mastercard,Debit,5947766191531250,2024-10-01,760,YES,2,11415,2003-05-01,2013,No
5262,1382,Visa,Credit,4371359117883353,2022-05-01,931,YES,2,1900,2012-10-01,2012,No
1110,1382,Mastercard,Debit (Prepaid),5517746118509993,2017-01-01,251,YES,1,54,2007-02-01,2008,No
1522,1932,Mastercard,Debit,5050180938587173,2021-07-01,518,YES,1,405,2020-02-01,2020,No
1210,1217,Mastercard,Debit,5228295335343438,2011-03-01,82,NO,1,23907,2010-02-01,2010,No
5030,1217,Visa,Credit,4963325399756427,2022-06-01,180,YES,2,15500,2005-10-01,2010,No
4086,1217,Visa,Debit,4540572558695839,2020-08-01,540,YES,2,3415,1996-08-01,2012,No
1123,514,Visa,Credit,4662965490409087,2023-04-01,240,YES,2,8500,2007-02-01,2007,No
2155,514,Visa,Debit,4170396856656251,2020-03-01,831,YES,2,11473,2007-03-01,2008,No
5759,514,Mastercard,Debit,5568405807581710,2022-07-01,187,YES,3,23932,1999-12-01,2011,No
4322,514,Mastercard,Debit,5304746158026153,2013-08-01,249,YES,1,9614,2010-08-01,2010,No
5959,232,Mastercard,Debit,5761678069979338,2020-02-01,725,YES,1,58709,2009-12-01,2009,No
2214,232,Mastercard,Debit (Prepaid),5828021478542645,2016-01-01,350,YES,1,98,2009-03-01,2009,No
3125,232,Visa,Debit,4247339520232396,2022-07-01,598,YES,1,24401,2012-05-01,2012,No
4174,445,Mastercard,Debit,5472231620359227,2016-01-01,726,YES,1,3628,2006-08-01,2013,No
1807,1206,Visa,Debit,4182923459647403,2020-02-01,603,YES,1,47359,2020-02-01,2020,No
244,1206,Visa,Debit,4866080343433203,2010-05-01,1,YES,2,41205,2010-01-01,2010,No
194,1206,Mastercard,Credit,5328878941102916,2016-03-01,847,YES,2,17400,2009-01-01,2010,No
4469,1276,Mastercard,Debit,5785225381364914,2022-04-01,851,YES,1,17688,2018-08-01,2018,No
5076,1276,Mastercard,Credit,5056180854217534,2021-10-01,183,YES,1,15000,2007-10-01,2013,No
996,1276,Mastercard,Debit,5192100992523222,2023-03-01,276,YES,2,27075,2002-02-01,2015,No
5954,1276,Discover,Credit,6099048775831285,2022-04-01,120,YES,1,13700,2009-12-01,2010,No
2009,1276,Mastercard,Credit,5730775331108605,2024-04-01,910,YES,1,19000,1998-03-01,2016,No
193,875,Discover,Credit,6670752769501820,2014-04-01,213,NO,2,14300,2009-01-01,2010,No
3495,875,Visa,Credit,4016664416211109,2024-05-01,840,YES,1,7600,2010-06-01,2010,No
2380,875,Mastercard,Debit,5835488238900107,2020-11-01,203,NO,1,13788,2019-03-01,2019,No
496,875,Mastercard,Debit,5942817121899547,2022-08-01,408,YES,1,20801,2020-01-01,2020,No
2684,1546,Visa,Debit,4483206793672492,2024-06-01,339,YES,2,19015,2011-04-01,2011,No
245,1546,Visa,Debit,4030476430498489,2013-07-01,437,YES,2,2181,2010-01-01,2011,No
5504,1546,Visa,Credit,4952050120824102,2023-05-01,167,YES,2,6400,2007-11-01,2007,No
6024,1546,Visa,Debit (Prepaid),4985729409791181,2011-07-01,408,YES,2,78,2010-12-01,2011,No
497,422,Mastercard,Debit (Prepaid),5352787929411472,2024-01-01,196,NO,2,63,2020-01-01,2020,No
1523,422,Mastercard,Debit,5764720476661124,2023-08-01,350,NO,1,12907,2020-02-01,2020,No
498,422,Mastercard,Credit,5649118777959741,2022-05-01,123,YES,1,6500,2020-01-01,2020,No
1441,422,Discover,Credit,6905561508213690,2024-11-01,902,YES,1,7100,2020-02-01,2020,No
3380,519,Mastercard,Debit,5167739038207671,2020-02-01,35,YES,1,12353,2008-06-01,2008,No
4390,519,Mastercard,Debit (Prepaid),5483130582779116,2020-05-01,139,YES,2,65,2012-08-01,2012,No
3555,519,Visa,Debit (Prepaid),4031459906447373,2018-04-01,0,YES,1,72,2012-06-01,2012,No
3173,519,Mastercard,Debit,5608799929769385,2024-01-01,653,YES,2,18526,2016-05-01,2016,No
2867,1408,Visa,Debit,4751759256983279,2023-12-01,978,YES,2,6513,2004-05-01,2013,No
5522,1408,Mastercard,Debit,5827922070073569,2020-08-01,665,YES,1,5044,2008-11-01,2008,No
3821,1204,Visa,Debit,4964837149375457,2023-08-01,692,NO,2,25079,2007-07-01,2008,No
2788,1204,Visa,Debit,4786456074959153,2024-04-01,463,YES,1,39578,2019-04-01,2019,No
210,1204,Visa,Debit,4780113572248864,2022-10-01,498,YES,1,36641,2009-01-01,2009,No
783,276,Visa,Debit,4732187570005938,2023-11-01,875,YES,1,1083,2020-01-01,2020,No
1524,276,Mastercard,Debit,5579968242146941,2021-03-01,908,YES,1,9628,2020-02-01,2020,No
392,1133,Amex,Credit,364782097416183,2024-09-01,787,YES,2,13500,2020-01-01,2020,No
5211,1133,Visa,Debit,4332848097947146,2019-05-01,247,YES,2,12512,2010-10-01,2012,No
2586,1133,Visa,Debit,4874200877830198,2023-04-01,234,YES,2,21442,2008-04-01,2015,No
195,1133,Mastercard,Debit (Prepaid),5491911967251854,2024-04-01,256,YES,2,69,2009-01-01,2013,No
784,1035,Visa,Debit,4123430883366053,2022-06-01,929,NO,2,22700,2020-01-01,2020,No
1808,1035,Visa,Debit (Prepaid),4477381812397470,2020-02-01,256,YES,2,60,2020-02-01,2020,No
4688,710,Visa,Debit (Prepaid),4291584295091276,2021-07-01,284,NO,2,80,2008-09-01,2013,No
3155,710,Visa,Credit,4977439177902709,2023-10-01,725,YES,1,1300,2014-05-01,2014,No
4395,710,Visa,Debit,4083830555953344,2019-09-01,35,YES,1,40984,2012-08-01,2012,No
5233,582,Mastercard,Debit,5000642222050149,2016-01-01,949,YES,1,19536,2011-10-01,2014,No
2010,582,Mastercard,Debit,5706945213874118,2009-02-01,808,YES,1,9044,1999-03-01,2013,No
3634,582,Visa,Credit,4880127142903322,2024-05-01,582,NO,2,12500,2018-06-01,2018,No
5880,821,Mastercard,Debit,5709350938591097,2021-09-01,841,YES,2,2338,2007-12-01,2016,No
6131,821,Amex,Credit,340249970172495,2024-07-01,789,YES,1,3900,2017-12-01,2017,No
59,1352,Visa,Debit,4969931231497491,2019-11-01,728,YES,2,12528,2004-01-01,2012,No
2403,1352,Mastercard,Debit,5065991934613613,2020-03-01,444,YES,2,19756,1999-04-01,2013,No
5355,1352,Mastercard,Debit,5074153322431986,1999-10-01,15,YES,1,2042,1998-11-01,2008,No
3286,831,Discover,Credit,6343000201050378,2020-06-01,991,YES,1,8300,2005-06-01,2013,No
4156,831,Mastercard,Debit,5176991873510835,2022-04-01,744,YES,2,8571,2005-08-01,2015,No
499,936,Mastercard,Debit,5193598337004774,2020-08-01,655,YES,1,19369,2020-01-01,2020,No
785,936,Visa,Debit (Prepaid),4651166179945088,2024-07-01,135,YES,1,70,2020-01-01,2020,No
1525,936,Mastercard,Debit,5169330864187609,2020-10-01,927,YES,1,15127,2020-02-01,2020,No
425,936,Discover,Credit,6575727919683836,2022-03-01,371,YES,1,9400,2020-01-01,2020,No
1809,936,Visa,Credit,4254671354232317,2022-06-01,566,YES,2,5400,2020-02-01,2020,No
3312,578,Mastercard,Debit,5639231472661421,2006-06-01,482,YES,1,17167,2006-06-01,2007,No
4807,1997,Mastercard,Debit,5974521557482725,2020-08-01,89,YES,1,25048,2011-09-01,2011,No
5786,1997,Amex,Credit,373196972571995,2022-08-01,333,YES,1,25600,2003-12-01,2009,No
3343,1997,Mastercard,Debit,5145075395048643,2020-07-01,818,YES,2,17257,2007-06-01,2007,No
2481,1997,Mastercard,Debit,5446247483875549,2022-02-01,977,NO,2,31829,2005-04-01,2020,No
5106,1997,Mastercard,Debit,5138861544730253,2014-09-01,695,YES,2,3991,2008-10-01,2013,No
5457,1997,Mastercard,Debit,5450840398353044,2024-05-01,172,YES,2,3991,2006-11-01,2013,No
5808,1997,Mastercard,Debit,5957840395918291,2024-01-01,232,YES,2,34953,2004-12-01,2011,No
1378,258,Mastercard,Debit,5200497031723077,2021-11-01,790,YES,1,21726,2018-02-01,2018,No
3197,258,Visa,Debit,4410595521974956,2020-08-01,468,YES,1,15063,2017-05-01,2017,No
500,258,Mastercard,Debit,5979251671199858,2020-01-01,949,YES,1,12596,2020-01-01,2020,No
2912,851,Visa,Debit,4977782671344118,2009-01-01,467,NO,2,6335,2006-05-01,2020,No
4243,851,Mastercard,Debit (Prepaid),5953262218021154,2014-04-01,328,YES,1,43,2008-08-01,2013,No
3613,851,Visa,Credit,4453479289853591,2020-01-01,438,YES,2,8100,2016-06-01,2016,No
1241,851,Visa,Credit,4484651040009268,2023-04-01,400,YES,2,8900,2010-02-01,2010,No
4148,1951,Amex,Credit,397408628397205,2024-01-01,358,YES,1,16000,2005-08-01,2008,No
4157,1951,Mastercard,Debit,5131315390682577,2011-04-01,260,YES,2,19304,2005-08-01,2010,No
3360,1951,Visa,Debit,4667539931017684,2020-10-01,724,YES,2,36548,2007-06-01,2015,No
1142,1951,Mastercard,Debit,5494695767588585,2023-12-01,105,YES,1,10354,2008-02-01,2010,No
3188,1951,Discover,Credit,6059981259285361,2024-08-01,661,YES,1,8000,2017-05-01,2017,No
501,1978,Mastercard,Debit,5070126203216170,2020-01-01,795,YES,2,1559,2020-01-01,2020,No
1526,1978,Mastercard,Debit,5293367010895796,2020-02-01,489,YES,1,15100,2020-02-01,2020,No
4948,1897,Mastercard,Debit,5695371675609176,2023-12-01,110,YES,1,51302,2001-10-01,2010,No
3690,1897,Mastercard,Debit (Prepaid),5727246621737801,2014-09-01,184,YES,1,80,2003-07-01,2010,No
4337,972,Visa,Credit,4613780379002622,2021-10-01,881,YES,1,15800,2010-08-01,2012,No
6052,972,Visa,Credit,4349828024185765,2020-11-01,209,YES,1,16800,2011-12-01,2011,No
4166,972,Visa,Debit,4831547258942108,2021-11-01,45,NO,1,2508,2005-08-01,2012,No
5689,972,Visa,Credit,4030101439693866,2022-12-01,924,NO,2,2600,2013-11-01,2013,No
2482,1010,Mastercard,Debit,5598838646522278,2022-05-01,590,YES,1,4851,2005-04-01,2020,No
3047,1243,Mastercard,Credit,5688444191664896,2023-06-01,723,YES,1,7300,2010-05-01,2011,No
3884,1243,Mastercard,Debit,5787876223130828,2024-03-01,137,YES,1,18540,2009-07-01,2009,No
3928,1243,Mastercard,Debit,5145746225869385,2014-02-01,37,NO,2,4072,2010-07-01,2010,No
1527,1243,Mastercard,Debit,5867870962214065,2020-02-01,278,YES,1,1744,2020-02-01,2020,No
3885,1243,Mastercard,Debit (Prepaid),5233021736945266,2014-01-01,561,YES,2,33,2009-07-01,2013,No
2327,1976,Mastercard,Debit,5905144281673763,2020-02-01,324,YES,1,17767,2014-03-01,2014,No
4847,1976,Mastercard,Debit (Prepaid),5376202172646612,2022-11-01,419,YES,1,57,2013-09-01,2013,No
4338,1976,Visa,Debit,4078070579143813,2022-05-01,725,YES,1,23011,2010-08-01,2010,No
1171,1976,Mastercard,Debit,5320540849135700,2023-10-01,66,YES,1,21160,2009-02-01,2009,No
502,1976,Mastercard,Debit,5318581534984744,2021-12-01,914,NO,2,21291,2020-01-01,2020,No
2784,91,Visa,Credit,4905977959597106,2020-10-01,543,YES,1,19100,2018-04-01,2018,No
2790,1606,Mastercard,Debit,5285784915006143,2020-03-01,790,YES,2,7834,1996-05-01,2012,No
2735,1201,Visa,Debit,4563146572171391,2020-12-01,510,YES,2,38317,2014-04-01,2014,No
16,1201,Visa,Debit,4817273521248161,2023-10-01,706,YES,2,55693,2000-01-01,2006,No
4793,1201,Visa,Debit,4423423702094848,2020-11-01,362,YES,1,40710,2010-09-01,2010,No
2744,1201,Mastercard,Debit,5614281662886512,2024-12-01,906,YES,2,61355,2015-04-01,2015,No
503,1887,Mastercard,Credit,5723992473008285,2020-02-01,298,YES,1,5300,2020-01-01,2020,No
504,1887,Mastercard,Credit,5568613598314709,2022-06-01,926,YES,1,15800,2020-01-01,2020,No
505,195,Mastercard,Debit,5809559236815243,2020-01-01,643,YES,1,26219,2020-01-01,2020,No
1442,195,Discover,Credit,6649382937549507,2020-02-01,898,YES,1,20400,2020-02-01,2020,No
1528,874,Mastercard,Debit,5578581367019951,2020-03-01,532,YES,1,28066,2020-02-01,2020,No
786,874,Visa,Credit,4995777639723026,2024-06-01,153,NO,2,19500,2020-01-01,2020,No
506,874,Mastercard,Credit,5618927130201354,2020-04-01,47,YES,1,15100,2020-01-01,2020,No
5790,1317,Mastercard,Debit,5504388217788243,2022-09-01,389,YES,1,9059,2003-12-01,2008,No
3576,1317,Mastercard,Credit,5765192294312489,2024-03-01,244,YES,2,6300,2014-06-01,2014,No
4909,1317,Mastercard,Debit,5049590350537184,2017-12-01,287,YES,1,12793,2017-09-01,2017,No
1529,1317,Mastercard,Credit,5171047603573611,2020-05-01,472,YES,1,7800,2020-02-01,2020,No
1280,1311,Visa,Credit,4304336989685853,2022-10-01,38,YES,1,14000,2011-02-01,2011,No
1530,785,Mastercard,Debit (Prepaid),5802808293999580,2023-02-01,374,NO,1,80,2020-02-01,2020,No
507,785,Mastercard,Credit,5182039113510183,2024-12-01,533,YES,1,15400,2020-01-01,2020,No
2638,662,Mastercard,Debit,5178588521108553,2021-04-01,647,YES,2,28747,2010-04-01,2010,No
3092,662,Mastercard,Debit (Prepaid),5419683819223054,2021-07-01,690,YES,2,110,2011-05-01,2011,No
5107,847,Mastercard,Debit (Prepaid),5207548471157063,2022-04-01,310,YES,2,112,2008-10-01,2012,No
3416,847,Discover,Credit,6133343341617022,2010-12-01,252,NO,2,9700,2009-06-01,2011,No
5581,847,Visa,Credit,4013077897978419,2013-10-01,359,YES,1,8600,2009-11-01,2014,No
987,847,Mastercard,Debit (Prepaid),5582481832840083,2004-10-01,949,YES,2,43,2001-02-01,2012,No
5998,847,Mastercard,Debit,5160679758487908,2015-04-01,716,YES,2,19629,2010-12-01,2011,No
4531,847,Mastercard,Credit,5350725222706426,2021-04-01,29,YES,2,3400,2003-09-01,2008,No
1531,685,Mastercard,Debit,5208287929207582,2022-01-01,668,YES,2,20769,2020-02-01,2020,No
1398,685,Amex,Credit,382500319012149,2022-12-01,443,YES,2,12100,2020-02-01,2020,No
1532,685,Mastercard,Debit,5568206290590571,2023-06-01,658,YES,1,16371,2020-02-01,2020,No
1533,685,Mastercard,Credit,5316978994490034,2020-10-01,145,YES,1,12500,2020-02-01,2020,No
1534,685,Mastercard,Debit,5548416164877894,2020-02-01,573,YES,1,18976,2020-02-01,2020,No
508,685,Mastercard,Debit,5319381223326693,2020-02-01,205,YES,2,30119,2020-01-01,2020,No
2354,617,Mastercard,Debit,5124149352966224,2022-07-01,255,YES,2,26147,2016-03-01,2016,No
1810,23,Visa,Debit (Prepaid),4140588094739369,2020-02-01,914,YES,2,74,2020-02-01,2020,No
787,339,Visa,Credit,4098957147259107,2024-01-01,427,YES,1,7100,2020-01-01,2020,No
1811,339,Visa,Debit,4728985692143254,2021-05-01,894,YES,2,13964,2020-02-01,2020,No
1062,280,Visa,Credit,4914230230023485,2020-11-01,149,YES,2,12000,2005-02-01,2013,No
5856,280,Mastercard,Debit,5503346026525353,2021-07-01,281,YES,2,14710,2006-12-01,2016,No
2959,280,Mastercard,Credit,5625623929407723,2024-02-01,413,NO,2,5600,2008-05-01,2011,No
123,280,Amex,Credit,340690023329145,2007-05-01,921,YES,1,13600,2007-01-01,2009,No
2826,280,Mastercard,Debit,5836255998556368,2023-01-01,124,YES,2,14592,2002-05-01,2018,No
4404,1473,Mastercard,Debit,5144019472845640,2024-03-01,991,YES,1,16791,2013-08-01,2013,No
3839,1473,Mastercard,Debit,5401708824823369,2024-09-01,387,YES,1,15909,2008-07-01,2008,No
1535,1473,Mastercard,Debit,5090437031916520,2022-06-01,678,NO,2,13466,2020-02-01,2020,No
5108,65,Mastercard,Debit,5427512329623870,2020-11-01,476,YES,2,5066,2008-10-01,2016,No
4585,65,Visa,Debit,4270727314191306,2024-09-01,431,YES,2,13452,2005-09-01,2012,No
788,1353,Visa,Debit,4609363841131495,2020-01-01,250,YES,1,17652,2020-01-01,2020,No
3156,1353,Visa,Debit,4092359255548687,2018-07-01,548,YES,1,22566,2014-05-01,2014,No
1536,1353,Mastercard,Debit (Prepaid),5739755420014539,2023-01-01,543,YES,2,101,2020-02-01,2020,No
4200,1353,Mastercard,Debit,5884169220100958,2009-02-01,380,YES,1,17860,2007-08-01,2010,No
1812,1353,Visa,Debit,4739129887814779,2024-12-01,840,YES,1,13635,2020-02-01,2020,No
3725,1353,Amex,Credit,340363396133555,2024-10-01,357,YES,1,12800,2005-07-01,2014,No
966,1353,Mastercard,Debit,5134663281531806,2022-04-01,682,YES,1,12076,1999-02-01,2012,No
1537,736,Mastercard,Credit,5428449359468275,2024-05-01,692,YES,1,13500,2020-02-01,2020,No
509,736,Mastercard,Debit (Prepaid),5166680396292023,2024-11-01,462,YES,1,38,2020-01-01,2020,No
510,736,Mastercard,Debit (Prepaid),5582430794372147,2024-09-01,397,YES,2,100,2020-01-01,2020,No
4482,1670,Visa,Debit,4011659941572561,2023-01-01,523,YES,1,24501,2019-08-01,2019,No
3304,1670,Visa,Credit,4281818687372228,2020-11-01,956,YES,1,15100,2005-06-01,2011,No
5809,1670,Mastercard,Debit,5537300534138484,2023-07-01,933,YES,2,14709,2004-12-01,2013,No
5603,1670,Mastercard,Debit,5770348525427389,2020-08-01,914,NO,1,45782,2010-11-01,2015,No
511,1776,Mastercard,Debit,5089550241614493,2020-02-01,625,YES,2,18292,2020-01-01,2020,No
4938,1776,Amex,Credit,357731604070533,2020-05-01,270,YES,1,13400,1999-10-01,2012,No
3596,1776,Visa,Credit,4760959420776144,2021-05-01,81,YES,2,11100,2015-06-01,2015,No
1813,1474,Visa,Debit,4559380028737071,2023-01-01,791,YES,1,33397,2020-02-01,2020,No
2032,951,Mastercard,Debit (Prepaid),5978230791001469,2017-08-01,310,YES,1,80,2002-03-01,2008,No
2942,951,Visa,Credit,4609960492769091,2023-03-01,512,YES,2,5400,2007-05-01,2013,No
2628,951,Amex,Credit,371780853319378,2021-06-01,461,YES,2,11000,2010-04-01,2010,No
3330,951,Visa,Debit,4717280495507382,2012-03-01,268,YES,1,8374,2006-06-01,2010,No
3418,1818,Mastercard,Debit,5630819721997639,2021-03-01,160,YES,2,23691,2009-06-01,2015,No
2259,1818,Visa,Debit,4536093921633369,2023-12-01,783,YES,2,15817,2010-03-01,2013,No
4711,1818,Mastercard,Debit,5403878573257240,2024-06-01,553,YES,2,36912,2009-09-01,2015,No
1814,1450,Visa,Debit,4752300617048436,2021-09-01,511,YES,2,36976,2020-02-01,2020,No
512,1524,Mastercard,Debit,5298405785595862,2022-06-01,451,YES,1,52121,2020-01-01,2020,No
367,1789,Mastercard,Debit,5969880085380237,2024-03-01,832,YES,1,12564,2018-01-01,2018,No
5130,1789,Visa,Debit,4719376429761062,2021-05-01,716,YES,1,15981,2008-10-01,2008,No
5911,767,Visa,Debit,4465904146461429,2007-12-01,172,YES,2,12758,2007-12-01,2011,No
513,767,Mastercard,Debit (Prepaid),5998020597750681,2020-01-01,259,YES,2,24,2020-01-01,2020,No
2111,767,Mastercard,Debit,5753826788441344,2017-10-01,195,YES,2,13209,2006-03-01,2012,No
514,678,Mastercard,Debit,5845664736410406,2024-09-01,157,YES,1,11254,2020-01-01,2020,No
3577,678,Mastercard,Debit,5815197990139669,2024-05-01,528,YES,2,16703,2014-06-01,2014,No
3040,678,Discover,Credit,6863075164690679,2020-11-01,357,YES,2,7300,2010-05-01,2010,No
1300,678,Mastercard,Credit,5190363040476849,2022-08-01,377,YES,2,8600,2012-02-01,2012,No
960,471,Visa,Debit,4435091514671785,2013-10-01,429,YES,1,17173,1997-02-01,2014,No
4415,471,Visa,Credit,4610283928454577,2020-03-01,340,YES,2,22000,2013-08-01,2013,No
5402,471,Mastercard,Debit,5402165032954536,2009-11-01,383,YES,1,29739,2004-11-01,2008,No
3048,757,Mastercard,Debit,5604853881293164,2020-02-01,942,YES,2,12905,2010-05-01,2010,No
4175,757,Mastercard,Debit,5304174233835471,2022-10-01,603,YES,2,447,2006-08-01,2015,No
5458,757,Mastercard,Debit,5018201035940907,2014-02-01,623,YES,1,22100,2006-11-01,2009,No
3947,757,Visa,Debit,4364504555846512,2024-03-01,787,YES,2,7616,2010-07-01,2010,No
515,1724,Mastercard,Debit,5820532728475057,2021-07-01,136,YES,1,17665,2020-01-01,2020,No
5337,1724,Mastercard,Debit,5693890310196695,2024-09-01,794,YES,1,12551,2019-10-01,2019,No
1399,1724,Amex,Credit,329884815703027,2022-05-01,818,YES,2,7400,2020-02-01,2020,No
1313,1603,Mastercard,Debit,5495606147026040,2024-06-01,810,YES,2,14223,2013-02-01,2013,No
2138,1603,Discover,Credit,6439934247827371,2012-03-01,549,NO,1,11200,2007-03-01,2007,No
2381,1603,Mastercard,Credit,5903180777410762,2020-02-01,618,YES,1,14000,2019-03-01,2019,No
5981,1603,Visa,Debit (Prepaid),4982837709455785,2022-09-01,119,YES,2,79,2009-12-01,2009,No
1815,224,Visa,Debit,4254478565698366,2020-02-01,642,YES,2,13547,2020-02-01,2020,No
1538,808,Mastercard,Debit,5366108681709753,2022-06-01,691,YES,1,12626,2020-02-01,2020,No
3969,808,Mastercard,Debit,5559631785400356,2024-07-01,138,YES,2,17042,2011-07-01,2011,No
3516,808,Mastercard,Debit,5868987765320423,2024-01-01,849,YES,2,11930,2011-06-01,2011,No
5427,1326,Mastercard,Debit,5921343520642553,2013-12-01,630,YES,2,10442,2005-11-01,2005,No
5561,1326,Mastercard,Debit,5576058870888177,2023-08-01,200,YES,2,23296,2009-11-01,2014,No
5212,158,Visa,Debit,4436697575956445,2015-06-01,894,YES,1,19555,2010-10-01,2010,No
516,158,Mastercard,Debit,5217920627763477,2020-02-01,902,YES,1,22310,2020-01-01,2020,No
5722,1928,Mastercard,Credit,5503548049749435,2021-02-01,850,NO,1,14800,2016-11-01,2016,No
2434,1928,Visa,Credit,4669390579436584,2020-03-01,661,YES,2,11300,2002-04-01,2011,No
2442,1928,Mastercard,Debit (Prepaid),5241112690809802,2022-09-01,740,YES,1,31,2003-04-01,2010,No
4493,1928,Mastercard,Debit,5622935637285354,2024-05-01,799,YES,1,24090,1998-09-01,2009,No
2112,1575,Mastercard,Debit,5700169734076825,2011-05-01,638,YES,1,18138,2006-03-01,2008,No
3635,1575,Visa,Debit (Prepaid),4323953877431034,2023-05-01,830,YES,3,74,2018-06-01,2018,No
224,1575,Mastercard,Debit,5107151477861238,2021-06-01,365,YES,1,23016,2010-01-01,2010,No
5582,1575,Visa,Debit,4753063175082230,2020-02-01,352,YES,2,35791,2009-11-01,2009,No
1539,1608,Mastercard,Debit,5604896104987546,2022-07-01,330,YES,1,15116,2020-02-01,2020,No
5843,1455,Visa,Credit,4096689962299789,2022-08-01,25,YES,1,8000,2005-12-01,2011,No
1386,1455,Amex,Credit,349159635383087,2023-01-01,386,YES,2,2200,2019-02-01,2019,No
789,1455,Visa,Credit,4538277638033307,2024-10-01,387,YES,1,6800,2020-01-01,2020,No
2960,1455,Mastercard,Debit,5738438340474113,2020-03-01,798,YES,1,427,2008-05-01,2010,No
997,1916,Mastercard,Debit,5361639254366090,2002-02-01,26,YES,1,22112,2002-02-01,2010,No
4863,1916,Visa,Debit,4815373260593647,2018-04-01,733,YES,2,10211,2013-09-01,2013,No
5077,1916,Mastercard,Debit,5363716613146250,2008-12-01,937,YES,1,11940,2007-10-01,2011,No
2395,1916,Visa,Credit,4234252140022115,2021-09-01,115,YES,1,7400,1994-04-01,2010,No
3305,1916,Visa,Debit (Prepaid),4541177168542351,2021-02-01,768,NO,1,64,2005-06-01,2014,No
2856,1916,Mastercard,Debit,5079032910713562,2022-12-01,402,YES,2,7343,2004-05-01,2013,No
3258,1916,Visa,Credit,4494411189246879,2023-01-01,670,YES,1,5500,2003-06-01,2010,No
157,1617,Mastercard,Debit,5907512722234563,2014-01-01,855,YES,2,3843,2008-01-01,2009,No
517,143,Mastercard,Debit (Prepaid),5710956185196347,2020-02-01,91,YES,2,72,2020-01-01,2020,No
1540,143,Mastercard,Debit,5969614895288925,2020-02-01,729,YES,1,21227,2020-02-01,2020,No
1541,143,Mastercard,Debit,5183544081050284,2022-05-01,754,YES,1,21943,2020-02-01,2020,No
5003,1176,Mastercard,Debit,5274657041301974,2020-04-01,436,YES,2,47833,2004-10-01,2010,No
2712,1176,Amex,Credit,337116884587546,2018-09-01,164,NO,2,13400,2013-04-01,2013,No
2629,1176,Amex,Credit,339154209082656,2010-09-01,909,YES,1,21700,2010-04-01,2010,No
5270,1194,Mastercard,Debit,5489847637452263,2022-05-01,32,YES,2,19122,2013-10-01,2013,No
3644,1194,Visa,Debit,4312743637718042,2019-11-01,556,YES,2,17245,2019-06-01,2019,No
5999,1194,Mastercard,Debit,5312379293764300,2022-06-01,244,NO,2,17564,2010-12-01,2010,No
4614,1194,Visa,Credit,4678372291668326,2020-07-01,966,YES,1,14100,2006-09-01,2011,No
393,423,Amex,Credit,380507615759333,2021-07-01,194,YES,1,11400,2020-01-01,2020,No
1542,423,Mastercard,Debit,5643186470669851,2022-09-01,12,YES,2,18281,2020-02-01,2020,No
2724,580,Mastercard,Debit,5498308482575223,2021-03-01,952,YES,1,14471,2014-04-01,2014,No
5109,580,Mastercard,Debit,5252283992419484,2024-04-01,136,YES,1,11399,2008-10-01,2010,No
2961,580,Mastercard,Credit,5795691987889821,2011-04-01,416,YES,3,12400,2008-05-01,2008,No
303,4,Visa,Debit,4980412921853275,2021-04-01,28,YES,2,27520,2012-01-01,2012,No
5391,4,Visa,Debit,4537266913886102,2022-04-01,787,YES,1,38648,2003-11-01,2005,No
1083,4,Mastercard,Debit,5817981997085182,2008-08-01,755,YES,2,41051,2006-02-01,2006,No
3413,4,Amex,Credit,353090863754405,2014-03-01,451,YES,1,19300,2009-06-01,2018,No
4201,4,Mastercard,Debit,5693655667464241,2023-12-01,500,YES,2,9683,2007-08-01,2016,No
3344,530,Mastercard,Debit,5919043204819594,2020-02-01,711,NO,2,15061,2007-06-01,2007,No
5110,530,Mastercard,Debit,5159330722218973,2022-02-01,857,YES,2,16652,2008-10-01,2010,No
4848,530,Mastercard,Debit,5609056029992567,2020-02-01,7,YES,1,10970,2013-09-01,2013,No
4926,530,Visa,Debit,4461414789391516,2021-03-01,277,YES,2,15458,2019-09-01,2019,No
3145,530,Mastercard,Debit,5955587375467605,2020-07-01,522,YES,2,11475,2014-05-01,2014,No
4021,530,Mastercard,Debit,5224140626818585,2017-01-01,329,YES,1,12031,2014-07-01,2014,No
5779,1826,Mastercard,Debit (Prepaid),5691905533359944,2024-10-01,982,YES,1,49,2002-12-01,2009,No
4666,595,Mastercard,Debit,5406659343798231,2022-12-01,868,YES,2,14408,2008-09-01,2008,No
3049,595,Mastercard,Debit,5268706720915465,2020-07-01,202,YES,1,18035,2010-05-01,2010,No
4667,595,Mastercard,Debit,5007147574833881,2022-04-01,560,YES,2,16786,2008-09-01,2008,No
2128,595,Visa,Debit,4345682874994564,2020-02-01,331,YES,1,12009,2006-03-01,2009,No
4423,1022,Discover,Credit,6315959001873783,2021-04-01,118,YES,1,6800,2014-08-01,2014,No
2504,1022,Mastercard,Credit,5887964726362356,2021-07-01,671,YES,1,10300,2006-04-01,2009,No
5148,1022,Mastercard,Debit,5944670401278171,2021-03-01,806,YES,2,16274,2009-10-01,2009,No
518,1108,Mastercard,Credit,5744439609691204,2020-01-01,662,YES,1,28000,2020-01-01,2020,No
790,1108,Visa,Debit,4771002709933864,2024-04-01,374,YES,2,4201,2020-01-01,2020,No
2525,246,Discover,Credit,6396980306370671,2015-10-01,37,YES,1,25300,2007-04-01,2012,No
1158,246,Visa,Debit,4957823817777302,2022-03-01,413,YES,1,40350,2008-02-01,2014,No
3400,246,Visa,Credit,4021539917884489,2018-08-01,497,YES,1,22500,2008-06-01,2010,No
6075,246,Visa,Debit,4361392563969799,2023-10-01,417,YES,1,26110,2012-12-01,2012,No
519,270,Mastercard,Debit (Prepaid),5387845577295005,2020-02-01,379,YES,1,46,2020-01-01,2020,No
1543,270,Mastercard,Debit,5690579854372424,2020-09-01,790,YES,1,24886,2020-02-01,2020,No
1816,270,Visa,Debit,4102843004395648,2022-07-01,452,YES,2,12257,2020-02-01,2020,No
520,270,Mastercard,Debit,5778432883626952,2020-01-01,217,NO,2,27489,2020-01-01,2020,No
5626,1945,Visa,Credit,4335011442006835,2022-07-01,412,YES,1,9700,2010-11-01,2012,No
3381,1945,Mastercard,Debit,5131116413550841,2024-03-01,615,YES,1,11712,2008-06-01,2019,No
4018,1945,Amex,Credit,394151199374199,2020-02-01,175,YES,2,5900,2014-07-01,2014,No
3614,1945,Visa,Debit,4684821008065663,2021-04-01,164,YES,1,10318,2016-06-01,2016,No
3763,1540,Mastercard,Debit,5883802092372517,2014-12-01,346,YES,1,3836,2006-07-01,2009,No
3496,1540,Visa,Credit,4495172888223801,2023-12-01,269,YES,2,13200,2010-06-01,2011,No
5562,1540,Mastercard,Debit (Prepaid),5037187439217055,2021-08-01,955,NO,2,56,2009-11-01,2011,No
394,1149,Amex,Credit,325863166103877,2020-01-01,936,YES,2,13800,2020-01-01,2020,No
521,1438,Mastercard,Debit,5219464488355605,2022-09-01,80,YES,2,7767,2020-01-01,2020,No
3077,409,Visa,Debit,4702266560105457,2022-09-01,749,YES,1,14999,2010-05-01,2010,No
4007,409,Mastercard,Debit,5215769270589143,2024-01-01,897,YES,2,9281,2013-07-01,2013,No
5690,409,Visa,Debit,4514228052643760,2024-03-01,763,NO,1,15512,2013-11-01,2013,No
1817,694,Visa,Debit (Prepaid),4316296167662583,2023-04-01,621,YES,2,67,2020-02-01,2020,No
5583,694,Visa,Debit,4878301968196169,2022-09-01,33,YES,1,10564,2009-11-01,2010,No
2371,382,Mastercard,Debit,5687094950907399,2019-08-01,289,YES,1,13206,2018-03-01,2018,No
5415,382,Visa,Debit,4877797934126603,2024-08-01,237,YES,1,11809,2004-11-01,2010,No
2103,382,Discover,Credit,6773009361532105,2024-06-01,38,YES,1,8800,2006-03-01,2008,No
5324,629,Visa,Debit,4194422558945686,2018-05-01,208,NO,1,29793,2017-10-01,2017,No
5523,629,Mastercard,Debit (Prepaid),5433671830348176,2022-03-01,732,YES,1,80,2008-11-01,2008,No
2560,629,Mastercard,Debit,5164347231652886,2024-04-01,14,YES,2,24739,2008-04-01,2011,No
4712,629,Mastercard,Debit,5774618783513739,2020-01-01,902,YES,2,32447,2009-09-01,2009,No
124,629,Amex,Credit,335499499050062,2020-11-01,520,NO,2,20900,2007-01-01,2007,No
5392,1211,Visa,Debit,4208678188310578,2024-05-01,462,YES,1,23912,2003-11-01,2009,No
2400,1211,Amex,Credit,344420840489865,2024-11-01,330,YES,2,8200,1998-04-01,2010,No
3721,1211,Visa,Debit,4904264423390551,2008-02-01,240,YES,2,119,2004-07-01,2012,No
5563,1211,Mastercard,Debit,5291048760665798,2017-04-01,940,YES,1,19137,2009-11-01,2012,No
5524,823,Mastercard,Debit,5594052672345392,2021-10-01,748,YES,1,13609,2008-11-01,2010,No
2868,823,Visa,Credit,4009130422427807,2021-02-01,247,YES,2,8600,2004-05-01,2012,No
1400,1304,Amex,Credit,303823669078373,2020-02-01,876,YES,2,27000,2020-02-01,2020,No
426,1304,Discover,Credit,6262934801438359,2021-06-01,565,YES,2,17500,2020-01-01,2020,No
791,1304,Visa,Credit,4619139517493572,2020-02-01,681,YES,1,21000,2020-01-01,2020,No
2639,89,Mastercard,Debit,5250142801861718,2023-02-01,485,YES,2,9401,2010-04-01,2011,No
5584,89,Visa,Debit,4411314646067924,2023-06-01,47,YES,2,17146,2009-11-01,2009,No
2998,89,Mastercard,Debit,5384107443816532,2021-06-01,90,YES,2,10863,2009-05-01,2011,No
2640,89,Mastercard,Debit,5291753153918147,2018-07-01,855,YES,1,9742,2010-04-01,2010,No
1544,1751,Mastercard,Credit,5089899761133479,2021-02-01,743,YES,2,4600,2020-02-01,2020,No
792,1751,Visa,Debit,4756400836306008,2022-07-01,401,YES,1,29925,2020-01-01,2020,No
5377,888,Mastercard,Debit,5551460726922763,2021-07-01,115,YES,2,10305,2002-11-01,2010,No
4668,81,Mastercard,Credit,5419443574655374,2023-10-01,520,YES,2,13300,2008-09-01,2008,No
2897,81,Mastercard,Debit (Prepaid),5391276903408071,2012-10-01,935,YES,2,48,2006-05-01,2014,No
96,81,Mastercard,Credit,5810850276328483,2020-01-01,877,NO,2,0,2006-01-01,2012,No
4525,81,Visa,Credit,4328702811759379,2022-02-01,564,NO,1,10600,2002-09-01,2013,No
2962,81,Mastercard,Debit,5054918583369098,2021-03-01,18,YES,2,1778,2008-05-01,2011,No
793,1021,Visa,Debit,4907163278067635,2021-09-01,857,YES,1,47523,2020-01-01,2020,No
522,1021,Mastercard,Debit (Prepaid),5147465861467114,2024-04-01,905,YES,1,82,2020-01-01,2020,No
3112,826,Amex,Credit,304617902043505,2017-03-01,382,YES,1,19400,2012-05-01,2012,No
311,826,Mastercard,Debit,5496405569223399,2014-11-01,30,YES,1,23403,2013-01-01,2013,No
69,826,Mastercard,Credit,5019514365242810,2024-05-01,508,YES,1,13900,2005-01-01,2012,No
4966,87,Mastercard,Debit (Prepaid),5251447871603744,2008-03-01,292,YES,1,95,2002-10-01,2011,No
3607,87,Mastercard,Debit,5210434230147620,2022-06-01,262,YES,2,20417,2016-06-01,2016,No
109,87,Visa,Credit,4372177587368958,2022-05-01,450,YES,1,6300,2006-01-01,2011,No
6118,1833,Mastercard,Debit,5198052110187452,2020-01-01,912,YES,1,16064,2016-12-01,2016,No
1545,1833,Mastercard,Debit (Prepaid),5390138872145738,2020-03-01,267,YES,1,98,2020-02-01,2020,No
2345,1833,Visa,Debit,4078898258495002,2015-07-01,929,YES,2,16386,2015-03-01,2015,No
1818,1833,Visa,Credit,4301058381185328,2023-03-01,147,YES,1,10100,2020-02-01,2020,No
794,1833,Visa,Debit,4256933161358353,2020-10-01,83,YES,2,3472,2020-01-01,2020,No
395,829,Amex,Credit,336470004427582,2022-04-01,487,YES,1,7700,2020-01-01,2020,No
523,829,Mastercard,Debit,5898279833645788,2023-10-01,139,YES,3,11018,2020-01-01,2020,No
3636,829,Visa,Credit,4066440794075203,2024-04-01,921,YES,2,8200,2018-06-01,2018,No
3840,1879,Mastercard,Debit,5201386771432172,2018-09-01,392,YES,1,4976,2008-07-01,2008,No
5399,1879,Amex,Credit,320871039524025,2018-07-01,845,YES,1,4100,2004-11-01,2009,No
4560,236,Visa,Debit,4003314505746426,2021-07-01,531,YES,2,6076,2004-09-01,2011,No
1546,1619,Mastercard,Credit,5218007897890577,2021-12-01,185,YES,3,8000,2020-02-01,2020,No
1443,1619,Discover,Credit,6997197066610978,2023-08-01,619,YES,2,14600,2020-02-01,2020,No
5111,1619,Mastercard,Credit,5105294422027242,2024-03-01,831,YES,1,8300,2008-10-01,2010,No
3015,1619,Visa,Debit,4063054242876751,2024-08-01,647,YES,2,19054,2009-05-01,2017,No
1547,1146,Mastercard,Debit,5078853441156478,2020-03-01,930,YES,1,29265,2020-02-01,2020,No
1548,1146,Mastercard,Debit,5547476180953081,2020-02-01,765,YES,1,22245,2020-02-01,2020,No
1549,1146,Mastercard,Debit,5788341339048168,2021-10-01,750,YES,2,17028,2020-02-01,2020,No
1172,803,Mastercard,Debit (Prepaid),5390318153988797,2020-02-01,243,YES,2,67,2009-02-01,2014,No
3222,803,Discover,Credit,6713344750325700,2005-10-01,728,YES,2,15300,2001-06-01,2011,No
4882,803,Mastercard,Debit,5918188974230799,2021-01-01,670,YES,1,20552,2015-09-01,2015,No
524,193,Mastercard,Debit (Prepaid),5412046613062340,2021-03-01,587,YES,2,32,2020-01-01,2020,No
297,1686,Mastercard,Debit,5422337679062478,2024-02-01,976,YES,1,48003,2012-01-01,2012,No
2617,1686,Visa,Credit,4623874187817166,2024-07-01,385,YES,1,16300,2009-04-01,2013,No
2999,1686,Mastercard,Credit,5430681770747921,2024-04-01,594,YES,2,10800,2009-05-01,2010,No
89,1959,Amex,Credit,398744318776089,2021-02-01,992,YES,2,11100,2006-01-01,2009,No
1281,1342,Visa,Debit (Prepaid),4971872629769691,2022-06-01,724,YES,3,64,2011-02-01,2011,No
2070,1371,Visa,Credit,4007064696917946,2022-11-01,478,YES,1,17300,2004-03-01,2007,No
2328,1371,Mastercard,Credit,5282316108928795,2023-04-01,378,YES,1,13900,2014-03-01,2014,No
3117,1371,Mastercard,Debit,5739342319047051,2020-02-01,749,YES,2,23807,2012-05-01,2012,No
4059,1371,Visa,Debit (Prepaid),4025636893394293,2021-06-01,112,NO,2,140,2017-07-01,2017,No
4446,1371,Mastercard,Debit,5969443034028028,2024-12-01,783,YES,2,26329,2015-08-01,2015,No
3929,1371,Mastercard,Debit,5572820991241224,2023-09-01,178,NO,1,25224,2010-07-01,2011,No
4387,1067,Discover,Credit,6276276211895289,2020-12-01,681,YES,2,8500,2012-08-01,2012,No
1063,1067,Visa,Credit,4690211102957031,2023-06-01,820,NO,1,11200,2005-02-01,2009,No
3382,1067,Mastercard,Debit,5309046764363183,2013-01-01,336,YES,2,14576,2008-06-01,2011,No
3016,1067,Visa,Credit,4668940576231188,2021-04-01,310,YES,1,9000,2009-05-01,2009,No
1819,1067,Visa,Debit,4937598275581336,2020-06-01,557,YES,1,21409,2020-02-01,2020,No
2602,1019,Mastercard,Debit,5722539468448178,2014-03-01,567,YES,2,7406,2009-04-01,2014,No
5170,1019,Visa,Credit,4318814007161209,2016-03-01,388,YES,2,3300,2009-10-01,2010,No
5112,1019,Mastercard,Credit,5436428996800938,2023-11-01,845,YES,1,7300,2008-10-01,2010,No
4794,1019,Visa,Debit,4811603557913131,2024-10-01,994,YES,1,4386,2010-09-01,2016,No
6025,1568,Visa,Credit,4165611178865695,2023-07-01,388,YES,1,13000,2010-12-01,2012,No
977,1568,Mastercard,Debit,5318873508559141,2020-04-01,125,YES,2,14418,2000-02-01,2005,No
3000,1568,Mastercard,Debit,5390794078159439,2022-07-01,644,YES,2,9120,2009-05-01,2013,No
2913,1765,Visa,Debit,4240386642532591,2013-02-01,460,YES,1,11588,2006-05-01,2008,No
4808,1765,Mastercard,Credit,5529087189553039,2023-10-01,242,NO,1,7500,2011-09-01,2011,No
4376,1765,Visa,Debit,4874991494846383,2011-09-01,140,YES,2,18042,2011-08-01,2011,No
5731,1875,Mastercard,Debit,5208237598527230,2018-08-01,261,YES,2,13694,2017-11-01,2017,No
4100,1875,Mastercard,Debit,5198979610127128,2021-04-01,198,YES,2,15849,2001-08-01,2009,No
4167,1875,Visa,Debit,4557993037807765,2024-06-01,133,YES,1,16566,2005-08-01,2009,No
5955,1875,Discover,Credit,6626432321225878,2012-04-01,326,YES,1,10400,2009-12-01,2009,No
1550,1111,Mastercard,Credit,5222647370028655,2020-02-01,719,YES,1,9200,2020-02-01,2020,No
1551,1111,Mastercard,Debit,5809837164960502,2020-02-01,924,YES,2,17967,2020-02-01,2020,No
396,1111,Amex,Credit,396462574931667,2021-01-01,620,YES,2,8400,2020-01-01,2020,No
525,1160,Mastercard,Debit,5422957944601642,2024-09-01,948,YES,1,14168,2020-01-01,2020,No
1820,1160,Visa,Debit,4123194661733540,2020-06-01,64,YES,1,3149,2020-02-01,2020,No
1552,1574,Mastercard,Debit,5782529755084769,2023-04-01,269,YES,1,13161,2020-02-01,2020,No
1041,189,Visa,Credit,4754358973470963,2020-09-01,373,YES,2,11700,2004-02-01,2008,No
1370,189,Mastercard,Debit,5027764290591247,2019-01-01,566,YES,1,17678,2017-02-01,2017,No
4887,189,Visa,Debit (Prepaid),4326629340318761,2020-04-01,522,YES,1,81,2015-09-01,2015,No
4055,189,Mastercard,Debit,5305887216431015,2023-01-01,421,YES,2,26231,2017-07-01,2017,No
2367,466,Visa,Credit,4856130775211817,2021-11-01,465,YES,1,7700,2017-03-01,2017,No
5467,466,Visa,Credit,4665143171978631,2022-08-01,867,YES,1,6800,2006-11-01,2009,No
2247,466,Mastercard,Debit,5937799398015248,2023-03-01,923,YES,2,736,2010-03-01,2015,No
5263,659,Visa,Debit (Prepaid),4060923248609933,2018-08-01,596,YES,1,96,2012-10-01,2012,No
5304,659,Mastercard,Debit,5310596598623892,2017-04-01,141,NO,1,14977,2015-10-01,2015,No
1821,659,Visa,Debit,4341345706839092,2023-04-01,273,YES,1,13162,2020-02-01,2020,No
4864,659,Visa,Debit,4623542302475012,2019-11-01,482,YES,2,17649,2013-09-01,2013,No
5658,659,Visa,Debit,4494703150961667,2021-02-01,363,YES,1,10538,2011-11-01,2011,No
5486,659,Mastercard,Credit,5605519998768278,2022-02-01,522,YES,2,10500,2007-11-01,2011,No
128,659,Mastercard,Debit (Prepaid),5315223005212889,2020-11-01,984,YES,2,74,2007-01-01,2010,No
4973,942,Visa,Debit,4374159186975002,2018-02-01,407,YES,1,39441,2002-10-01,2008,No
3174,942,Mastercard,Debit,5253617024037347,2022-11-01,224,YES,2,27720,2016-05-01,2016,No
2670,942,Amex,Credit,376110023635089,2023-05-01,593,YES,1,20800,2011-04-01,2013,No
2772,942,Visa,Credit,4309882951597541,2022-10-01,139,YES,2,5300,2017-04-01,2017,No
22,1234,Visa,Debit (Prepaid),4634294164066043,2023-01-01,50,NO,1,65,2001-01-01,2007,No
1822,841,Visa,Debit,4252420197645247,2021-08-01,661,YES,2,20182,2020-02-01,2020,No
795,841,Visa,Credit,4729190647946641,2020-01-01,219,YES,2,8700,2020-01-01,2020,No
796,1388,Visa,Credit,4272312295078550,2020-05-01,575,YES,1,23300,2020-01-01,2020,No
797,1388,Visa,Debit,4159082277360922,2020-02-01,566,YES,1,8989,2020-01-01,2020,No
1553,1056,Mastercard,Debit,5227469913438853,2024-02-01,788,YES,1,41816,2020-02-01,2020,No
798,1056,Visa,Debit,4669977836863167,2020-03-01,452,YES,1,16202,2020-01-01,2020,No
3586,1056,Visa,Debit,4339544686242558,2020-10-01,141,YES,2,39457,2014-06-01,2014,No
3441,345,Visa,Credit,4346937080498804,2024-09-01,769,YES,3,7900,2009-06-01,2009,No
1084,308,Mastercard,Credit,5603668323038217,2023-01-01,118,YES,2,7400,2006-02-01,2008,No
3628,308,Mastercard,Debit (Prepaid),5677571318458572,2023-08-01,426,YES,2,107,2018-06-01,2018,No
2421,1922,Visa,Debit (Prepaid),4910699106963260,2021-03-01,36,YES,1,24,2001-04-01,2009,No
3280,1156,Visa,Debit,4129256843458775,2022-08-01,936,YES,2,88743,2004-06-01,2010,No
12,1156,Visa,Credit,4008696033204121,2023-02-01,124,NO,1,57200,1999-01-01,2011,No
3143,1156,Discover,Credit,6822627615926082,2022-08-01,344,NO,1,2500,2014-05-01,2014,No
4128,1156,Mastercard,Debit,5843025504634580,2009-12-01,568,YES,1,151223,2004-08-01,2009,No
175,1156,Visa,Credit,4860334220798378,2020-02-01,146,YES,1,61100,2008-01-01,2010,No
3764,561,Mastercard,Debit,5250625336912959,2022-04-01,326,YES,1,26960,2006-07-01,2010,No
6053,561,Visa,Debit,4295691183724130,2022-12-01,78,YES,1,16531,2011-12-01,2011,No
2716,561,Mastercard,Debit (Prepaid),5918296616309874,2024-05-01,983,YES,1,69,2013-04-01,2013,No
6119,561,Mastercard,Debit,5051979533646210,2021-08-01,72,YES,1,14054,2016-12-01,2016,No
4575,561,Mastercard,Credit,5175842699412235,2024-12-01,438,YES,1,9100,2005-09-01,2015,No
526,507,Mastercard,Debit (Prepaid),5366433748394946,2020-02-01,959,YES,3,74,2020-01-01,2020,No
5316,1522,Visa,Credit,4260588104283621,2024-06-01,646,YES,2,23000,2016-10-01,2016,No
5213,1522,Visa,Credit,4328913170467623,2024-09-01,875,YES,2,21900,2010-10-01,2013,No
368,1522,Mastercard,Credit,5856087823647751,2020-02-01,101,YES,2,11200,2018-01-01,2018,No
5545,695,Visa,Debit,4918920924597941,2020-12-01,463,YES,1,22676,2008-11-01,2012,No
3442,285,Visa,Debit (Prepaid),4099931530727553,2022-02-01,393,YES,1,65,2009-06-01,2009,No
4196,285,Discover,Credit,6749467984713176,2010-08-01,619,YES,2,12000,2007-08-01,2012,No
2156,285,Visa,Debit,4141516913053061,2020-05-01,962,YES,1,20723,2007-03-01,2013,No
2927,285,Mastercard,Credit,5158289509346685,2023-01-01,32,YES,2,11500,2007-05-01,2007,No
5747,285,Discover,Credit,6676808854553552,2021-04-01,65,YES,2,7300,1991-12-01,2009,No
5041,113,Amex,Credit,300105541992311,2010-07-01,939,NO,1,14400,2006-10-01,2010,No
3608,113,Mastercard,Credit,5263770459718869,2021-10-01,775,YES,2,14200,2016-06-01,2016,No
3705,113,Visa,Debit,4642596554799017,2020-06-01,494,YES,1,18818,2003-07-01,2008,No
4586,113,Visa,Debit,4197307053098795,2022-02-01,125,YES,1,20509,2005-09-01,2007,No
4526,113,Visa,Debit,4171435281156177,2023-01-01,914,YES,1,17510,2002-09-01,2008,No
4937,1039,Visa,Debit,4510409231872101,2024-06-01,704,YES,1,3335,1998-10-01,2012,No
5791,1039,Mastercard,Debit,5804171060704037,2020-02-01,104,YES,2,4598,2003-12-01,2017,No
304,1039,Visa,Credit,4015655705133748,2020-01-01,144,YES,2,4900,2012-01-01,2012,No
5004,1039,Mastercard,Debit,5955617938111739,2013-08-01,483,YES,2,18498,2004-10-01,2010,No
2943,176,Visa,Debit,4801908937828143,2024-02-01,380,YES,2,7312,2007-05-01,2008,No
2603,176,Mastercard,Debit,5064601983715345,2024-06-01,589,YES,2,34799,2009-04-01,2014,No
972,176,Visa,Debit,4826493105617247,2021-04-01,588,YES,2,19882,1999-02-01,2010,No
6026,176,Visa,Debit (Prepaid),4787366069867365,2019-12-01,787,YES,2,57,2010-12-01,2017,No
2049,1104,Visa,Debit,4860568003530350,2005-06-01,137,YES,1,14383,2003-03-01,2011,No
4507,1104,Visa,Debit,4699453860223857,2005-12-01,654,NO,1,20666,2000-09-01,2011,No
4768,1104,Mastercard,Credit,5708794034518412,2024-04-01,59,NO,1,8600,2010-09-01,2012,No
4849,1104,Mastercard,Credit,5882977035145192,2021-10-01,491,YES,2,11400,2013-09-01,2013,No
3994,1104,Mastercard,Debit,5229188034672607,2012-12-01,135,YES,2,19695,2012-07-01,2012,No
5766,1104,Visa,Debit,4061173043608031,2021-05-01,265,YES,1,16578,2000-12-01,2010,No
5297,946,Visa,Credit,4489171973874626,2020-09-01,973,YES,2,8700,2014-10-01,2014,No
5403,946,Mastercard,Credit,5004215911399097,2022-01-01,811,YES,1,10600,2004-11-01,2013,No
97,946,Mastercard,Debit,5079585270593856,2021-02-01,606,YES,1,12925,2006-01-01,2010,No
4487,946,Mastercard,Debit,5364046151913832,1997-10-01,969,YES,2,906,1994-09-01,2013,No
527,1465,Mastercard,Credit,5118544604271729,2023-01-01,774,YES,1,11600,2020-01-01,2020,No
4903,1465,Amex,Credit,315010583302267,2021-06-01,201,YES,2,10700,2017-09-01,2017,No
1173,1465,Mastercard,Debit,5023279394330752,2022-02-01,976,NO,1,42142,2009-02-01,2010,No
1554,25,Mastercard,Credit,5947629329454123,2020-02-01,571,YES,1,4000,2020-02-01,2020,No
1350,571,Amex,Credit,398280185520858,2015-11-01,89,YES,2,7200,2015-02-01,2015,No
312,571,Mastercard,Debit,5611435574657615,2023-02-01,150,YES,2,13019,2013-01-01,2013,No
4047,571,Visa,Debit,4401126536336200,2023-11-01,42,YES,1,16647,2016-07-01,2016,No
5960,571,Mastercard,Debit,5060522440059037,2017-02-01,556,YES,1,12247,2009-12-01,2009,No
528,1396,Mastercard,Debit (Prepaid),5683429952038146,2020-02-01,101,YES,1,23,2020-01-01,2020,No
799,1396,Visa,Debit (Prepaid),4412629636683083,2024-05-01,282,YES,1,91,2020-01-01,2020,No
1555,1396,Mastercard,Debit (Prepaid),5887279363070093,2020-02-01,119,YES,2,77,2020-02-01,2020,No
1823,599,Visa,Debit,4802532694603491,2021-03-01,868,YES,1,82677,2020-02-01,2020,No
800,599,Visa,Credit,4190870670928435,2023-07-01,928,YES,2,23400,2020-01-01,2020,No
529,599,Mastercard,Debit,5040077771754434,2020-01-01,475,YES,1,72868,2020-01-01,2020,No
4539,1074,Visa,Debit,4479936453853477,2024-09-01,793,NO,2,15029,2003-09-01,2007,No
3903,1074,Visa,Credit,4131571170230452,2021-05-01,738,YES,1,9700,2009-07-01,2013,No
5961,1074,Mastercard,Debit,5531150587815560,2023-12-01,428,YES,2,6847,2009-12-01,2009,No
2044,1074,Mastercard,Credit,5291527325386659,2022-07-01,396,YES,2,4800,2003-03-01,2011,No
4108,1074,Mastercard,Debit,5482406481344925,2022-02-01,332,YES,1,17294,2002-08-01,2010,No
5680,214,Visa,Credit,4159886669620519,2012-11-01,693,YES,3,0,2012-11-01,2012,No
5005,771,Mastercard,Debit,5024268740137327,2024-10-01,738,YES,2,5857,2004-10-01,2007,No
4986,771,Mastercard,Debit,5778350556346106,2023-01-01,199,YES,2,17536,2003-10-01,2010,No
3803,771,Mastercard,Debit (Prepaid),5559733534356395,2020-09-01,153,YES,2,61,2007-07-01,2016,No
5104,520,Amex,Credit,371903508360130,2024-04-01,251,YES,1,13300,2008-10-01,2014,No
2020,520,Mastercard,Debit,5905896056968976,2022-05-01,924,YES,1,34278,2001-03-01,2010,No
4129,520,Mastercard,Debit,5844997309688106,2007-10-01,563,YES,2,38235,2004-08-01,2016,No
3948,520,Visa,Debit,4719754046419733,2024-09-01,990,NO,2,1587,2010-07-01,2013,No
2659,520,Visa,Debit,4594555086793748,2022-10-01,454,YES,2,28156,2010-04-01,2010,No
5468,288,Visa,Credit,4591747777139073,2022-05-01,694,NO,1,6500,2006-11-01,2018,No
6039,288,Mastercard,Debit,5592784175875657,2012-10-01,692,YES,2,4324,2011-12-01,2011,No
3497,288,Visa,Debit,4495057265994448,2022-01-01,846,YES,2,1112,2010-06-01,2010,No
1824,1979,Visa,Credit,4461982939631759,2020-02-01,706,YES,1,19600,2020-02-01,2020,No
2548,1979,Visa,Debit,4086265157159129,2023-05-01,965,YES,2,15182,2007-04-01,2009,No
4396,1979,Visa,Credit,4813172947971800,2017-05-01,550,YES,1,14200,2012-08-01,2012,No
2812,1979,Mastercard,Debit,5393830319691225,2022-08-01,765,YES,1,30065,2001-05-01,2011,No
1825,1253,Visa,Credit,4254314337252554,2022-05-01,597,NO,1,10600,2020-02-01,2020,No
5691,1253,Visa,Debit,4792077988071121,2020-08-01,969,YES,1,39764,2013-11-01,2013,No
3841,1253,Mastercard,Debit,5546499017389142,2023-10-01,468,YES,1,27208,2008-07-01,2008,No
2248,1253,Mastercard,Debit,5498290106887759,2016-03-01,927,NO,1,29637,2010-03-01,2010,No
1556,1253,Mastercard,Debit,5969016640971734,2020-02-01,625,YES,1,24442,2020-02-01,2020,No
2561,1253,Mastercard,Debit,5805455899430052,2024-09-01,461,YES,2,28390,2008-04-01,2008,No
4869,311,Amex,Credit,398921295633424,2024-01-01,659,YES,2,6600,2014-09-01,2014,No
4094,311,Mastercard,Debit,5922157962642456,2007-10-01,869,YES,1,11510,1999-08-01,2011,No
4600,311,Mastercard,Credit,5840051343792983,2012-06-01,650,YES,1,6400,2006-09-01,2011,No
93,311,Discover,Credit,6129847719830710,2024-08-01,972,YES,1,1800,2006-01-01,2007,No
81,1346,Visa,Credit,4509891646969778,2024-03-01,503,YES,2,1500,2005-01-01,2009,No
801,1346,Visa,Debit,4836727908429089,2020-01-01,314,YES,1,14813,2020-01-01,2020,No
2877,1622,Mastercard,Debit,5215629197170613,2020-12-01,502,YES,2,40176,2005-05-01,2009,No
90,852,Amex,Credit,377759808724051,2023-10-01,360,YES,1,10300,2006-01-01,2013,No
1282,852,Visa,Credit,4373234712011855,2020-01-01,735,YES,2,4400,2011-02-01,2011,No
4187,852,Visa,Debit,4251519859550278,2019-04-01,637,YES,2,15878,2006-08-01,2008,No
4039,1394,Visa,Credit,4812870507989207,2020-06-01,393,YES,2,8500,2015-07-01,2015,No
530,1394,Mastercard,Debit,5610324213392857,2023-10-01,951,YES,2,18022,2020-01-01,2020,No
3468,1394,Mastercard,Debit,5542638681640102,2016-06-01,555,YES,1,19597,2010-06-01,2010,No
6027,1394,Visa,Debit,4365836294015490,2021-09-01,569,YES,1,51504,2010-12-01,2010,No
82,957,Visa,Debit,4823239404534030,2021-10-01,123,YES,2,28717,2005-01-01,2014,No
5042,957,Amex,Credit,335477025007820,2021-11-01,741,NO,1,7100,2006-10-01,2006,No
4532,957,Mastercard,Debit,5405712448987535,2020-06-01,515,NO,1,27974,2003-09-01,2012,No
5078,515,Mastercard,Debit,5713915813035539,2022-12-01,155,NO,2,6629,2007-10-01,2008,No
5487,515,Mastercard,Debit,5554873957809710,2024-03-01,511,YES,2,2093,2007-11-01,2015,No
3984,515,Visa,Debit,4170871321743414,2023-09-01,676,YES,2,27053,2011-07-01,2011,No
3235,515,Mastercard,Debit,5870786595656028,2023-05-01,221,YES,2,15800,2002-06-01,2012,No
2831,1303,Visa,Debit,4178535461392083,2015-05-01,804,YES,1,20699,2002-05-01,2008,No
2705,1303,Visa,Debit,4671850635889899,2020-11-01,859,YES,2,31662,2012-04-01,2012,No
6000,1303,Mastercard,Credit,5219123186357731,2023-06-01,5,YES,1,18900,2010-12-01,2011,No
5059,1303,Visa,Credit,4135829985251308,2006-11-01,69,YES,2,14200,2006-10-01,2010,No
6085,1303,Mastercard,Debit,5434239693376748,2022-12-01,501,YES,2,25292,2013-12-01,2013,No
1557,1303,Mastercard,Debit,5483162440698414,2023-03-01,973,YES,1,19299,2020-02-01,2020,No
4226,1303,Visa,Debit,4815904170762930,2017-03-01,581,YES,2,27215,2007-08-01,2010,No
3765,1287,Mastercard,Debit,5461068745624979,2012-04-01,47,YES,2,10934,2006-07-01,2015,No
5564,296,Mastercard,Credit,5831265252494760,2015-04-01,530,YES,2,20300,2009-11-01,2010,No
4939,296,Amex,Credit,364958962386268,2012-10-01,140,YES,2,9700,1999-10-01,2007,No
3331,296,Visa,Debit (Prepaid),4237846626072618,2023-08-01,204,NO,2,87,2006-06-01,2006,No
1330,1059,Visa,Credit,4365828013345605,2023-02-01,945,YES,2,11700,2013-02-01,2013,No
2641,1059,Mastercard,Debit,5577607865497293,2024-12-01,463,YES,2,16460,2010-04-01,2010,No
4483,1059,Visa,Debit,4602472596754075,2023-04-01,588,YES,1,27036,2019-08-01,2019,No
5641,1378,Amex,Credit,343796888595234,2020-06-01,130,YES,2,3100,2011-11-01,2011,No
283,1378,Visa,Debit,4686786422368480,2021-08-01,648,YES,1,21757,2011-01-01,2011,No
4227,1378,Visa,Debit,4584216972557578,2021-07-01,880,YES,2,15925,2007-08-01,2007,No
2921,1378,Amex,Credit,335015591165588,2019-12-01,916,YES,1,10100,2007-05-01,2016,No
4066,1297,Mastercard,Debit,5198483282511111,2022-07-01,392,YES,2,20660,2018-07-01,2018,No
1242,1297,Visa,Debit,4470355925741360,2022-05-01,231,YES,1,18301,2010-02-01,2010,No
5627,1297,Visa,Credit,4118885453058690,2011-05-01,419,YES,2,14200,2010-11-01,2018,No
5982,1727,Visa,Debit,4475380884726150,2024-06-01,972,YES,1,24230,2009-12-01,2011,No
319,1727,Visa,Debit,4304585079155855,2013-10-01,340,YES,1,19636,2013-01-01,2013,No
1379,1727,Mastercard,Debit (Prepaid),5000846807980564,2024-07-01,345,YES,3,102,2018-02-01,2018,No
5329,1727,Mastercard,Debit,5655027232477390,2022-09-01,848,YES,2,21218,2018-10-01,2018,No
4918,1727,Visa,Debit,4602706416826257,2021-03-01,862,YES,2,27066,2018-09-01,2018,No
3766,1727,Mastercard,Debit,5180082121310715,2016-06-01,148,YES,2,19723,2006-07-01,2010,No
1826,310,Visa,Debit,4906910670363168,2020-12-01,443,YES,2,21990,2020-02-01,2020,No
531,310,Mastercard,Debit,5037135277339675,2021-11-01,719,YES,2,26251,2020-01-01,2020,No
1359,673,Visa,Debit,4815588963693440,2022-04-01,752,NO,2,14614,2015-02-01,2015,No
2422,673,Visa,Credit,4239689640583423,2022-11-01,10,YES,1,12800,2001-04-01,2003,No
978,673,Mastercard,Debit,5965680471968381,2006-02-01,491,YES,2,17897,2000-02-01,2013,No
1827,673,Visa,Credit,4023269244492110,2024-06-01,413,YES,1,8700,2020-02-01,2020,No
4570,1283,Amex,Credit,388335286539294,2021-09-01,695,YES,2,19500,2005-09-01,2007,No
2341,1283,Mastercard,Debit,5418596356337176,2015-06-01,899,YES,1,24111,2015-03-01,2015,No
5305,1283,Mastercard,Debit,5930575507132281,2023-06-01,751,YES,1,34839,2015-10-01,2015,No
3469,1283,Mastercard,Credit,5293527173763220,2023-04-01,542,YES,1,12800,2010-06-01,2012,No
5404,1239,Mastercard,Credit,5073085904399854,2021-10-01,19,YES,2,9600,2004-11-01,2011,No
3744,1239,Visa,Debit,4046787704522231,2022-04-01,654,YES,2,15112,2005-07-01,2016,No
532,1239,Mastercard,Credit,5539431041002735,2024-09-01,932,YES,2,11100,2020-01-01,2020,No
1243,1239,Visa,Debit,4488660162981931,2023-06-01,852,YES,1,14295,2010-02-01,2010,No
533,1691,Mastercard,Credit,5618482408174959,2020-02-01,793,YES,1,5400,2020-01-01,2020,No
225,1078,Mastercard,Debit,5792661772040761,2023-10-01,862,YES,2,18092,2010-01-01,2015,No
5488,1078,Mastercard,Debit,5446646218200600,2022-12-01,473,YES,2,23244,2007-11-01,2007,No
4397,124,Visa,Debit,4886036634951653,2023-04-01,841,YES,1,12639,2012-08-01,2012,No
4022,124,Mastercard,Debit,5208111902646302,2021-12-01,143,YES,1,13482,2014-07-01,2014,No
3050,124,Mastercard,Debit,5683051566552763,2024-03-01,924,YES,1,13022,2010-05-01,2010,No
2725,124,Mastercard,Debit,5024398810633935,2020-02-01,575,NO,2,23999,2014-04-01,2014,No
2819,99,Visa,Debit,4388509355512107,2020-01-01,52,YES,2,12837,2001-05-01,2013,No
3345,99,Mastercard,Debit,5133994303927341,2012-07-01,12,YES,1,25177,2007-06-01,2012,No
2869,99,Visa,Credit,4999872563975234,2006-01-01,258,YES,1,18800,2004-05-01,2011,No
2736,1722,Visa,Credit,4012239673381945,2020-03-01,960,YES,2,3900,2014-04-01,2014,No
427,562,Discover,Credit,6491563889949652,2023-02-01,834,YES,2,7200,2020-01-01,2020,No
3250,750,Mastercard,Debit,5040046262063377,2024-12-01,731,YES,2,11749,2003-06-01,2015,No
4550,750,Mastercard,Debit (Prepaid),5361683790644838,2021-01-01,225,YES,1,77,2004-09-01,2011,No
5251,1223,Visa,Debit,4239806874218454,2011-11-01,564,YES,2,86262,2011-10-01,2011,No
1042,1223,Visa,Debit,4546418791213683,2010-06-01,955,YES,1,92939,2004-02-01,2011,No
384,1223,Visa,Debit,4025546651211985,2024-02-01,741,YES,2,64613,2019-01-01,2019,No
1828,1319,Visa,Debit,4576325893639027,2020-02-01,8,YES,2,27305,2020-02-01,2020,No
4271,575,Visa,Debit,4816684331004039,2023-01-01,757,YES,1,24546,2008-08-01,2010,No
369,575,Mastercard,Debit,5313945757861658,2018-09-01,764,YES,1,25121,2018-01-01,2018,No
3663,575,Discover,Credit,6733959530204171,2022-09-01,878,YES,1,17000,2001-07-01,2018,No
5278,575,Visa,Credit,4506945480857983,2023-05-01,476,YES,2,6800,2013-10-01,2013,No
4360,575,Mastercard,Credit,5891397747740840,2013-12-01,198,YES,2,15100,2011-08-01,2011,No
3842,428,Mastercard,Credit,5479226934776678,2013-09-01,276,YES,1,14300,2008-07-01,2008,No
1351,428,Amex,Credit,340213655737651,2024-11-01,108,YES,2,8800,2015-02-01,2015,No
3126,828,Visa,Credit,4073585160932951,2023-05-01,635,YES,2,4100,2012-05-01,2012,No
4235,828,Amex,Credit,354919576312722,2021-08-01,795,YES,1,9500,2008-08-01,2016,No
3767,828,Mastercard,Credit,5569011066508197,2010-06-01,780,YES,1,8500,2006-07-01,2011,No
1829,1580,Visa,Debit,4699690787956736,2023-05-01,5,NO,2,21741,2020-02-01,2020,No
1830,1580,Visa,Debit,4748742930224055,2020-09-01,974,YES,1,1741,2020-02-01,2020,No
1558,1570,Mastercard,Debit (Prepaid),5941982171557637,2021-04-01,756,YES,2,74,2020-02-01,2020,No
1831,1570,Visa,Credit,4224965156816542,2024-02-01,389,NO,1,8700,2020-02-01,2020,No
534,1570,Mastercard,Debit (Prepaid),5515026771729881,2024-03-01,311,YES,1,63,2020-01-01,2020,No
221,846,Amex,Credit,371624685132627,2022-10-01,297,YES,2,18400,2010-01-01,2015,No
2789,846,Visa,Credit,4682031333555589,2022-12-01,219,YES,2,9700,2019-04-01,2019,No
3886,846,Mastercard,Credit,5437152511733314,2022-01-01,853,YES,1,13800,2009-07-01,2017,No
3443,846,Visa,Credit,4518067619451768,2020-06-01,429,YES,2,0,2009-06-01,2011,No
1244,666,Visa,Debit,4422198494122153,2020-10-01,852,YES,2,22501,2010-02-01,2010,No
4838,335,Visa,Debit,4680510288921428,2013-09-01,217,YES,2,25307,2012-09-01,2012,No
5131,335,Visa,Debit,4414800408438414,2020-06-01,833,YES,1,23401,2008-10-01,2011,No
353,335,Mastercard,Debit,5039380212110238,2020-07-01,830,YES,1,34385,2016-01-01,2016,No
5016,639,Visa,Debit,4201603557566123,2023-01-01,380,YES,2,15485,2004-10-01,2010,No
129,639,Mastercard,Debit,5903118148557393,2022-11-01,939,NO,3,14156,2007-01-01,2018,No
4877,639,Visa,Credit,4433520087348350,2021-11-01,303,YES,2,12400,2014-09-01,2014,No
4833,639,Mastercard,Debit,5653383391642965,2024-05-01,280,YES,2,14850,2012-09-01,2012,No
3673,386,Mastercard,Debit,5639527120868397,2023-10-01,126,YES,1,25093,2002-07-01,2006,No
535,886,Mastercard,Debit,5283951994405151,2020-01-01,201,NO,1,19991,2020-01-01,2020,No
536,297,Mastercard,Debit (Prepaid),5876773249686695,2022-09-01,942,YES,2,29,2020-01-01,2020,No
1832,1860,Visa,Debit,4786571889403869,2023-08-01,592,YES,2,28422,2020-02-01,2020,No
1833,1860,Visa,Credit,4061205624693615,2020-02-01,148,YES,1,10100,2020-02-01,2020,No
4244,1860,Mastercard,Debit (Prepaid),5565765822212471,2023-12-01,119,YES,2,40,2008-08-01,2018,No
211,581,Visa,Debit,4566018104845496,2020-08-01,490,YES,1,12589,2009-01-01,2011,No
2320,581,Visa,Debit,4997480551334716,2023-09-01,51,YES,2,11885,2013-03-01,2013,No
3691,581,Mastercard,Debit,5572601780823600,2024-03-01,642,YES,1,18820,2003-07-01,2008,No
4615,1910,Visa,Debit,4101200741078800,2020-06-01,810,YES,2,8562,2006-09-01,2008,No
5505,1910,Visa,Debit,4153032185259106,2022-05-01,614,YES,1,5933,2007-11-01,2009,No
3242,1910,Visa,Debit (Prepaid),4227171668701156,2024-10-01,319,YES,2,33,2002-06-01,2018,No
3288,1910,Mastercard,Debit,5465784735932043,2021-08-01,490,YES,1,10764,2005-06-01,2007,No
1559,731,Mastercard,Credit,5448351633948320,2020-06-01,592,YES,1,8900,2020-02-01,2020,No
5659,731,Visa,Debit,4778187080028211,2024-01-01,74,YES,2,6781,2011-11-01,2011,No
802,731,Visa,Debit,4514571438412414,2020-01-01,377,YES,2,12116,2020-01-01,2020,No
1111,21,Mastercard,Debit,5962105909908856,2021-08-01,615,YES,2,21131,2007-02-01,2007,No
2745,21,Mastercard,Debit,5977475805952055,2015-06-01,815,YES,2,13383,2015-04-01,2015,No
4769,21,Mastercard,Debit (Prepaid),5491556655486869,2023-05-01,226,YES,1,58,2010-09-01,2010,No
5777,273,Discover,Credit,6375330614788153,2021-02-01,523,YES,2,14600,2002-12-01,2008,No
397,63,Amex,Credit,356226851008135,2020-01-01,792,NO,1,6600,2020-01-01,2020,No
2805,63,Visa,Debit,4128926575959194,2020-06-01,827,YES,1,23806,1999-05-01,2008,No
60,63,Visa,Debit,4840372814737208,2022-11-01,357,YES,2,17082,2004-01-01,2011,No
5489,63,Mastercard,Debit,5573468131965566,2024-09-01,258,YES,1,16422,2007-11-01,2011,No
4632,63,Mastercard,Debit,5566429737412055,2024-04-01,6,YES,1,15353,2007-09-01,2011,No
4067,63,Mastercard,Debit (Prepaid),5570187893542298,2024-07-01,610,YES,1,66,2018-07-01,2018,No
537,786,Mastercard,Debit,5360341319255168,2024-07-01,985,YES,2,7221,2020-01-01,2020,No
1834,786,Visa,Debit,4892181339731576,2022-07-01,846,YES,2,21032,2020-02-01,2020,No
538,1886,Mastercard,Credit,5437743244958188,2022-09-01,676,YES,1,11900,2020-01-01,2020,No
803,1886,Visa,Debit,4064511982908640,2020-02-01,861,YES,2,15328,2020-01-01,2020,No
270,103,Mastercard,Debit,5593047322938366,2020-02-01,697,YES,1,15023,2011-01-01,2011,No
5113,103,Mastercard,Credit,5027469645306341,2023-03-01,841,YES,2,8500,2008-10-01,2008,No
3930,103,Mastercard,Debit,5260164218460494,2014-12-01,234,YES,2,17667,2010-07-01,2011,No
110,103,Visa,Debit,4891248998438646,2023-04-01,860,YES,2,20549,2006-01-01,2007,No
967,103,Mastercard,Debit,5998541932516719,2009-11-01,863,YES,1,1738,1999-02-01,2007,No
5681,1193,Visa,Debit,4933381182408329,2020-11-01,961,YES,1,34013,2012-11-01,2012,No
4023,1193,Mastercard,Debit,5896188747962564,2022-12-01,194,YES,1,38290,2014-07-01,2014,No
5962,1193,Mastercard,Debit,5429242008081571,2018-12-01,151,YES,1,17718,2009-12-01,2010,No
4533,1193,Mastercard,Debit,5485368757971908,2020-01-01,442,NO,1,25878,2003-09-01,2009,No
2963,1193,Mastercard,Debit,5771106543332286,2013-03-01,600,YES,1,22858,2008-05-01,2010,No
5881,585,Mastercard,Debit,5035566276017342,2024-09-01,348,NO,1,19913,2007-12-01,2010,No
1560,1532,Mastercard,Debit,5146721520853896,2022-06-01,597,YES,1,18648,2020-02-01,2020,No
3215,1958,Mastercard,Debit,5622888585637629,2023-01-01,818,YES,1,9676,2000-06-01,2009,No
3680,1958,Visa,Credit,4090651468730805,2024-07-01,347,YES,2,4900,2002-07-01,2004,No
1283,1958,Visa,Debit (Prepaid),4015493899295533,2023-04-01,455,YES,1,62,2011-02-01,2011,No
3578,1958,Mastercard,Debit,5331374110302611,2020-08-01,392,YES,1,17957,2014-06-01,2014,No
3843,1958,Mastercard,Credit,5120155075854705,2023-10-01,69,YES,2,13100,2008-07-01,2008,No
4594,744,Discover,Credit,6907469862919142,2021-01-01,78,YES,1,10700,2006-09-01,2017,No
5720,744,Amex,Credit,397876125303268,2022-04-01,283,YES,1,14400,2016-11-01,2016,No
4571,744,Amex,Credit,320874983741928,2021-08-01,637,YES,1,20400,2005-09-01,2016,No
4158,744,Mastercard,Debit,5216119435076209,2024-12-01,938,YES,2,1816,2005-08-01,2009,No
2849,744,Amex,Credit,388894604011447,2009-11-01,475,YES,2,2200,2004-05-01,2008,No
4140,1836,Visa,Credit,4477205451217988,2020-01-01,510,YES,2,4600,2004-08-01,2011,No
2450,477,Visa,Debit (Prepaid),4832425456568319,2022-12-01,771,YES,2,91,2003-04-01,2015,No
2692,477,Mastercard,Credit,5573356132288877,2024-02-01,39,NO,2,14400,2012-04-01,2012,No
1064,477,Visa,Debit,4990883053108043,2007-09-01,717,YES,1,18647,2005-02-01,2007,No
4168,477,Visa,Credit,4205703038691363,2020-10-01,715,YES,1,18100,2005-08-01,2008,No
3419,477,Mastercard,Debit (Prepaid),5452849951871914,2020-04-01,510,YES,2,35,2009-06-01,2009,No
1835,1713,Visa,Debit,4798004786727366,2023-04-01,439,YES,1,19079,2020-02-01,2020,No
804,1506,Visa,Debit,4146173833591127,2020-02-01,127,YES,1,10686,2020-01-01,2020,No
1836,1506,Visa,Debit,4170284395296715,2021-02-01,886,YES,2,30000,2020-02-01,2020,No
3706,357,Visa,Debit,4908013395790270,2021-07-01,30,YES,1,41221,2003-07-01,2011,No
2085,357,Mastercard,Debit,5565610768898340,2024-07-01,214,YES,1,29170,2005-03-01,2006,No
5481,357,Discover,Credit,6194011434705938,2022-04-01,513,YES,3,19800,2007-11-01,2011,No
2832,357,Visa,Credit,4227790214165429,2022-04-01,326,YES,2,14500,2002-05-01,2007,No
4883,535,Mastercard,Credit,5449971634656595,2024-06-01,172,YES,2,12200,2015-09-01,2015,No
1085,778,Mastercard,Debit,5726263807352663,2022-03-01,675,YES,2,1500,2006-02-01,2018,No
3228,778,Visa,Credit,4367416449267714,2014-08-01,163,NO,1,13700,2001-06-01,2005,No
539,778,Mastercard,Debit,5103357334539485,2023-09-01,3,YES,2,15895,2020-01-01,2020,No
1837,950,Visa,Credit,4989332552056925,2020-04-01,250,YES,1,3000,2020-02-01,2020,No
2562,1080,Mastercard,Debit,5657550046539675,2021-06-01,692,YES,1,1470,2008-04-01,2008,No
5844,1080,Visa,Credit,4590969585932290,2023-12-01,836,YES,2,5500,2005-12-01,2010,No
1838,1197,Visa,Debit,4320531705592796,2021-12-01,275,YES,2,4326,2020-02-01,2020,No
1839,1197,Visa,Credit,4713354839986613,2023-05-01,290,YES,2,13600,2020-02-01,2020,No
540,1197,Mastercard,Debit,5083490519087277,2022-01-01,232,YES,1,37002,2020-01-01,2020,No
4689,711,Visa,Debit,4460024958657540,2020-01-01,704,YES,2,9562,2008-09-01,2011,No
3995,1731,Mastercard,Debit,5872752390879513,2020-09-01,772,YES,1,18244,2012-07-01,2012,No
4888,1731,Visa,Debit (Prepaid),4662000840694246,2023-09-01,924,YES,2,81,2015-09-01,2015,No
34,1731,Amex,Credit,375953550153829,2022-12-01,888,YES,1,13700,2003-01-01,2017,No
5930,1731,Mastercard,Credit,5225763870748438,2020-06-01,627,YES,1,6000,2008-12-01,2010,No
2797,1731,Mastercard,Debit,5543346867967379,2024-11-01,275,YES,1,16409,1998-05-01,2008,No
4616,1731,Visa,Debit,4601299602284616,2022-03-01,652,YES,2,15822,2006-09-01,2009,No
5810,451,Mastercard,Debit,5238065973168619,2023-09-01,266,YES,2,1447,2004-12-01,2010,No
3768,451,Mastercard,Credit,5187091395766799,2020-05-01,843,YES,3,6600,2006-07-01,2010,No
3786,1290,Visa,Credit,4603076242608163,2009-10-01,377,YES,1,15700,2006-07-01,2011,No
3629,1290,Mastercard,Debit,5588067020596088,2021-01-01,208,YES,2,26704,2018-06-01,2018,No
2530,1817,Mastercard,Debit,5686575699244488,2024-12-01,666,YES,2,43033,2007-04-01,2013,No
1444,56,Discover,Credit,6658549025356902,2024-02-01,578,YES,1,5800,2020-02-01,2020,No
805,56,Visa,Credit,4609674436334775,2023-07-01,820,YES,1,6900,2020-01-01,2020,No
4949,1383,Mastercard,Debit,5027291418907395,2022-02-01,118,YES,1,17432,2001-10-01,2014,No
3146,1915,Mastercard,Debit,5937648730770388,2024-12-01,903,YES,1,34453,2014-05-01,2014,No
4116,1915,Mastercard,Credit,5892514772578316,2023-04-01,771,YES,1,14800,2003-08-01,2018,No
5031,1915,Visa,Debit,4750687309919007,2021-02-01,667,YES,1,2603,2005-10-01,2012,No
2113,1915,Mastercard,Debit,5409845888265723,2023-10-01,832,YES,2,11568,2006-03-01,2008,No
3229,1882,Visa,Debit,4848394515179455,2024-01-01,918,YES,1,35943,2001-06-01,2009,No
2672,1882,Discover,Credit,6504367247289968,2019-01-01,580,YES,1,13600,2011-04-01,2011,No
5882,1882,Mastercard,Debit,5964535277999798,2022-03-01,245,YES,2,8671,2007-12-01,2009,No
3556,1467,Visa,Debit,4479897458047272,2024-12-01,411,YES,1,24498,2012-06-01,2012,No
5132,1791,Visa,Debit,4270283600301122,2020-09-01,51,YES,1,21751,2008-10-01,2008,No
2215,1791,Mastercard,Debit,5324796450432106,2022-11-01,746,YES,3,18021,2009-03-01,2009,No
4587,1791,Visa,Debit,4510686870861755,2023-01-01,713,YES,2,7830,2005-09-01,2010,No
2142,447,Mastercard,Debit,5345290500556939,2021-12-01,888,YES,2,17980,2007-03-01,2007,No
4617,447,Visa,Credit,4659755318123494,2024-01-01,764,YES,2,9000,2006-09-01,2008,No
5405,447,Mastercard,Debit,5357793088955286,2012-07-01,544,YES,1,16034,2004-11-01,2013,No
3692,447,Mastercard,Debit,5625327420318301,2022-12-01,428,YES,2,323,2003-07-01,2009,No
3865,447,Visa,Debit,4607469261117911,2021-06-01,388,YES,1,6611,2008-07-01,2008,No
4967,1640,Mastercard,Debit,5592976284572731,2023-06-01,696,YES,1,14231,2002-10-01,2010,No
5171,1640,Visa,Credit,4897415542074817,2019-01-01,363,YES,1,11400,2009-10-01,2009,No
1065,1640,Visa,Credit,4533131033936549,2021-10-01,612,YES,2,5900,2005-02-01,2009,No
4795,636,Visa,Debit,4711994375142426,2022-04-01,577,YES,1,3915,2010-09-01,2010,No
3420,636,Mastercard,Debit,5898219587988129,2022-08-01,295,YES,2,8882,2009-06-01,2015,No
4361,636,Mastercard,Debit,5673609398481611,2020-02-01,990,YES,1,1218,2011-08-01,2012,No
284,636,Visa,Debit,4071490746118665,2020-07-01,498,YES,1,12057,2011-01-01,2018,No
4169,782,Visa,Debit,4310420575646294,2023-01-01,18,YES,2,13435,2005-08-01,2008,No
3051,782,Mastercard,Debit,5863102770923374,2024-03-01,62,NO,2,13055,2010-05-01,2010,No
2216,782,Mastercard,Debit (Prepaid),5659519661095769,2020-10-01,634,YES,2,85,2009-03-01,2011,No
29,316,Visa,Credit,4934996934968532,2021-04-01,547,YES,3,1200,2002-01-01,2011,No
2038,316,Visa,Credit,4331814593567425,2023-01-01,448,YES,2,10500,2002-03-01,2010,No
4125,316,Amex,Credit,383176667828985,2021-10-01,459,YES,2,9300,2004-08-01,2008,No
5857,316,Mastercard,Debit,5603296596869732,2021-06-01,386,YES,1,14056,2006-12-01,2008,No
1211,1192,Mastercard,Debit,5303411542373680,2023-10-01,305,YES,1,2001,2010-02-01,2018,No
541,787,Mastercard,Debit (Prepaid),5536825392398622,2024-11-01,829,YES,1,80,2020-01-01,2020,No
1561,787,Mastercard,Credit,5736136415216037,2020-02-01,332,YES,1,19500,2020-02-01,2020,No
1562,251,Mastercard,Debit,5179703588055807,2022-01-01,41,YES,1,14797,2020-02-01,2020,No
806,251,Visa,Debit,4263037313230472,2021-04-01,719,YES,1,14420,2020-01-01,2020,No
1563,1351,Mastercard,Credit,5250335239588576,2020-02-01,728,YES,2,13600,2020-02-01,2020,No
3769,490,Mastercard,Debit,5302369835874378,2024-09-01,368,YES,2,3013,2006-07-01,2006,No
5963,490,Mastercard,Debit,5277210517488881,2024-05-01,589,YES,1,22304,2009-12-01,2010,No
176,490,Visa,Debit,4654267845248719,2021-10-01,929,YES,3,30242,2008-01-01,2013,No
5133,490,Visa,Debit,4048588745318463,2019-07-01,741,YES,1,12948,2008-10-01,2008,No
1564,1935,Mastercard,Debit,5677329350701316,2020-10-01,768,YES,1,20695,2020-02-01,2020,No
542,1935,Mastercard,Debit,5708163356892632,2020-01-01,148,YES,2,23716,2020-01-01,2020,No
1840,1935,Visa,Debit,4172298033102508,2020-05-01,477,YES,1,17223,2020-02-01,2020,No
4601,387,Mastercard,Debit (Prepaid),5954988204081791,2015-11-01,200,YES,2,49,2006-09-01,2010,No
3103,869,Visa,Debit,4705406456208642,2022-04-01,542,YES,2,19792,2011-05-01,2011,No
3104,869,Visa,Debit (Prepaid),4751613092399340,2024-09-01,600,YES,2,76,2011-05-01,2011,No
4405,869,Mastercard,Debit,5176023312287835,2023-10-01,444,YES,1,19811,2013-08-01,2013,No
3517,869,Mastercard,Debit,5737557443858194,2020-11-01,462,YES,2,17602,2011-06-01,2011,No
5490,869,Mastercard,Debit (Prepaid),5709040626294728,2021-04-01,579,YES,1,96,2007-11-01,2011,No
1565,1865,Mastercard,Credit,5571567914533589,2023-01-01,845,YES,2,36900,2020-02-01,2020,No
1841,268,Visa,Debit,4772137298381087,2020-02-01,231,YES,2,14263,2020-02-01,2020,No
1566,268,Mastercard,Debit,5458281950154231,2020-02-01,671,YES,2,3013,2020-02-01,2020,No
543,268,Mastercard,Debit,5171844589281134,2023-12-01,998,YES,2,17789,2020-01-01,2020,No
6067,1124,Mastercard,Debit,5128558439499170,2021-03-01,199,YES,1,7184,2012-12-01,2012,No
5437,1124,Visa,Debit (Prepaid),4891182896802218,2022-05-01,936,YES,1,62,2005-11-01,2007,No
4130,1124,Mastercard,Credit,5252814681308258,2023-03-01,635,YES,2,8300,2004-08-01,2018,No
1245,721,Visa,Credit,4024411952428035,2022-04-01,865,YES,1,11900,2010-02-01,2014,No
3949,721,Visa,Credit,4472564488537917,2018-12-01,194,NO,2,2000,2010-07-01,2010,No
4426,721,Mastercard,Debit,5869951817550274,2023-09-01,672,YES,2,12827,2014-08-01,2014,No
2563,721,Mastercard,Credit,5933265709179136,2010-09-01,730,YES,1,10800,2008-04-01,2012,No
3361,721,Visa,Debit,4093356206877400,2021-06-01,202,YES,1,8400,2007-06-01,2008,No
4377,721,Visa,Credit,4650428198678080,2011-10-01,741,YES,2,6700,2011-08-01,2011,No
158,813,Mastercard,Debit,5188366223912130,2021-10-01,649,YES,2,13417,2008-01-01,2008,No
2587,152,Visa,Debit (Prepaid),4745512667212883,2021-10-01,371,YES,2,60,2008-04-01,2009,No
2848,152,Visa,Credit,4361942024605018,2021-03-01,649,YES,1,10300,2003-05-01,2016,No
1401,152,Amex,Credit,353041795366517,2021-06-01,896,YES,2,4900,2020-02-01,2020,No
4272,1896,Visa,Debit,4772324802242471,2015-12-01,104,YES,2,9073,2008-08-01,2012,No
2944,1896,Visa,Debit,4222966508731552,2023-07-01,816,YES,2,19635,2007-05-01,2018,No
1124,1896,Visa,Debit,4748375055768054,2020-02-01,425,YES,1,21207,2007-02-01,2007,No
4974,1896,Visa,Credit,4468355695964457,2023-12-01,955,YES,1,14000,2002-10-01,2008,No
4529,1896,Discover,Credit,6771746312163081,2012-11-01,841,NO,1,14400,2003-09-01,2011,No
1567,1028,Mastercard,Debit (Prepaid),5811487719571767,2020-06-01,355,YES,1,72,2020-02-01,2020,No
139,1028,Visa,Credit,4838655730073777,2021-01-01,654,YES,1,24600,2007-01-01,2011,No
2878,1028,Mastercard,Debit,5154620986833691,2022-05-01,7,YES,1,43289,2005-05-01,2017,No
2564,1028,Mastercard,Debit,5249989431095315,2024-02-01,844,YES,2,16475,2008-04-01,2009,No
342,1028,Amex,Credit,355983307821258,2023-10-01,647,NO,2,14600,2015-01-01,2015,No
544,922,Mastercard,Debit (Prepaid),5070468758051891,2020-01-01,783,YES,2,28,2020-01-01,2020,No
4770,549,Mastercard,Credit,5045264762203417,2022-12-01,83,NO,1,12600,2010-09-01,2012,No
98,549,Mastercard,Debit,5231421564510111,2017-01-01,865,YES,2,15416,2006-01-01,2014,No
4467,549,Amex,Credit,305358883388381,2020-02-01,712,YES,2,7100,2018-08-01,2018,No
2588,549,Visa,Credit,4321088757745040,2023-05-01,450,YES,2,16200,2008-04-01,2013,No
5459,565,Mastercard,Debit,5345514962286662,2020-02-01,181,YES,1,17689,2006-11-01,2006,No
1314,565,Mastercard,Debit,5122535818803524,2020-11-01,15,NO,1,18090,2013-02-01,2013,No
4071,565,Visa,Debit,4125650435743087,2024-09-01,385,NO,1,16080,2018-07-01,2018,No
3175,565,Mastercard,Debit,5971222369856302,2024-08-01,849,NO,1,17599,2016-05-01,2016,No
5829,1980,Mastercard,Debit,5950930953873248,2023-11-01,808,YES,2,12224,2005-12-01,2006,No
545,1494,Mastercard,Debit,5548555538116203,2024-09-01,20,YES,1,8998,2020-01-01,2020,No
3579,1494,Mastercard,Debit,5975842385182413,2024-09-01,596,YES,2,10726,2014-06-01,2014,No
1842,1494,Visa,Credit,4001128847479532,2020-02-01,545,YES,1,6300,2020-02-01,2020,No
2340,1494,Discover,Credit,6256655285791156,2020-01-01,723,YES,2,4400,2015-03-01,2015,No
5830,1809,Mastercard,Debit,5983963364999906,2020-03-01,398,YES,2,18089,2005-12-01,2013,No
2114,1809,Mastercard,Debit,5267464048631434,2020-04-01,482,YES,1,10683,2006-03-01,2009,No
4026,1809,Visa,Credit,4993554379679385,2021-05-01,872,YES,1,14600,2014-07-01,2014,No
370,1809,Mastercard,Debit (Prepaid),5654819097107073,2019-01-01,842,YES,1,94,2018-01-01,2018,No
1338,1809,Mastercard,Debit,5396886931773520,2024-08-01,7,YES,1,27308,2014-02-01,2014,No
3866,1809,Visa,Credit,4638912192601829,2022-01-01,730,YES,1,17900,2008-07-01,2008,No
2981,637,Visa,Debit,4710368677781819,2022-12-01,979,YES,1,26410,2008-05-01,2011,No
3745,637,Visa,Credit,4668652753651992,2011-10-01,262,YES,2,28600,2005-07-01,2011,No
2115,637,Mastercard,Debit,5861641374361784,2019-10-01,253,YES,2,41057,2006-03-01,2010,No
3078,637,Visa,Debit,4769992479242564,2012-08-01,572,YES,2,3864,2010-05-01,2015,No
1402,1770,Amex,Credit,360626221519170,2022-06-01,933,YES,1,8400,2020-02-01,2020,No
6054,1770,Visa,Debit,4357425484787569,2022-05-01,368,YES,1,5024,2011-12-01,2012,No
1843,1770,Visa,Debit,4026093953102401,2023-09-01,100,YES,2,10607,2020-02-01,2020,No
5264,1770,Visa,Credit,4908479439696234,2017-12-01,597,YES,1,0,2012-10-01,2012,No
4427,527,Mastercard,Credit,5048637026282696,2015-09-01,671,YES,2,10500,2014-08-01,2014,No
546,1139,Mastercard,Debit,5986665930699666,2021-12-01,654,YES,2,19185,2020-01-01,2020,No
177,1459,Visa,Credit,4382384960777396,2020-05-01,622,NO,2,7100,2008-01-01,2011,No
3147,1459,Mastercard,Credit,5890992850865874,2014-08-01,901,YES,1,4000,2014-05-01,2014,No
3383,1459,Mastercard,Debit,5197434740318528,2023-08-01,239,NO,2,12708,2008-06-01,2008,No
352,1544,Amex,Credit,391180215396039,2022-02-01,329,YES,2,4400,2016-01-01,2016,No
3137,1544,Visa,Debit,4875181033970231,2020-01-01,251,YES,1,16017,2013-05-01,2013,No
547,1174,Mastercard,Debit,5860197030769935,2024-08-01,281,YES,2,2066,2020-01-01,2020,No
6040,112,Mastercard,Debit,5640702051187580,2020-05-01,931,YES,1,16320,2011-12-01,2011,No
4398,112,Visa,Debit,4992803371205194,2023-12-01,569,YES,2,13060,2012-08-01,2012,No
1134,112,Amex,Credit,302014253634948,2022-03-01,649,YES,2,8900,2008-02-01,2015,No
4339,112,Visa,Debit,4630099263440870,2021-06-01,412,YES,2,10517,2010-08-01,2014,No
3470,112,Mastercard,Debit,5374280583814639,2024-12-01,56,NO,2,13245,2010-06-01,2012,No
5378,369,Mastercard,Debit (Prepaid),5446800304569122,2023-01-01,445,YES,1,90,2002-11-01,2009,No
2779,369,Mastercard,Debit (Prepaid),5156265505747462,2023-12-01,637,YES,1,72,2018-04-01,2018,No
2982,369,Visa,Debit,4294953678019554,2013-04-01,826,YES,1,18280,2008-05-01,2011,No
2443,369,Mastercard,Credit,5146321258920935,2021-11-01,990,NO,1,13600,2003-04-01,2012,No
2889,994,Visa,Debit,4992900043507941,2021-05-01,759,YES,1,12778,2005-05-01,2010,No
4008,994,Mastercard,Debit,5105306234690030,2021-07-01,820,YES,1,12917,2013-07-01,2013,No
50,994,Mastercard,Credit,5313764903937416,2007-08-01,767,YES,2,6000,2004-01-01,2010,No
3243,994,Visa,Debit,4700657272928284,2023-06-01,777,YES,2,8874,2002-06-01,2012,No
3904,994,Visa,Debit,4580268631896002,2015-09-01,809,YES,2,4322,2009-07-01,2013,No
3734,994,Mastercard,Debit,5489321492149951,2024-05-01,649,YES,1,9219,2005-07-01,2008,No
5367,994,Mastercard,Debit,5465749251061861,2021-09-01,326,YES,1,6088,2001-11-01,2005,No
1403,1592,Amex,Credit,357520397345697,2022-01-01,371,YES,2,20800,2020-02-01,2020,No
1844,1592,Visa,Credit,4346868490904984,2020-11-01,171,YES,2,12700,2020-02-01,2020,No
1845,1592,Visa,Debit (Prepaid),4656354454428696,2020-02-01,733,YES,2,76,2020-02-01,2020,No
3346,1029,Mastercard,Debit,5044033311360211,2012-04-01,274,YES,2,12760,2007-06-01,2009,No
5285,1029,Discover,Credit,6303613152539126,2021-09-01,328,YES,1,3600,2014-10-01,2014,No
3471,1029,Mastercard,Debit,5986920336497205,2023-09-01,114,NO,2,15894,2010-06-01,2010,No
1846,1680,Visa,Credit,4041948266255615,2020-09-01,531,YES,2,11500,2020-02-01,2020,No
5325,1680,Visa,Debit,4632545212498675,2023-08-01,330,YES,2,21439,2017-10-01,2017,No
5460,1052,Mastercard,Debit,5000065227125905,2018-10-01,388,YES,1,32165,2006-11-01,2014,No
3651,1052,Mastercard,Debit,5750094419099846,2024-09-01,433,YES,2,12346,1998-07-01,2006,No
3273,494,Mastercard,Credit,5445638120890628,2021-10-01,265,YES,2,13500,2004-06-01,2014,No
2333,494,Visa,Credit,4633191730342522,2023-07-01,779,YES,2,12700,2014-03-01,2014,No
1847,494,Visa,Debit,4578081011383131,2024-01-01,45,YES,1,29335,2020-02-01,2020,No
2890,94,Visa,Debit,4044839537020410,2023-07-01,113,YES,1,16962,2005-05-01,2010,No
3313,94,Mastercard,Debit,5468915979157794,2007-05-01,571,YES,2,17007,2006-06-01,2009,No
3931,425,Mastercard,Debit,5551364240063147,2021-02-01,192,YES,1,43673,2010-07-01,2011,No
6133,425,Mastercard,Debit,5309902802047025,2020-02-01,972,YES,1,43973,2017-12-01,2017,No
4447,425,Mastercard,Debit,5293051567146083,2018-05-01,166,YES,1,28069,2015-08-01,2015,No
5149,425,Mastercard,Debit,5795853820688586,2023-11-01,426,YES,1,30366,2009-10-01,2009,No
2492,1720,Visa,Debit,4063551913220532,2020-05-01,737,YES,2,1241,2005-04-01,2014,No
2642,1699,Mastercard,Debit (Prepaid),5899056864789405,2020-01-01,49,YES,1,70,2010-04-01,2010,No
2204,1699,Visa,Debit,4695324850759951,2022-08-01,519,YES,1,60610,2008-03-01,2008,No
4245,1699,Mastercard,Debit,5384665641390052,2022-05-01,508,YES,1,50961,2008-08-01,2010,No
4437,1699,Visa,Debit,4913546275337010,2020-10-01,412,YES,1,31896,2014-08-01,2014,No
5043,1699,Amex,Credit,368846035942355,2013-10-01,144,YES,1,30500,2006-10-01,2007,No
5593,1699,Amex,Credit,304049639672368,2015-10-01,923,YES,2,19300,2010-11-01,2010,No
1018,1699,Mastercard,Credit,5782316964774499,2006-06-01,758,YES,1,24600,2003-02-01,2013,No
2922,1495,Amex,Credit,324324340319414,2016-07-01,548,YES,1,15700,2007-05-01,2013,No
4941,1495,Visa,Debit (Prepaid),4980389315137738,2022-08-01,222,YES,2,22,1999-10-01,2016,No
2071,1495,Visa,Credit,4455799501123948,2007-05-01,651,YES,1,3100,2004-03-01,2011,No
3531,1495,Visa,Debit,4211342868154020,2019-04-01,108,YES,1,42241,2011-06-01,2012,No
5767,1495,Visa,Debit,4126791237469970,2020-07-01,502,YES,1,25497,2000-12-01,2012,No
1568,1495,Mastercard,Debit,5545501337471546,2020-02-01,42,YES,1,28188,2020-02-01,2020,No
2099,1495,Visa,Credit,4763707007052282,2020-04-01,329,NO,2,14300,2005-03-01,2012,No
548,1005,Mastercard,Debit,5297814036761845,2020-11-01,436,YES,2,12035,2020-01-01,2020,No
1569,439,Mastercard,Credit,5332016559235674,2020-02-01,171,YES,2,10800,2020-02-01,2020,No
2762,439,Mastercard,Debit,5427056152561933,2020-05-01,439,NO,1,16332,2016-04-01,2016,No
5172,1285,Visa,Debit,4114452714679730,2021-12-01,613,YES,2,6724,2009-10-01,2011,No
3216,1285,Mastercard,Debit,5607772753172564,2023-12-01,609,YES,2,20933,2000-06-01,2014,No
2180,1973,Mastercard,Debit,5905311924160314,2020-08-01,400,YES,1,25253,2008-03-01,2008,No
1284,1973,Visa,Debit,4175483090792339,2021-04-01,147,YES,2,13202,2011-02-01,2011,No
2342,1973,Mastercard,Debit (Prepaid),5368860011761099,2020-03-01,207,YES,2,78,2015-03-01,2015,No
2879,1973,Mastercard,Debit,5700569085858753,2021-01-01,37,YES,1,16441,2005-05-01,2008,No
549,448,Mastercard,Credit,5114662442047901,2021-02-01,247,YES,2,7200,2020-01-01,2020,No
4633,1907,Mastercard,Debit,5904516440918627,2023-09-01,838,YES,1,8342,2007-09-01,2009,No
550,1907,Mastercard,Credit,5873879871800491,2021-09-01,895,YES,2,5700,2020-01-01,2020,No
2660,73,Visa,Credit,4813468957928983,2020-03-01,563,YES,1,14300,2010-04-01,2010,No
2720,73,Visa,Debit,4782359944930749,2024-06-01,12,NO,1,17252,2013-04-01,2013,No
4713,73,Mastercard,Credit,5049713217655208,2023-07-01,980,YES,1,11900,2009-09-01,2012,No
4323,1097,Mastercard,Debit,5064803986712494,2022-01-01,477,YES,1,10445,2010-08-01,2010,No
4324,1097,Mastercard,Debit (Prepaid),5101374030372418,2011-05-01,237,YES,1,73,2010-08-01,2010,No
4690,1097,Visa,Debit,4438751767989238,2022-05-01,781,YES,1,17319,2008-09-01,2010,No
5728,1644,Visa,Credit,4623909080454335,2020-02-01,314,YES,2,9400,2016-11-01,2016,No
3089,1644,Discover,Credit,6244344461424370,2015-04-01,414,YES,2,8900,2011-05-01,2014,No
5525,1644,Mastercard,Debit,5543479633732955,2021-04-01,192,YES,2,9324,2008-11-01,2009,No
3867,1644,Visa,Debit,4023733457618418,2024-01-01,3,YES,2,8834,2008-07-01,2017,No
3001,1644,Mastercard,Debit,5998143511839617,2022-05-01,174,YES,1,8304,2009-05-01,2013,No
3444,1644,Visa,Credit,4715738219735937,2023-07-01,643,YES,1,10900,2009-06-01,2009,No
982,967,Visa,Credit,4249186321078698,2014-03-01,613,YES,2,9300,2000-02-01,2006,No
3118,967,Mastercard,Debit,5505908551325322,2012-09-01,646,YES,1,10946,2012-05-01,2012,No
1570,1929,Mastercard,Debit,5950513884296124,2020-02-01,729,YES,2,24576,2020-02-01,2020,No
4650,1114,Visa,Credit,4417056929607717,2017-10-01,693,YES,2,12500,2007-09-01,2013,No
4246,1114,Mastercard,Debit (Prepaid),5694461259251008,2024-01-01,86,YES,2,40,2008-08-01,2009,No
4325,1114,Mastercard,Debit,5620106433417052,2024-11-01,339,YES,2,21408,2010-08-01,2015,No
1029,1087,Mastercard,Debit,5403500140212676,2020-02-01,642,NO,1,9433,2004-02-01,2009,No
3266,1087,Amex,Credit,345938557402151,2020-11-01,382,YES,2,7400,2004-06-01,2006,No
1571,95,Mastercard,Debit,5538497557105107,2020-02-01,247,YES,1,34858,2020-02-01,2020,No
1848,95,Visa,Debit,4184962720948425,2020-02-01,526,NO,1,28147,2020-02-01,2020,No
551,1778,Mastercard,Debit,5640299040746333,2022-08-01,259,YES,1,13857,2020-01-01,2020,No
1572,1778,Mastercard,Debit,5995738761199496,2021-09-01,674,YES,2,10236,2020-02-01,2020,No
3770,1031,Mastercard,Credit,5300090302126885,2024-04-01,94,YES,1,15700,2006-07-01,2010,No
130,1031,Mastercard,Debit,5438397481754732,2021-05-01,868,YES,2,25080,2007-01-01,2012,No
2565,1031,Mastercard,Debit,5477335030821502,2012-06-01,801,YES,2,31604,2008-04-01,2014,No
4009,1031,Mastercard,Credit,5445191857932855,2015-10-01,194,YES,2,5600,2013-07-01,2013,No
5698,1031,Mastercard,Debit,5179089621739035,2022-03-01,274,YES,1,16220,2014-11-01,2014,No
3002,1031,Mastercard,Debit,5984945879573910,2021-11-01,289,YES,1,44568,2009-05-01,2011,No
196,1031,Mastercard,Credit,5301525411053274,2012-07-01,424,YES,2,12500,2009-01-01,2009,No
4714,1031,Mastercard,Credit,5972887381229032,2015-04-01,441,YES,2,12200,2009-09-01,2009,No
1849,788,Visa,Debit,4771614681971768,2021-06-01,353,YES,2,27220,2020-02-01,2020,No
1573,788,Mastercard,Debit,5109840055437737,2024-12-01,456,YES,2,14303,2020-02-01,2020,No
3571,728,Visa,Debit,4434350524306826,2020-08-01,920,YES,2,10289,2013-06-01,2013,No
1174,728,Mastercard,Debit,5206347664104995,2019-06-01,337,YES,2,10618,2009-02-01,2009,No
3421,728,Mastercard,Debit,5554817119459376,2010-05-01,894,YES,2,10909,2009-06-01,2009,No
1246,1639,Visa,Debit,4973656988526728,2023-02-01,703,YES,2,31554,2010-02-01,2010,No
807,1587,Visa,Debit,4600575353397286,2020-02-01,105,YES,1,35148,2020-01-01,2020,No
3996,1587,Mastercard,Debit,5638793020721462,2020-02-01,531,YES,2,35968,2012-07-01,2012,No
3034,1587,Amex,Credit,343245906110440,2022-07-01,728,YES,1,30900,2010-05-01,2016,No
5308,1883,Visa,Debit,4745291753757744,2017-12-01,291,YES,1,22122,2015-10-01,2015,No
4551,1883,Mastercard,Debit,5391562008232881,2023-01-01,139,YES,1,21240,2004-09-01,2006,No
4865,1883,Visa,Debit,4114185411174504,2023-07-01,606,YES,2,33181,2013-09-01,2013,No
3401,1883,Visa,Credit,4971073775593251,2016-11-01,354,YES,2,13900,2008-06-01,2008,No
2773,712,Visa,Debit,4891475179534976,2018-12-01,326,YES,2,18316,2017-04-01,2017,No
3615,712,Visa,Debit,4047431792511852,2024-05-01,615,YES,1,14858,2016-06-01,2016,No
5506,712,Visa,Debit,4167964897226165,2022-10-01,954,YES,1,21414,2007-11-01,2008,No
4758,712,Discover,Credit,6443318322155670,2021-07-01,518,YES,1,14900,2010-09-01,2010,No
3804,712,Mastercard,Debit,5400865230848610,2020-06-01,591,YES,1,12992,2007-07-01,2015,No
4247,1414,Mastercard,Credit,5954521242015508,2020-02-01,394,YES,1,8300,2008-08-01,2013,No
2057,1414,Mastercard,Debit (Prepaid),5376758306260437,2011-04-01,26,YES,1,56,2004-03-01,2008,No
2205,1414,Visa,Debit,4952408792507245,2023-09-01,78,YES,2,5283,2008-03-01,2010,No
2077,1414,Discover,Credit,6669631772050778,2012-03-01,182,YES,2,10600,2005-03-01,2008,No
552,243,Mastercard,Debit,5795511997395934,2023-03-01,987,YES,1,5158,2020-01-01,2020,No
4475,146,Visa,Debit,4778924908010471,2021-02-01,656,YES,1,30320,2018-08-01,2018,No
1143,146,Mastercard,Credit,5895121423095414,2022-11-01,726,YES,1,14200,2008-02-01,2011,No
2470,146,Visa,Debit,4417507914154983,2021-03-01,178,YES,1,28911,2004-04-01,2011,No
1574,715,Mastercard,Debit,5098630896285808,2023-04-01,18,YES,2,65185,2020-02-01,2020,No
6141,715,Mastercard,Debit,5369522792349411,2022-08-01,597,YES,1,36570,2019-12-01,2019,No
5858,1489,Mastercard,Debit,5815399624686166,2006-12-01,896,YES,1,14138,2006-12-01,2011,No
1850,1232,Visa,Debit,4515472056993650,2020-06-01,464,YES,1,21752,2020-02-01,2020,No
808,1232,Visa,Debit,4009703334177340,2020-06-01,922,YES,2,23137,2020-01-01,2020,No
5469,842,Visa,Debit,4212985133165351,2021-01-01,884,YES,1,32808,2006-11-01,2012,No
553,486,Mastercard,Debit,5961241054000885,2020-02-01,108,NO,1,29674,2020-01-01,2020,No
4993,763,Visa,Credit,4000393241453107,2021-10-01,408,YES,2,24300,2003-10-01,2007,No
5393,154,Visa,Debit,4900806445604257,2024-01-01,23,YES,2,17280,2003-11-01,2014,No
4340,154,Visa,Debit,4287822159932211,2022-11-01,878,YES,2,4660,2010-08-01,2013,No
159,154,Mastercard,Debit,5175111743032898,2011-03-01,151,YES,2,12557,2008-01-01,2013,No
5703,704,Visa,Debit,4643473532096411,2024-03-01,281,YES,2,49425,2014-11-01,2014,No
4010,704,Mastercard,Debit,5696951093879559,2024-02-01,206,YES,1,47330,2013-07-01,2013,No
3997,704,Mastercard,Debit,5317790276482208,2020-02-01,205,YES,2,50774,2012-07-01,2012,No
2168,704,Amex,Credit,364780102699868,2022-12-01,611,YES,1,22800,2008-03-01,2008,No
5387,704,Mastercard,Debit,5036311337651630,2009-12-01,979,YES,2,75640,2003-11-01,2009,No
2945,704,Visa,Debit,4463424589377220,2024-12-01,763,YES,1,65540,2007-05-01,2012,No
1851,1409,Visa,Debit,4157877736359764,2023-09-01,927,YES,2,16998,2020-02-01,2020,No
809,1601,Visa,Credit,4520782324393284,2023-02-01,938,YES,2,12300,2020-01-01,2020,No
1852,1601,Visa,Credit,4483016880530879,2021-05-01,825,NO,1,17100,2020-02-01,2020,No
226,729,Mastercard,Debit,5279503639469023,2020-02-01,613,YES,2,23039,2010-01-01,2010,No
298,729,Mastercard,Debit,5279484044685392,2023-04-01,166,YES,1,17795,2012-01-01,2012,No
2217,729,Mastercard,Credit,5958667117657314,2022-12-01,906,YES,2,9000,2009-03-01,2011,No
5507,729,Visa,Debit,4850099627830735,2008-05-01,361,YES,1,14424,2007-11-01,2010,No
3905,729,Visa,Credit,4367249512395505,2022-08-01,956,YES,2,5700,2009-07-01,2011,No
4024,729,Mastercard,Debit,5219693851377223,2014-12-01,164,NO,1,14626,2014-07-01,2014,No
1306,1016,Visa,Credit,4720586956662009,2023-01-01,320,YES,1,200,2012-02-01,2012,No
5883,1016,Mastercard,Debit,5470825522118885,2021-07-01,682,YES,1,282,2007-12-01,2009,No
2086,1016,Mastercard,Debit,5573795199148995,2019-12-01,547,YES,2,350,2005-03-01,2011,No
4771,1214,Mastercard,Debit,5937904364088537,2020-08-01,832,NO,2,42537,2010-09-01,2010,No
5508,1214,Visa,Debit,4968168260037253,2021-05-01,607,YES,1,21073,2007-11-01,2011,No
1404,1760,Amex,Credit,356719617570025,2022-05-01,536,YES,1,14600,2020-02-01,2020,No
1575,1760,Mastercard,Debit,5416703809937284,2024-10-01,938,YES,2,10722,2020-02-01,2020,No
1853,927,Visa,Debit,4095066683929908,2024-02-01,892,NO,2,27618,2020-02-01,2020,No
4809,927,Mastercard,Debit,5118587392070717,2020-04-01,847,YES,1,27180,2011-09-01,2011,No
554,1667,Mastercard,Debit,5421616899749760,2020-01-01,724,YES,2,10522,2020-01-01,2020,No
5379,1796,Mastercard,Debit,5346072026592587,2020-04-01,558,NO,2,18555,2002-11-01,2011,No
3998,1796,Mastercard,Debit,5419562718481392,2020-11-01,119,NO,1,16746,2012-07-01,2012,No
4850,1796,Mastercard,Debit,5363296926225059,2018-02-01,610,YES,1,15974,2013-09-01,2013,No
2964,179,Mastercard,Debit,5078628761076723,2024-11-01,417,YES,2,17417,2008-05-01,2009,No
1854,179,Visa,Debit,4275777560156841,2022-05-01,497,YES,2,519,2020-02-01,2020,No
5831,395,Mastercard,Credit,5128363217409052,2009-07-01,544,YES,1,11500,2005-12-01,2013,No
3950,395,Visa,Credit,4544634327077881,2022-08-01,761,YES,1,10100,2010-07-01,2011,No
5192,395,Mastercard,Debit,5220458045937942,2014-08-01,915,YES,2,26174,2010-10-01,2011,No
2027,395,Visa,Credit,4851388792432581,2024-02-01,137,YES,2,16400,2001-03-01,2011,No
1855,513,Visa,Credit,4667535072590504,2020-09-01,606,YES,1,8000,2020-02-01,2020,No
810,513,Visa,Credit,4664728417615626,2021-11-01,869,YES,2,9800,2020-01-01,2020,No
1354,513,Mastercard,Debit,5974986702403547,2021-09-01,939,YES,1,24645,2015-02-01,2015,No
6139,513,Visa,Debit,4535668224287785,2018-12-01,691,YES,2,14805,2018-12-01,2018,No
4618,187,Visa,Credit,4508583693612523,2019-01-01,224,NO,1,3100,2006-09-01,2006,No
2483,491,Mastercard,Debit,5101946899181167,2024-03-01,990,YES,2,6710,2005-04-01,2013,No
3236,491,Mastercard,Debit,5438809137996738,2018-03-01,668,YES,2,7176,2002-06-01,2012,No
2050,491,Visa,Credit,4307361097049954,2021-08-01,775,YES,2,8000,2003-03-01,2008,No
2021,1153,Mastercard,Debit (Prepaid),5026167712266475,2024-09-01,271,YES,2,64,2001-03-01,2006,No
3906,377,Visa,Credit,4962400888198876,2022-09-01,266,YES,2,16400,2009-07-01,2009,No
4669,377,Mastercard,Debit,5022081495088085,2022-10-01,893,YES,2,2536,2008-09-01,2008,No
1175,377,Mastercard,Debit,5009400051376027,2023-11-01,417,YES,1,30403,2009-02-01,2014,No
4602,377,Mastercard,Debit,5870688639058028,2024-02-01,916,NO,1,32636,2006-09-01,2016,No
3003,377,Mastercard,Debit,5070774990129713,2020-09-01,210,YES,2,2536,2009-05-01,2009,No
3176,850,Mastercard,Debit,5981401699297039,2020-02-01,754,YES,2,23072,2016-05-01,2016,No
5699,850,Mastercard,Debit,5944442565470173,2022-06-01,246,YES,1,20881,2014-11-01,2014,No
3017,1186,Visa,Debit,4845063997012954,2021-01-01,278,YES,1,12325,2009-05-01,2009,No
61,1186,Visa,Debit (Prepaid),4684695086265308,2022-09-01,621,YES,1,47,2004-01-01,2013,No
2946,1186,Visa,Debit,4731388951338396,2020-11-01,782,YES,2,3433,2007-05-01,2007,No
3306,1694,Visa,Credit,4867107450868594,2024-05-01,494,YES,1,16900,2005-06-01,2014,No
5032,1694,Visa,Debit (Prepaid),4932238574894061,2021-01-01,185,YES,2,31,2005-10-01,2013,No
5944,1694,Visa,Credit,4020990480968522,2024-02-01,94,YES,2,17700,2008-12-01,2011,No
5288,1694,Mastercard,Debit,5689380221189221,2016-11-01,656,NO,1,23995,2014-10-01,2014,No
3079,1694,Visa,Credit,4325110497566622,2024-12-01,658,YES,1,16900,2010-05-01,2010,No
5668,716,Mastercard,Debit (Prepaid),5494077855460522,2013-07-01,855,NO,1,60,2012-11-01,2012,No
811,716,Visa,Credit,4295673364937234,2023-01-01,900,YES,1,7000,2020-01-01,2020,No
555,716,Mastercard,Debit,5513976299775159,2023-03-01,404,YES,2,7139,2020-01-01,2020,No
3965,716,Discover,Credit,6849688773737188,2024-03-01,590,YES,2,5200,2011-07-01,2011,No
556,716,Mastercard,Debit,5169449886762703,2021-09-01,443,YES,1,10199,2020-01-01,2020,No
4715,716,Mastercard,Credit,5168351147755520,2024-02-01,700,YES,1,9800,2009-09-01,2009,No
5604,1131,Mastercard,Debit,5120921074394357,2021-05-01,974,YES,2,21417,2010-11-01,2010,No
3093,1131,Mastercard,Credit,5477242500035905,2023-07-01,908,YES,1,14600,2011-05-01,2018,No
4378,1131,Visa,Debit,4410510990382780,2023-05-01,405,NO,2,23898,2011-08-01,2011,No
3347,1131,Mastercard,Credit,5677631162329488,2007-11-01,707,YES,2,18200,2007-06-01,2008,No
3052,1719,Mastercard,Debit,5649993743023413,2022-05-01,600,YES,2,16034,2010-05-01,2010,No
2058,1719,Mastercard,Debit,5034070490953227,2022-03-01,285,YES,2,24775,2004-03-01,2010,No
4942,1719,Mastercard,Debit,5079874786244954,2022-06-01,200,YES,2,1976,2000-10-01,2008,No
557,254,Mastercard,Credit,5786727394117638,2024-04-01,230,YES,2,15900,2020-01-01,2020,No
1247,254,Visa,Debit,4817071694522158,2020-06-01,185,YES,2,27623,2010-02-01,2018,No
1576,254,Mastercard,Debit,5752088223667735,2021-12-01,728,YES,1,17584,2020-02-01,2020,No
2717,226,Mastercard,Debit,5392117170606255,2018-03-01,949,YES,1,56640,2013-04-01,2013,No
1856,226,Visa,Debit,4250276478482515,2022-10-01,648,YES,1,39553,2020-02-01,2020,No
812,226,Visa,Debit,4042421261212789,2022-10-01,437,YES,2,42218,2020-01-01,2020,No
4834,1307,Mastercard,Credit,5948740039365074,2021-05-01,950,YES,1,21900,2012-09-01,2012,No
5912,1307,Visa,Credit,4462200560023808,2014-01-01,58,YES,2,18700,2007-12-01,2009,No
2810,1307,Visa,Credit,4757620010538963,2021-02-01,258,YES,2,29200,2000-05-01,2010,No
3730,1307,Discover,Credit,6894665401576471,2024-06-01,882,YES,1,26600,2005-07-01,2009,No
111,1307,Visa,Debit,4212262433992065,2021-10-01,186,YES,2,17280,2006-01-01,2012,No
5060,1095,Visa,Debit,4264613897925474,2020-02-01,66,YES,1,14761,2006-10-01,2011,No
335,1095,Visa,Debit,4476982543719366,2022-08-01,789,YES,1,15158,2014-01-01,2014,No
4691,1095,Visa,Debit,4761404556606276,2021-06-01,579,YES,1,16464,2008-09-01,2009,No
5461,1095,Mastercard,Debit,5157599614216847,2017-11-01,354,YES,2,19100,2006-11-01,2007,No
5669,1095,Mastercard,Debit,5162155568271005,2022-03-01,367,YES,1,19332,2012-11-01,2012,No
5150,1729,Mastercard,Debit,5028193312710761,2020-01-01,644,YES,2,39431,2009-10-01,2016,No
4634,1466,Mastercard,Credit,5801402411608920,2024-10-01,190,NO,1,9800,2007-09-01,2015,No
5884,1466,Mastercard,Debit,5946854129119703,2020-09-01,405,YES,1,1866,2007-12-01,2014,No
6055,1226,Visa,Debit (Prepaid),4856808577039430,2024-10-01,49,YES,1,64,2011-12-01,2011,No
4159,1226,Mastercard,Credit,5191953132741850,2021-04-01,7,YES,2,9600,2005-08-01,2013,No
2231,1226,Visa,Debit,4703449084120210,2023-06-01,540,YES,1,10000,2009-03-01,2012,No
4126,1755,Discover,Credit,6489729869810937,2021-03-01,894,YES,1,7600,2004-08-01,2011,No
998,1755,Mastercard,Debit (Prepaid),5346535957222087,2024-09-01,883,YES,2,44,2002-02-01,2012,No
4228,1755,Visa,Debit,4467616812518975,2020-10-01,60,YES,1,12519,2007-08-01,2009,No
2857,1755,Mastercard,Debit,5658596727246398,2010-02-01,436,YES,1,4067,2004-05-01,2020,No
1248,1755,Visa,Debit,4353998165821083,2016-10-01,159,YES,2,367,2010-02-01,2015,No
1315,1755,Mastercard,Credit,5560819053137819,2017-09-01,173,YES,2,9400,2013-02-01,2013,No
558,475,Mastercard,Debit,5377432030711908,2022-01-01,246,YES,1,15579,2020-01-01,2020,No
4975,1956,Visa,Credit,4208305792316900,2006-09-01,135,YES,1,11500,2002-10-01,2009,No
5642,1956,Discover,Credit,6679312666731134,2021-09-01,558,NO,2,9500,2011-11-01,2011,No
1125,1956,Visa,Debit,4898677117108642,2023-01-01,802,YES,1,13356,2007-02-01,2007,No
2451,1956,Visa,Debit,4727180781671600,2020-02-01,986,YES,1,16385,2003-04-01,2011,No
320,706,Visa,Credit,4395042092797759,2023-11-01,115,YES,2,12500,2013-01-01,2013,No
4284,706,Amex,Credit,328201278531872,2017-05-01,545,YES,1,13700,2009-08-01,2013,No
5114,474,Mastercard,Debit,5786077092120630,2021-10-01,819,YES,1,37303,2008-10-01,2011,No
2493,474,Visa,Credit,4700082044427658,2015-04-01,487,YES,1,16900,2005-04-01,2014,No
3844,474,Mastercard,Debit,5171516474516120,2020-11-01,781,YES,2,33723,2008-07-01,2010,No
4034,474,Discover,Credit,6646752478037215,2022-09-01,583,YES,2,14600,2015-07-01,2015,No
2218,474,Mastercard,Debit,5707467948750618,2022-03-01,233,YES,1,38084,2009-03-01,2010,No
5845,474,Visa,Credit,4920320482307224,2021-01-01,328,YES,2,22300,2005-12-01,2014,No
5406,1259,Mastercard,Debit,5789225518676865,2024-11-01,375,YES,2,62760,2004-11-01,2010,No
3422,1259,Mastercard,Debit (Prepaid),5018503647518453,2022-06-01,319,YES,1,62,2009-06-01,2009,No
5913,1259,Visa,Debit (Prepaid),4998693162966561,2023-08-01,839,YES,1,76,2007-12-01,2011,No
2045,1259,Mastercard,Debit,5932390608727778,2014-04-01,612,YES,1,98334,2003-03-01,2007,No
3289,1259,Mastercard,Debit,5681560415834998,2021-04-01,699,YES,2,141391,2005-06-01,2005,No
2006,1259,Visa,Debit,4606036624560532,2022-07-01,40,YES,1,78790,1997-03-01,2011,No
3384,320,Mastercard,Debit,5421302444823985,2024-09-01,889,NO,2,15292,2008-06-01,2011,No
1144,320,Mastercard,Debit,5621833591257811,2012-10-01,690,YES,3,11696,2008-02-01,2015,No
1405,93,Amex,Credit,338538414564400,2024-09-01,557,YES,2,11400,2020-02-01,2020,No
1577,93,Mastercard,Debit (Prepaid),5469525970132478,2020-02-01,372,YES,2,0,2020-02-01,2020,No
6028,93,Visa,Debit,4476003414984390,2024-01-01,865,YES,2,10198,2010-12-01,2013,No
6091,93,Visa,Credit,4231335586694007,2021-02-01,441,YES,1,1800,2013-12-01,2013,No
6001,1182,Mastercard,Debit,5751184311438390,2021-12-01,718,YES,1,5716,2010-12-01,2020,No
2852,150,Discover,Credit,6252296592576200,2020-05-01,976,YES,3,22400,2004-05-01,2015,No
2505,150,Mastercard,Debit,5331973058778545,2021-09-01,39,YES,2,16872,2006-04-01,2010,No
5775,150,Visa,Debit,4566084725252874,2018-06-01,347,YES,2,7202,2001-12-01,2016,No
1578,1327,Mastercard,Debit,5190283651450153,2022-11-01,789,YES,1,15516,2020-02-01,2020,No
1579,1327,Mastercard,Debit,5392366156419139,2021-08-01,97,YES,1,18462,2020-02-01,2020,No
5019,784,Discover,Credit,6314230753727333,2023-08-01,102,YES,1,7800,2005-10-01,2008,No
347,784,Mastercard,Debit (Prepaid),5890249738384583,2022-11-01,136,YES,2,64,2015-01-01,2015,No
3373,784,Amex,Credit,374653971503597,2023-08-01,358,YES,2,15400,2008-06-01,2015,No
4987,784,Mastercard,Debit (Prepaid),5985099169659260,2012-02-01,13,YES,1,12,2003-10-01,2012,No
1580,1471,Mastercard,Credit,5171329824996070,2024-02-01,23,YES,1,5900,2020-02-01,2020,No
3094,1471,Mastercard,Credit,5155511243348834,2020-02-01,151,YES,1,7900,2011-05-01,2011,No
1581,367,Mastercard,Debit (Prepaid),5049338760336909,2022-04-01,43,NO,1,83,2020-02-01,2020,No
1582,367,Mastercard,Credit,5395773293219040,2024-04-01,11,YES,2,6200,2020-02-01,2020,No
4326,1050,Mastercard,Debit,5044933895270370,2022-04-01,812,YES,2,2072,2010-08-01,2010,No
3472,1050,Mastercard,Debit,5254337924232892,2024-07-01,93,YES,2,10224,2010-06-01,2016,No
5214,1050,Visa,Debit (Prepaid),4475716128209829,2019-11-01,237,YES,2,49,2010-10-01,2010,No
2661,207,Visa,Credit,4842107930686432,2022-01-01,786,YES,1,7700,2010-04-01,2010,No
2506,207,Mastercard,Debit,5584705161928725,2023-05-01,188,YES,1,16266,2006-04-01,2007,No
2143,207,Mastercard,Debit (Prepaid),5657038959779902,2015-12-01,742,YES,2,9,2007-03-01,2015,No
2260,207,Visa,Debit,4149979947275486,2021-02-01,426,YES,2,5141,2010-03-01,2010,No
385,207,Visa,Credit,4612008256325596,2022-09-01,929,YES,1,5800,2019-01-01,2019,No
1583,1838,Mastercard,Debit,5230052090763944,2024-06-01,621,YES,2,1990,2020-02-01,2020,No
5002,798,Amex,Credit,328675535875605,2010-08-01,66,YES,1,13900,2004-10-01,2010,No
2833,798,Visa,Credit,4075750138489651,2022-07-01,157,YES,2,19700,2002-05-01,2011,No
5870,798,Visa,Debit,4415565987469377,2020-09-01,811,YES,2,29740,2006-12-01,2011,No
963,798,Visa,Debit,4905345487591741,2023-07-01,814,YES,2,30039,1998-02-01,2010,No
2693,1207,Mastercard,Credit,5670831659213511,2020-11-01,143,YES,1,16800,2012-04-01,2012,No
6056,1207,Visa,Debit,4093103228262000,2021-08-01,507,YES,1,17010,2011-12-01,2011,No
5805,1207,Discover,Credit,6135310578604021,2014-01-01,814,YES,2,22800,2004-12-01,2016,No
3138,1012,Visa,Debit,4078119028995757,2022-12-01,754,YES,1,21086,2013-05-01,2013,No
3580,1012,Mastercard,Debit,5893405968354192,2015-08-01,336,YES,1,14531,2014-06-01,2014,No
4896,844,Mastercard,Credit,5516761014693880,2024-12-01,683,NO,2,8900,2016-09-01,2016,No
3445,844,Visa,Credit,4150285670737087,2013-05-01,896,YES,1,10000,2009-06-01,2016,No
5234,334,Mastercard,Debit,5526459784807779,2022-04-01,100,YES,1,14227,2011-10-01,2012,No
5595,334,Discover,Credit,6179911986106180,2021-04-01,135,YES,2,11200,2010-11-01,2010,No
2522,334,Amex,Credit,320108465182734,2020-02-01,764,YES,1,9500,2007-04-01,2010,No
813,815,Visa,Credit,4477489362734994,2020-01-01,49,YES,1,5200,2020-01-01,2020,No
1393,815,Visa,Debit (Prepaid),4476092248320971,2019-04-01,428,YES,1,111,2019-02-01,2019,No
5964,1100,Mastercard,Debit,5574826533473281,2021-06-01,598,YES,1,14532,2009-12-01,2020,No
5079,1100,Mastercard,Debit,5689403704245010,2024-10-01,108,YES,1,30044,2007-10-01,2011,No
559,407,Mastercard,Debit,5450745036208911,2021-07-01,706,YES,2,21749,2020-01-01,2020,No
1406,407,Amex,Credit,372726260198911,2020-02-01,995,YES,2,15800,2020-02-01,2020,No
560,407,Mastercard,Debit (Prepaid),5841671678505474,2022-07-01,278,YES,2,22,2020-01-01,2020,No
428,407,Discover,Credit,6747626667389446,2020-02-01,65,YES,1,14300,2020-01-01,2020,No
5780,1244,Mastercard,Debit,5984546339755582,2024-02-01,332,YES,1,14270,2002-12-01,2014,No
5885,1740,Mastercard,Debit,5823990893060364,2011-05-01,972,YES,2,23189,2007-12-01,2008,No
2382,1740,Mastercard,Debit,5039643704248503,2021-01-01,50,YES,1,20612,2019-03-01,2019,No
1584,1740,Mastercard,Debit,5489350596141116,2021-11-01,288,YES,2,22424,2020-02-01,2020,No
5338,1740,Mastercard,Debit,5691295319611631,2019-10-01,19,YES,1,17748,2019-10-01,2019,No
4248,1754,Mastercard,Debit,5989917343937145,2022-06-01,242,YES,1,3039,2008-08-01,2008,No
2898,1184,Mastercard,Debit,5561480222242748,2020-05-01,302,YES,1,39751,2006-05-01,2007,No
6107,1184,Mastercard,Debit,5665263552569686,2015-12-01,279,YES,1,27876,2015-12-01,2015,No
4202,1184,Mastercard,Debit,5091620986065392,2023-11-01,902,YES,2,21743,2007-08-01,2007,No
4897,1184,Mastercard,Debit,5989681266336088,2023-08-01,683,YES,2,21120,2016-09-01,2016,No
3932,1184,Mastercard,Debit,5827454191464284,2020-07-01,580,YES,1,29828,2010-07-01,2011,No
1585,1440,Mastercard,Debit,5351854633422435,2021-11-01,520,NO,1,9740,2020-02-01,2020,No
2104,200,Discover,Credit,6988770500713547,2007-04-01,936,YES,2,14600,2006-03-01,2014,No
2875,200,Amex,Credit,342172377890381,2023-04-01,59,YES,2,1400,2005-05-01,2009,No
1339,200,Mastercard,Debit,5950906892579658,2014-03-01,93,YES,1,18552,2014-02-01,2014,No
3970,1446,Mastercard,Debit,5886248864335240,2020-02-01,334,YES,2,14624,2011-07-01,2015,No
3160,1446,Amex,Credit,351994837631702,2022-12-01,441,YES,2,2600,2015-05-01,2015,No
1857,1446,Visa,Debit (Prepaid),4381421188201284,2022-06-01,539,YES,3,84,2020-02-01,2020,No
3181,1446,Visa,Debit,4770102025264543,2020-02-01,63,NO,1,9915,2016-05-01,2016,No
2002,1263,Mastercard,Debit,5071178142278668,2021-01-01,738,YES,2,9094,1993-03-01,2011,No
140,1263,Visa,Debit,4195281570309951,2020-12-01,740,YES,1,16513,2007-01-01,2011,No
1445,1263,Discover,Credit,6270499029618526,2020-02-01,54,YES,1,8700,2020-02-01,2020,No
1586,1483,Mastercard,Debit,5411753379806538,2021-08-01,353,YES,1,19952,2020-02-01,2020,No
814,1483,Visa,Debit,4044367850806597,2022-11-01,109,YES,1,17804,2020-01-01,2020,No
561,1085,Mastercard,Debit,5249605791833255,2023-08-01,248,YES,1,33150,2020-01-01,2020,No
1587,1085,Mastercard,Debit (Prepaid),5078613769637212,2020-02-01,332,NO,1,57,2020-02-01,2020,No
5235,1085,Mastercard,Debit (Prepaid),5492728789081207,2022-11-01,819,YES,1,55,2011-10-01,2011,No
1588,1961,Mastercard,Debit,5207287536817619,2020-02-01,808,YES,2,8668,2020-02-01,2020,No
1589,1961,Mastercard,Credit,5141137948796470,2020-02-01,787,YES,2,10200,2020-02-01,2020,No
5859,776,Mastercard,Debit,5370555414100106,2020-10-01,89,YES,1,48344,2006-12-01,2006,No
3105,776,Visa,Debit,4147569007175929,2020-07-01,384,YES,2,25020,2011-05-01,2011,No
354,890,Mastercard,Debit,5029029711457489,2023-09-01,75,YES,1,19573,2016-01-01,2016,No
5799,890,Visa,Credit,4983572770371790,2022-05-01,261,NO,2,16500,2003-12-01,2011,No
1135,1445,Amex,Credit,388851984396675,2022-02-01,934,YES,1,11000,2008-02-01,2010,No
5753,1445,Discover,Credit,6800970747167326,2022-04-01,163,YES,2,10200,1997-12-01,2011,No
3722,1445,Visa,Credit,4653647692892129,2020-04-01,933,YES,2,12800,2004-07-01,2006,No
4716,1445,Mastercard,Debit,5921922339179106,2022-01-01,885,YES,2,14029,2009-09-01,2010,No
2899,1445,Mastercard,Debit,5075248077516623,2022-08-01,860,YES,2,11641,2006-05-01,2010,No
562,74,Mastercard,Debit,5419249022493269,2020-01-01,523,YES,1,15568,2020-01-01,2020,No
4027,74,Visa,Debit,4135630980212808,2022-06-01,74,YES,1,19746,2014-07-01,2014,No
1307,74,Visa,Debit,4901356321424938,2020-07-01,92,NO,1,17682,2012-02-01,2012,No
815,1216,Visa,Debit,4594854252534733,2021-09-01,433,YES,1,19893,2020-01-01,2020,No
1858,1216,Visa,Debit (Prepaid),4465883481384449,2024-08-01,709,YES,2,69,2020-02-01,2020,No
1590,1216,Mastercard,Debit,5163175843379239,2024-10-01,239,YES,2,21800,2020-02-01,2020,No
1859,1216,Visa,Debit,4337391914435657,2023-04-01,598,YES,2,24759,2020-02-01,2020,No
816,1216,Visa,Debit,4013113950319148,2023-08-01,885,YES,2,644,2020-01-01,2020,No
817,1216,Visa,Credit,4225269665088003,2021-10-01,215,YES,2,6100,2020-01-01,2020,No
4060,797,Visa,Credit,4992091996146632,2023-11-01,627,NO,2,4400,2017-07-01,2017,No
4095,797,Visa,Debit,4536417512741953,1999-12-01,686,YES,1,34886,1999-08-01,2010,No
350,797,Visa,Debit,4627972690876314,2021-06-01,920,YES,1,20779,2015-01-01,2015,No
818,797,Visa,Debit,4324511886426075,2020-01-01,143,YES,2,32922,2020-01-01,2020,No
3127,797,Visa,Debit,4780648737008531,2019-01-01,156,YES,2,42491,2012-05-01,2012,No
4391,797,Mastercard,Debit,5703345270711624,2023-11-01,711,YES,1,24550,2012-08-01,2012,No
2839,797,Mastercard,Debit,5326004022460542,2023-04-01,904,YES,1,36309,2003-05-01,2006,No
5339,797,Mastercard,Debit,5801528715979981,2023-03-01,805,YES,2,27817,2019-10-01,2019,No
5428,797,Mastercard,Debit,5493144869722779,2021-05-01,307,YES,1,28912,2005-11-01,2012,No
429,610,Discover,Credit,6177133816659183,2020-01-01,302,YES,2,4500,2020-01-01,2020,No
819,610,Visa,Credit,4947659638273192,2023-01-01,695,YES,1,17500,2020-01-01,2020,No
820,610,Visa,Credit,4578018721325736,2023-07-01,280,YES,1,19100,2020-01-01,2020,No
398,610,Amex,Credit,394664650626942,2020-01-01,643,YES,1,15100,2020-01-01,2020,No
4968,1917,Mastercard,Debit (Prepaid),5180494711434598,2019-03-01,412,YES,1,66,2002-10-01,2011,No
5556,1917,Amex,Credit,341912249556142,2024-06-01,300,YES,2,13000,2009-11-01,2009,No
2129,1917,Visa,Debit,4592739942111814,2021-03-01,512,YES,2,20428,2006-03-01,2009,No
5803,1917,Amex,Credit,371160621699651,2021-12-01,521,YES,2,8600,2004-12-01,2009,No
1860,975,Visa,Debit,4039295566770817,2021-05-01,214,YES,1,7225,2020-02-01,2020,No
1591,975,Mastercard,Debit (Prepaid),5550636179517358,2022-10-01,671,YES,2,104,2020-02-01,2020,No
1340,109,Mastercard,Debit,5301549251992552,2021-10-01,773,YES,1,27762,2014-02-01,2014,No
1861,109,Visa,Credit,4792943022971298,2020-11-01,451,NO,1,9300,2020-02-01,2020,No
4076,547,Mastercard,Debit (Prepaid),5650397088790791,2020-01-01,359,YES,2,104,2019-07-01,2019,No
4461,547,Mastercard,Debit,5886374501408309,2019-01-01,7,YES,1,16102,2017-08-01,2017,No
5298,547,Visa,Debit,4234149459347906,2024-09-01,314,YES,1,14995,2014-10-01,2014,No
5526,547,Mastercard,Debit,5656868060475089,2011-10-01,891,NO,1,20998,2008-11-01,2008,No
1592,347,Mastercard,Debit,5633556097120826,2020-02-01,849,YES,2,17846,2020-02-01,2020,No
2751,347,Visa,Credit,4663448396973766,2021-09-01,346,YES,2,6100,2015-04-01,2015,No
821,347,Visa,Debit,4587404224170420,2021-02-01,289,YES,2,22077,2020-01-01,2020,No
4489,201,Mastercard,Credit,5392066860810670,2021-10-01,353,YES,1,6900,1995-09-01,2009,No
5236,201,Mastercard,Debit,5081378671244252,2016-12-01,401,YES,1,11679,2011-10-01,2011,No
2494,201,Visa,Credit,4825820548818212,2024-11-01,558,YES,1,10100,2005-04-01,2013,No
822,1368,Visa,Credit,4715313292165013,2020-04-01,370,YES,1,13400,2020-01-01,2020,No
4772,1368,Mastercard,Debit,5579604502736656,2023-10-01,799,YES,1,21792,2010-09-01,2013,No
563,1547,Mastercard,Debit,5158576738638750,2021-09-01,196,NO,2,18856,2020-01-01,2020,No
3630,1547,Mastercard,Debit (Prepaid),5896024181595036,2021-11-01,867,YES,1,77,2018-06-01,2018,No
2531,1812,Mastercard,Debit,5995209262760871,2023-04-01,430,NO,1,33557,2007-04-01,2013,No
564,1812,Mastercard,Debit (Prepaid),5638069209131411,2022-11-01,466,NO,1,19,2020-01-01,2020,No
6068,1379,Mastercard,Debit,5855558054744018,2023-06-01,878,YES,1,18784,2012-12-01,2012,No
2604,1379,Mastercard,Debit,5800056520721648,2021-02-01,92,YES,1,16668,2009-04-01,2009,No
4796,1379,Visa,Credit,4164100335475856,2022-10-01,338,YES,1,10300,2010-09-01,2010,No
5215,1379,Visa,Debit,4808036256579380,2017-11-01,592,YES,2,12460,2010-10-01,2010,No
2780,82,Mastercard,Debit (Prepaid),5037837734992926,2019-12-01,383,YES,1,78,2018-04-01,2018,No
2900,1053,Mastercard,Credit,5506401194150443,2021-07-01,939,YES,3,9200,2006-05-01,2009,No
2311,1053,Mastercard,Debit,5546844697242389,2018-05-01,523,NO,2,21166,2013-03-01,2013,No
3771,1053,Mastercard,Debit (Prepaid),5546611218301214,2020-03-01,223,YES,1,61,2006-07-01,2011,No
1862,1893,Visa,Credit,4650382070645842,2022-10-01,900,YES,2,7600,2020-02-01,2020,No
1863,955,Visa,Credit,4732842191322148,2022-06-01,847,YES,2,1100,2020-02-01,2020,No
565,955,Mastercard,Debit,5613716530357430,2021-04-01,405,YES,1,20576,2020-01-01,2020,No
5723,955,Mastercard,Debit,5884682122700418,2022-11-01,856,YES,1,13254,2016-11-01,2016,No
1366,955,Mastercard,Debit,5653775383513655,2023-09-01,867,YES,2,12887,2016-02-01,2016,No
1367,856,Mastercard,Credit,5327278156671960,2018-03-01,105,YES,2,26800,2016-02-01,2016,No
4851,856,Mastercard,Debit,5524896778714385,2023-05-01,673,NO,1,62861,2013-09-01,2013,No
1285,856,Visa,Debit,4938580795028359,2015-07-01,12,NO,1,61399,2011-02-01,2011,No
2880,1361,Mastercard,Debit,5046881432224652,2013-07-01,229,YES,2,1513,2005-05-01,2008,No
4950,1361,Mastercard,Debit,5577172894705200,2020-10-01,459,YES,2,14767,2001-10-01,2012,No
2706,261,Visa,Debit,4234542365249677,2022-02-01,25,YES,1,23781,2012-04-01,2012,No
2589,261,Visa,Debit,4757706847861776,2008-06-01,121,YES,1,26891,2008-04-01,2010,No
6129,261,Visa,Debit,4373244578328861,2018-05-01,827,YES,1,32285,2016-12-01,2016,No
6076,261,Visa,Debit,4217828092270661,2021-04-01,909,YES,1,30650,2012-12-01,2012,No
30,261,Visa,Credit,4572295668772647,2022-04-01,795,YES,2,14200,2002-01-01,2006,No
4852,64,Mastercard,Debit,5127580610063404,2024-01-01,797,YES,1,17612,2013-09-01,2013,No
5429,64,Mastercard,Credit,5194937321345581,2020-03-01,811,YES,2,12200,2005-11-01,2020,No
823,1864,Visa,Debit,4470881135036524,2020-09-01,27,NO,1,33306,2020-01-01,2020,No
1864,1768,Visa,Debit,4738058846626255,2020-02-01,717,YES,1,14149,2020-02-01,2020,No
1341,1151,Mastercard,Debit,5643282528177276,2018-02-01,475,YES,1,429,2014-02-01,2014,No
5006,1151,Mastercard,Credit,5421621953594431,2024-09-01,692,YES,2,100,2004-10-01,2004,No
2983,1151,Visa,Debit,4973211658227265,2022-05-01,524,YES,2,495,2008-05-01,2010,No
5279,356,Visa,Debit,4137526666130095,2020-03-01,698,YES,2,18395,2013-10-01,2013,No
5605,356,Mastercard,Debit,5464831011600293,2024-09-01,462,YES,1,21808,2010-11-01,2010,No
3132,356,Mastercard,Debit,5261666772953093,2018-01-01,761,YES,1,39192,2013-05-01,2013,No
3251,356,Mastercard,Debit,5812893386791853,2012-07-01,51,YES,2,14100,2003-06-01,2010,No
2312,356,Mastercard,Debit,5636837846692552,2021-04-01,859,YES,1,15771,2013-03-01,2013,No
3018,1393,Visa,Debit,4412200129683784,2021-05-01,930,YES,2,8845,2009-05-01,2010,No
1865,1393,Visa,Credit,4468863439550668,2024-05-01,156,NO,2,10000,2020-02-01,2020,No
824,865,Visa,Credit,4756798568797972,2020-01-01,94,YES,2,4000,2020-01-01,2020,No
4028,865,Visa,Debit,4557723574146816,2021-04-01,794,YES,2,27832,2014-07-01,2014,No
3832,865,Amex,Credit,322743779978257,2024-07-01,346,YES,1,9200,2008-07-01,2011,No
4356,865,Amex,Credit,312193617939506,2022-10-01,789,YES,2,2000,2011-08-01,2011,No
5237,865,Mastercard,Debit,5321173022884498,2021-03-01,666,NO,1,24546,2011-10-01,2011,No
566,1914,Mastercard,Credit,5916703381443047,2024-06-01,396,YES,1,10400,2020-01-01,2020,No
2368,1641,Visa,Credit,4500938920704813,2020-11-01,263,YES,2,1900,2017-03-01,2017,No
825,707,Visa,Debit,4468428983030588,2020-02-01,92,YES,1,1862,2020-01-01,2020,No
4327,3,Mastercard,Debit (Prepaid),5568042569458348,2023-04-01,833,NO,1,80,2010-08-01,2010,No
2157,3,Visa,Debit (Prepaid),4642421771052120,2022-01-01,909,YES,1,65,2007-03-01,2010,No
4835,3,Mastercard,Debit (Prepaid),5175412661393752,2023-08-01,399,NO,1,62,2012-09-01,2012,No
3597,3,Visa,Debit,4075087878669701,2023-05-01,818,YES,2,13515,2015-06-01,2015,No
3787,754,Visa,Debit,4011865942072124,2021-04-01,749,YES,1,6138,2006-07-01,2016,No
5380,754,Mastercard,Debit,5528157431199960,2020-07-01,556,YES,2,8048,2002-11-01,2013,No
4122,754,Visa,Debit,4818819509291187,2022-03-01,727,YES,2,2898,2003-08-01,2008,No
6002,754,Mastercard,Debit,5016418727270137,2021-09-01,348,YES,1,9,2010-12-01,2013,No
2219,754,Mastercard,Debit,5298387414396125,2024-11-01,243,YES,2,4260,2009-03-01,2012,No
5450,754,Amex,Credit,337641023717610,2023-08-01,902,YES,2,10100,2006-11-01,2010,No
3423,148,Mastercard,Debit,5074266637803826,2017-03-01,211,YES,2,17471,2009-06-01,2012,No
2144,148,Mastercard,Debit,5286304797515163,2019-12-01,871,YES,1,14054,2007-03-01,2015,No
4288,148,Discover,Credit,6021090810005197,2024-06-01,397,NO,1,7600,2009-08-01,2009,No
5851,148,Discover,Credit,6125621291819591,2021-04-01,423,YES,1,17400,2006-12-01,2009,No
5585,148,Visa,Debit,4693550098600493,2020-01-01,358,YES,1,10077,2009-11-01,2009,No
2376,127,Visa,Debit,4521071637980158,2024-08-01,500,NO,2,10702,2018-03-01,2018,No
988,127,Mastercard,Credit,5210580835995043,2021-04-01,925,YES,1,10600,2001-02-01,2010,No
1086,127,Mastercard,Debit,5854998590853766,2017-06-01,732,YES,1,9180,2006-02-01,2020,No
4692,1675,Visa,Debit,4666278208440963,2016-07-01,682,YES,1,20074,2008-09-01,2011,No
3473,1675,Mastercard,Debit,5418223001029976,2021-06-01,550,NO,2,33746,2010-06-01,2010,No
2372,1675,Mastercard,Debit,5450223883062555,2023-12-01,64,NO,1,37722,2018-03-01,2018,No
1355,747,Mastercard,Credit,5297975423650578,2022-01-01,978,YES,2,6100,2015-02-01,2015,No
2287,747,Visa,Debit,4704027936633995,2013-01-01,486,YES,1,21952,2011-03-01,2011,No
2549,747,Visa,Debit,4893820018017248,2020-02-01,319,YES,1,18217,2007-04-01,2008,No
3119,747,Mastercard,Debit,5241795986089992,2017-09-01,783,YES,1,16565,2012-05-01,2012,No
2116,1942,Mastercard,Debit (Prepaid),5543220640561248,2021-09-01,154,YES,2,81,2006-03-01,2018,No
246,1942,Visa,Debit (Prepaid),4709797841612622,2022-06-01,186,YES,2,11,2010-01-01,2010,No
5781,1942,Mastercard,Debit,5622083190963613,2024-06-01,770,YES,2,0,2002-12-01,2009,No
6086,452,Mastercard,Debit (Prepaid),5461456632473048,2015-06-01,953,YES,1,57,2013-12-01,2013,No
5700,452,Mastercard,Debit,5480854171366544,2024-06-01,229,YES,1,24274,2014-11-01,2014,No
4249,452,Mastercard,Debit,5576250646108818,2021-04-01,837,YES,1,33166,2008-08-01,2009,No
1866,452,Visa,Debit,4957232481366756,2024-12-01,916,YES,1,21820,2020-02-01,2020,No
4451,452,Visa,Debit,4916726529470752,2020-02-01,702,YES,2,19264,2015-08-01,2015,No
1867,1157,Visa,Debit (Prepaid),4204541801800660,2020-12-01,998,YES,1,77,2020-02-01,2020,No
4250,1534,Mastercard,Debit,5850069301598701,2021-03-01,390,YES,1,26136,2008-08-01,2009,No
6102,1534,Mastercard,Debit,5002425450787708,2024-03-01,269,YES,1,27771,2014-12-01,2014,No
2947,1086,Visa,Debit,4440995001444541,2021-09-01,944,YES,1,17117,2007-05-01,2010,No
5301,1086,Amex,Credit,318192766245088,2024-11-01,192,YES,2,5400,2015-10-01,2015,No
567,1984,Mastercard,Debit,5338290960851838,2021-12-01,118,YES,1,674,2020-01-01,2020,No
4910,835,Mastercard,Debit (Prepaid),5400982759283574,2023-07-01,348,YES,1,58,2017-09-01,2017,No
2334,835,Visa,Debit,4252835460924891,2021-01-01,287,YES,2,15851,2014-03-01,2014,No
2288,835,Visa,Credit,4006785332636414,2017-07-01,881,YES,1,11000,2011-03-01,2015,No
4773,835,Mastercard,Debit,5090031463070463,2022-05-01,181,YES,2,16377,2010-09-01,2013,No
5115,758,Mastercard,Debit,5756920187269829,2024-05-01,707,NO,2,19127,2008-10-01,2012,No
2662,758,Visa,Credit,4525162655452086,2024-06-01,626,YES,1,9200,2010-04-01,2013,No
2181,758,Mastercard,Debit,5399696839533551,2020-05-01,371,YES,2,5553,2008-03-01,2015,No
5931,758,Mastercard,Debit (Prepaid),5186584998717863,2021-05-01,636,YES,1,75,2008-12-01,2008,No
5360,758,Visa,Credit,4927583161098663,2003-04-01,720,YES,1,7900,1999-11-01,2005,No
1868,1795,Visa,Debit,4051778032991069,2020-08-01,369,YES,1,19250,2020-02-01,2020,No
1869,1795,Visa,Debit (Prepaid),4659275859789142,2020-07-01,92,YES,2,96,2020-02-01,2020,No
1593,1795,Mastercard,Debit,5205432675858937,2020-02-01,584,YES,2,5895,2020-02-01,2020,No
1594,1795,Mastercard,Debit,5206418326928308,2021-10-01,897,YES,1,18891,2020-02-01,2020,No
399,1795,Amex,Credit,392063695403858,2024-01-01,497,YES,2,1700,2020-01-01,2020,No
1595,1795,Mastercard,Credit,5708264357731832,2024-06-01,418,YES,2,12700,2020-02-01,2020,No
355,1221,Mastercard,Debit,5911728602130706,2020-03-01,650,YES,1,14892,2016-01-01,2016,No
4561,1221,Visa,Credit,4002059636609265,2023-06-01,735,YES,1,8500,2004-09-01,2011,No
4774,1221,Mastercard,Credit,5950660218711311,2021-05-01,874,YES,1,8500,2010-09-01,2011,No
4693,1221,Visa,Credit,4173425142689190,2020-09-01,872,NO,2,7400,2008-09-01,2011,No
568,1821,Mastercard,Debit,5034815911594023,2024-11-01,490,NO,2,18048,2020-01-01,2020,No
1870,1821,Visa,Credit,4137037054113514,2022-10-01,432,YES,1,12500,2020-02-01,2020,No
826,1821,Visa,Debit,4404843838323846,2024-05-01,806,YES,2,12838,2020-01-01,2020,No
3281,1248,Visa,Debit,4737713633389782,2008-11-01,17,YES,1,14725,2004-06-01,2008,No
5787,1248,Amex,Credit,377035380135401,2020-07-01,451,YES,1,9600,2003-12-01,2010,No
5320,1248,Amex,Credit,338137732685669,2017-12-01,258,YES,2,11000,2017-10-01,2017,No
3654,1900,Visa,Debit,4652860823814539,2016-05-01,269,YES,2,5616,1999-07-01,2010,No
4117,597,Mastercard,Credit,5504414498996972,2020-08-01,997,YES,1,30400,2003-08-01,2011,No
4540,597,Visa,Debit,4682047932663844,2023-01-01,822,YES,2,76343,2003-09-01,2014,No
2532,597,Mastercard,Debit,5851699919509664,2024-02-01,217,YES,2,46070,2007-04-01,2008,No
5022,597,Mastercard,Credit,5403277732999672,2023-04-01,647,NO,2,14900,2005-10-01,2009,No
3414,597,Amex,Credit,309433518890778,2023-08-01,534,YES,1,27500,2009-06-01,2009,No
5346,597,Visa,Debit,4095586317435844,2007-07-01,383,NO,1,3134,1992-11-01,2011,No
1596,1620,Mastercard,Debit (Prepaid),5430882480140338,2020-02-01,307,YES,1,92,2020-02-01,2020,No
1871,1620,Visa,Credit,4028392432751999,2024-12-01,448,YES,2,10600,2020-02-01,2020,No
1872,1620,Visa,Debit,4963309602092587,2021-09-01,70,YES,2,13588,2020-02-01,2020,No
3518,1213,Mastercard,Debit (Prepaid),5849967926572948,2021-02-01,649,YES,1,67,2011-06-01,2011,No
3106,1213,Visa,Debit,4257444870981173,2020-02-01,297,YES,1,13905,2011-05-01,2011,No
3270,1213,Discover,Credit,6856082880767974,2021-01-01,86,YES,1,12300,2004-06-01,2013,No
5648,619,Mastercard,Debit,5012988615180480,2021-03-01,541,YES,1,23220,2011-11-01,2011,No
3348,619,Mastercard,Debit,5531418228277739,2021-06-01,20,YES,2,33319,2007-06-01,2010,No
5,619,Visa,Debit,4657824650820465,2024-04-01,245,YES,2,21883,1997-01-01,2012,No
4519,619,Mastercard,Debit,5415811108637059,2023-05-01,230,YES,1,39606,2002-09-01,2008,No
1394,1043,Visa,Credit,4985963940810511,2022-01-01,341,YES,2,15500,2019-02-01,2019,No
1873,1043,Visa,Credit,4342101696313878,2020-02-01,355,YES,2,20800,2020-02-01,2020,No
4717,394,Mastercard,Debit,5853043877946018,2023-06-01,333,YES,1,23310,2009-09-01,2009,No
6057,394,Visa,Debit,4699535367725055,2023-06-01,544,YES,1,22015,2011-12-01,2011,No
2663,394,Visa,Debit,4130599250567062,2023-05-01,25,YES,2,23884,2010-04-01,2010,No
4341,394,Visa,Debit,4662668880756908,2021-07-01,740,NO,2,25808,2010-08-01,2010,No
1874,1376,Visa,Credit,4161224797334572,2021-06-01,445,YES,2,4500,2020-02-01,2020,No
4871,1376,Mastercard,Debit,5699284619972487,2021-01-01,318,YES,2,26531,2014-09-01,2014,No
3532,1376,Visa,Debit,4888780238652712,2022-01-01,905,YES,2,22641,2011-06-01,2011,No
2182,1376,Mastercard,Credit,5822242274317975,2023-10-01,304,YES,2,13100,2008-03-01,2015,No
1875,834,Visa,Credit,4254270802602108,2020-10-01,79,YES,1,7800,2020-02-01,2020,No
1876,834,Visa,Debit,4369288282643447,2024-03-01,308,YES,2,6407,2020-02-01,2020,No
1407,834,Amex,Credit,315248670248049,2020-02-01,451,NO,2,7200,2020-02-01,2020,No
827,834,Visa,Credit,4870869234867987,2023-12-01,537,YES,1,6500,2020-01-01,2020,No
1877,834,Visa,Debit (Prepaid),4345078758052759,2024-09-01,929,YES,1,91,2020-02-01,2020,No
1878,834,Visa,Credit,4730938420487129,2020-02-01,613,YES,2,1200,2020-02-01,2020,No
160,837,Mastercard,Credit,5000790097162084,2024-07-01,232,YES,2,6700,2008-01-01,2009,No
2457,1257,Mastercard,Debit,5945155994376929,2021-03-01,310,YES,1,11102,2004-04-01,2012,No
2605,1257,Mastercard,Debit (Prepaid),5295522176690981,2021-10-01,577,NO,2,91,2009-04-01,2014,No
5071,1257,Amex,Credit,375440461139587,2021-08-01,402,YES,2,8100,2007-10-01,2009,No
4087,1966,Mastercard,Debit,5628413686894942,2021-09-01,490,YES,1,22679,1997-08-01,2014,No
2643,1966,Mastercard,Debit,5638732969366742,2023-04-01,854,YES,2,13326,2010-04-01,2010,No
6029,1966,Visa,Debit,4391016864300787,2020-11-01,883,YES,1,13778,2010-12-01,2015,No
4737,1966,Visa,Credit,4255500869023678,2016-05-01,402,YES,2,10400,2009-09-01,2011,No
5649,358,Mastercard,Debit,5845909959346068,2022-05-01,379,YES,2,6863,2011-11-01,2011,No
1212,358,Mastercard,Debit,5039744580376557,2021-12-01,653,YES,1,16633,2010-02-01,2010,No
3845,912,Mastercard,Debit,5303156731726906,2024-08-01,133,YES,1,29391,2008-07-01,2011,No
4197,912,Discover,Credit,6522396373079060,2023-07-01,764,YES,1,19000,2007-08-01,2011,No
5650,605,Mastercard,Debit,5070746550577514,2020-03-01,506,YES,1,14541,2011-11-01,2011,No
212,605,Visa,Credit,4542762527059522,2022-12-01,70,YES,1,13500,2009-01-01,2009,No
5061,605,Visa,Debit,4799699589870743,2021-06-01,178,YES,2,1484,2006-10-01,2011,No
5289,1362,Mastercard,Debit,5085312612570669,2023-03-01,845,NO,1,31192,2014-10-01,2014,No
0,1362,Amex,Credit,393314135668401,2024-04-01,866,YES,2,33900,1991-01-01,2014,No
2274,1362,Mastercard,Debit (Prepaid),5467215736629408,2023-07-01,98,YES,2,44,2011-03-01,2016,No
2145,1362,Mastercard,Debit,5566695688917047,2017-03-01,309,NO,2,29708,2007-03-01,2009,No
2965,1513,Mastercard,Credit,5634053342792528,2021-07-01,779,YES,1,27200,2008-05-01,2011,No
3933,1513,Mastercard,Debit,5335296190511129,2021-10-01,416,YES,1,36344,2010-07-01,2010,No
3546,1513,Mastercard,Credit,5257923747690161,2020-11-01,547,YES,2,8900,2012-06-01,2012,No
5886,1521,Mastercard,Debit,5993184597730650,2021-01-01,545,YES,2,1236,2007-12-01,2010,No
2495,1521,Visa,Debit,4118737033782452,2023-12-01,648,YES,1,11037,2005-04-01,2012,No
1066,1521,Visa,Credit,4141977020977863,2020-09-01,958,YES,2,5000,2005-02-01,2008,No
5887,564,Mastercard,Credit,5411382690193634,2023-05-01,604,YES,1,9700,2007-12-01,2011,No
3547,564,Mastercard,Debit,5943272696356193,2016-03-01,746,YES,2,14179,2012-06-01,2012,No
2606,1309,Mastercard,Debit,5001932148943386,2024-11-01,861,YES,1,25021,2009-04-01,2009,No
828,1583,Visa,Debit,4627841905437269,2020-02-01,382,YES,2,33605,2020-01-01,2020,No
3385,1583,Mastercard,Debit (Prepaid),5277291731808525,2023-10-01,656,NO,1,63,2008-06-01,2010,No
5724,1583,Mastercard,Debit (Prepaid),5499814764082703,2024-03-01,208,YES,1,84,2016-11-01,2016,No
4694,1885,Visa,Debit,4806392673999553,2012-12-01,788,YES,2,18733,2008-09-01,2014,No
4951,1885,Mastercard,Debit (Prepaid),5423227075379758,2006-10-01,812,YES,2,38,2001-10-01,2007,No
3424,1885,Mastercard,Debit,5077515394309071,2018-12-01,216,YES,1,21895,2009-06-01,2009,No
2435,1885,Visa,Credit,4338490944284662,2022-04-01,381,YES,2,8700,2002-04-01,2010,No
2046,1566,Mastercard,Debit,5779974407665985,2023-01-01,527,YES,2,16050,2003-03-01,2006,No
5832,1566,Mastercard,Debit,5408251118769597,2007-03-01,762,YES,2,17257,2005-12-01,2009,No
5546,1566,Visa,Debit,4803682548615735,2012-04-01,499,YES,2,20573,2008-11-01,2015,No
2383,401,Mastercard,Debit,5691373570423014,2020-01-01,797,YES,1,18829,2019-03-01,2019,No
5628,401,Visa,Debit,4568197311547979,2020-02-01,976,YES,1,16619,2010-11-01,2010,No
5643,401,Discover,Credit,6043138850528323,2022-12-01,36,NO,1,9700,2011-11-01,2012,No
4924,401,Mastercard,Credit,5641292346753762,2024-07-01,940,YES,2,2200,2019-09-01,2019,No
3004,401,Mastercard,Debit,5192267246661566,2024-10-01,412,YES,1,17691,2009-05-01,2009,No
1597,401,Mastercard,Debit,5053048068364098,2024-08-01,114,YES,1,11910,2020-02-01,2020,No
3035,401,Amex,Credit,321401373752458,2023-04-01,507,YES,2,11000,2010-05-01,2014,No
6030,15,Visa,Debit,4098548875720611,2021-12-01,832,YES,1,13971,2010-12-01,2010,No
4988,15,Mastercard,Credit,5083940596996065,2020-03-01,427,YES,2,7100,2003-10-01,2017,No
3182,15,Visa,Credit,4885936439907966,2020-06-01,161,YES,1,0,2016-05-01,2016,No
829,1666,Visa,Credit,4934752965828835,2022-06-01,217,YES,2,5800,2020-01-01,2020,No
2533,1666,Mastercard,Credit,5888017098066838,2009-02-01,395,YES,1,12700,2007-04-01,2015,No
178,1666,Visa,Debit,4081281007922347,2024-05-01,405,YES,1,17405,2008-01-01,2012,No
993,1666,Visa,Debit,4116719519692656,2020-10-01,930,YES,1,9418,2001-02-01,2012,No
1598,509,Mastercard,Credit,5125572827019758,2024-09-01,88,YES,1,9900,2020-02-01,2020,No
3446,509,Visa,Debit,4119030099012884,2022-08-01,613,YES,2,25292,2009-06-01,2009,No
4588,509,Visa,Debit,4262181069766792,2022-07-01,519,YES,1,12721,2005-09-01,2015,No
569,509,Mastercard,Debit,5679878136345109,2023-12-01,658,YES,1,13218,2020-01-01,2020,No
2644,954,Mastercard,Debit,5915880344129112,2024-08-01,471,YES,2,18320,2010-04-01,2010,No
2220,954,Mastercard,Debit,5935596537639790,2023-11-01,851,YES,1,20270,2009-03-01,2009,No
4416,954,Visa,Debit,4400219107299850,2013-11-01,542,YES,1,18254,2013-08-01,2013,No
5586,954,Visa,Debit,4089300388076101,2024-10-01,359,YES,1,24104,2009-11-01,2009,No
3548,832,Mastercard,Credit,5218196083865154,2024-10-01,647,YES,1,10900,2012-06-01,2012,No
2948,832,Visa,Debit,4981253351585415,2022-09-01,351,YES,1,23260,2007-05-01,2010,No
3107,832,Visa,Debit,4295278548240324,2024-07-01,380,NO,1,20776,2011-05-01,2011,No
570,832,Mastercard,Debit,5355282965831676,2020-02-01,110,YES,2,15741,2020-01-01,2020,No
2362,1046,Mastercard,Credit,5861740201459988,2020-12-01,366,YES,2,7300,2017-03-01,2017,No
6,1046,Amex,Credit,394584924614148,1999-02-01,302,YES,2,9400,1998-01-01,2011,No
3259,1046,Visa,Debit,4890055017613535,2021-04-01,956,YES,2,10124,2003-06-01,2018,No
9,1046,Amex,Credit,357982644067712,2020-09-01,72,YES,1,13000,1999-01-01,2005,No
4520,630,Mastercard,Debit,5384345955909701,2021-02-01,595,YES,2,18060,2002-09-01,2019,No
2059,630,Mastercard,Debit,5772590166573650,2020-07-01,370,YES,1,7546,2004-03-01,2010,No
5629,630,Visa,Debit,4542180712523328,2020-11-01,573,YES,1,9062,2010-11-01,2010,No
3386,1561,Mastercard,Credit,5551931585131534,2021-04-01,846,YES,1,17900,2008-06-01,2010,No
1025,1561,Visa,Debit,4378338421772779,2016-03-01,43,YES,2,33822,2003-02-01,2018,No
2966,1561,Mastercard,Debit,5321097255210931,2022-10-01,151,YES,2,30909,2008-05-01,2013,No
5353,1561,Visa,Debit,4243596342751426,2022-07-01,687,NO,2,2722,1997-11-01,2016,No
2377,1548,Visa,Debit,4387424871359762,2020-03-01,620,YES,1,28762,2018-03-01,2018,No
5764,1548,Mastercard,Debit (Prepaid),5855871886072937,2023-10-01,608,NO,1,67,2000-12-01,2011,No
4406,1548,Mastercard,Debit,5206850868932460,2020-05-01,278,YES,1,44345,2013-08-01,2013,No
2901,221,Mastercard,Debit,5299458985659885,2021-12-01,939,YES,2,2209,2006-05-01,2013,No
2444,221,Mastercard,Debit,5721793415718927,2021-07-01,936,YES,2,24582,2003-04-01,2012,No
4589,221,Visa,Debit,4474874486729578,2021-11-01,557,NO,1,1017,2005-09-01,2010,No
1049,221,Mastercard,Debit,5439379970529141,2022-10-01,751,YES,1,11625,2005-02-01,2014,No
1599,1991,Mastercard,Debit,5851336463259847,2024-03-01,326,YES,1,17882,2020-02-01,2020,No
1331,1328,Visa,Credit,4186230455407129,2020-04-01,452,YES,1,1000,2013-02-01,2013,No
1879,1328,Visa,Debit,4130691040375178,2020-06-01,573,YES,1,37491,2020-02-01,2020,No
2158,1901,Visa,Debit (Prepaid),4693399280462586,2023-07-01,216,YES,2,59,2007-03-01,2015,No
3846,1901,Mastercard,Debit,5584237915645568,2023-08-01,278,NO,2,6384,2008-07-01,2017,No
3887,1901,Mastercard,Debit (Prepaid),5481575854699028,2013-01-01,766,YES,2,24,2009-07-01,2016,No
5357,665,Mastercard,Debit,5918910325356792,2022-03-01,670,YES,2,11994,1999-11-01,2011,No
3652,665,Mastercard,Debit,5972495236133028,2024-10-01,260,YES,1,8747,1998-07-01,2007,No
5073,665,Discover,Credit,6073415333610129,2019-09-01,544,YES,1,9500,2007-10-01,2011,No
5193,665,Mastercard,Debit,5223363810636949,2023-06-01,157,YES,1,1264,2010-10-01,2019,No
3402,665,Visa,Debit,4528444090805864,2022-01-01,349,YES,2,7233,2008-06-01,2011,No
2798,665,Mastercard,Debit,5367612713630895,2022-03-01,457,YES,1,1264,1998-05-01,2014,No
3217,665,Mastercard,Debit,5383484021585473,2001-06-01,78,NO,2,15007,2000-06-01,2013,No
968,665,Mastercard,Debit,5441697353641069,2002-02-01,271,YES,2,13529,1999-02-01,2008,No
1213,442,Mastercard,Debit,5422663837290602,2015-02-01,95,YES,1,25209,2010-02-01,2011,No
141,442,Visa,Debit,4543954544652846,2024-06-01,124,YES,1,34063,2007-01-01,2009,No
2117,442,Mastercard,Debit,5595793068662525,2019-12-01,821,NO,1,31307,2006-03-01,2010,No
112,442,Visa,Debit,4420834293443756,2020-02-01,403,YES,1,40384,2006-01-01,2006,No
2346,442,Visa,Debit,4849956694296337,2024-05-01,840,YES,2,19525,2015-03-01,2015,No
4572,1626,Amex,Credit,367423467093893,2022-12-01,764,YES,2,7200,2005-09-01,2011,No
1600,1539,Mastercard,Credit,5729767434317024,2020-09-01,422,YES,2,6200,2020-02-01,2020,No
3847,1539,Mastercard,Credit,5729516736133357,2023-07-01,414,YES,3,21700,2008-07-01,2015,No
4203,601,Mastercard,Credit,5294476060895480,2009-12-01,468,YES,1,7100,2007-08-01,2009,No
2300,601,Mastercard,Credit,5361691946548943,2022-06-01,613,YES,2,6700,2012-03-01,2012,No
3674,601,Mastercard,Debit (Prepaid),5512114617143185,2021-09-01,945,YES,1,68,2002-07-01,2011,No
5760,601,Mastercard,Credit,5187201945323044,2018-10-01,824,YES,2,10800,1999-12-01,2005,No
3681,601,Visa,Debit,4313175636042739,2022-11-01,533,YES,2,9952,2002-07-01,2010,No
2347,601,Visa,Credit,4000370059012165,2024-11-01,22,YES,2,5400,2015-03-01,2015,No
2840,541,Mastercard,Credit,5176908526574912,2015-01-01,638,YES,2,12200,2003-05-01,2009,No
5516,210,Discover,Credit,6029205262726868,2022-03-01,307,YES,2,3700,2008-11-01,2011,No
3053,206,Mastercard,Credit,5817132520514792,2024-01-01,425,YES,1,11300,2010-05-01,2011,No
1601,206,Mastercard,Debit,5447278925047092,2020-08-01,509,YES,1,18510,2020-02-01,2020,No
1602,926,Mastercard,Debit,5655709836148640,2020-06-01,824,YES,2,2070,2020-02-01,2020,No
1603,115,Mastercard,Debit,5253234186328777,2024-02-01,926,YES,1,55750,2020-02-01,2020,No
38,115,Mastercard,Credit,5419421476993334,2024-11-01,290,NO,1,20300,2003-01-01,2015,No
4590,115,Visa,Debit (Prepaid),4946298081598663,2023-07-01,580,YES,2,52,2005-09-01,2008,No
19,115,Mastercard,Debit,5610743457688598,2023-01-01,310,YES,2,46184,2001-01-01,2014,No
4927,115,Visa,Credit,4751938107987467,2024-10-01,839,YES,1,13200,2019-09-01,2019,No
5704,115,Visa,Debit,4975707785859421,2022-09-01,744,YES,2,34284,2014-11-01,2014,No
3934,1779,Mastercard,Debit,5398659110488007,2024-10-01,776,YES,2,9257,2010-07-01,2018,No
1214,1779,Mastercard,Debit,5786581990221963,2023-02-01,672,YES,2,7623,2010-02-01,2015,No
4029,248,Visa,Debit,4747815633973046,2021-08-01,914,YES,1,9741,2014-07-01,2014,No
4932,248,Mastercard,Debit,5499359671695760,2021-11-01,129,YES,1,11749,1998-10-01,2008,No
99,248,Mastercard,Debit,5145532394563662,2013-04-01,369,YES,2,12257,2006-01-01,2010,No
1030,248,Mastercard,Debit,5939700185835878,2010-09-01,635,YES,2,10792,2004-02-01,2008,No
3130,1003,Discover,Credit,6369515530338470,2024-10-01,852,YES,2,21000,2013-05-01,2013,No
1604,294,Mastercard,Debit,5750323855690430,2022-03-01,157,YES,2,20362,2020-02-01,2020,No
3557,118,Visa,Debit,4142110459052351,2024-09-01,112,YES,1,20653,2012-06-01,2012,No
2792,118,Discover,Credit,6987061746149197,2024-11-01,75,YES,1,6700,1997-05-01,2016,No
3848,118,Mastercard,Debit,5548387982631859,2021-07-01,666,YES,2,2629,2008-07-01,2017,No
1605,292,Mastercard,Debit,5968272205938865,2023-01-01,325,YES,1,21686,2020-02-01,2020,No
4943,755,Mastercard,Debit,5534541653646616,2020-04-01,809,YES,2,13979,2000-10-01,2007,No
2206,755,Visa,Debit,4667069269699060,2020-09-01,557,YES,1,15459,2008-03-01,2010,No
4797,755,Visa,Debit,4152201825251056,2022-12-01,314,YES,2,10756,2010-09-01,2018,No
2757,755,Discover,Credit,6854474888626753,2020-01-01,26,YES,3,4900,2016-04-01,2016,No
2321,755,Visa,Debit,4668572513233214,2021-08-01,346,YES,2,11869,2013-03-01,2013,No
1880,1878,Visa,Debit,4882085126810655,2020-02-01,635,YES,1,11029,2020-02-01,2020,No
4958,1432,Visa,Debit,4326650926720477,2021-05-01,924,YES,1,32043,2001-10-01,2009,No
4929,1432,Visa,Credit,4628195999996989,2023-07-01,543,YES,1,19400,1996-10-01,2012,No
1192,1432,Visa,Credit,4328042122247732,2010-01-01,97,YES,1,15900,2009-02-01,2009,No
2726,1432,Mastercard,Debit,5033363979740914,2022-07-01,246,YES,2,25740,2014-04-01,2014,No
4576,456,Mastercard,Debit,5915761072331247,2020-08-01,754,YES,2,12594,2005-09-01,2014,No
2800,456,Visa,Credit,4751933848032848,2024-12-01,614,YES,1,5800,1998-05-01,2009,No
5811,456,Mastercard,Debit,5549596794440785,2005-03-01,529,YES,2,14824,2004-12-01,2011,No
4603,623,Mastercard,Debit,5595541886484466,2006-12-01,173,YES,2,14954,2006-09-01,2007,No
2072,623,Visa,Debit,4227288222945154,2024-09-01,212,YES,2,9146,2004-03-01,2012,No
2130,623,Visa,Debit,4699958965879610,2023-09-01,792,YES,2,31917,2006-03-01,2009,No
571,1426,Mastercard,Credit,5464649664950051,2023-05-01,203,NO,2,35500,2020-01-01,2020,No
572,1426,Mastercard,Credit,5882324108899621,2020-05-01,496,YES,2,17100,2020-01-01,2020,No
5381,47,Mastercard,Debit,5880626034442823,2012-09-01,871,YES,2,8636,2002-11-01,2014,No
4952,47,Mastercard,Debit,5466414459089427,2024-01-01,556,YES,2,3891,2001-10-01,2016,No
5630,47,Visa,Debit (Prepaid),4163402116623079,2021-12-01,57,YES,2,100,2010-11-01,2010,No
5080,47,Mastercard,Credit,5635188704285842,2021-05-01,3,YES,2,10500,2007-10-01,2011,No
5876,760,Amex,Credit,360330585295390,2022-05-01,887,YES,1,9100,2007-12-01,2008,No
5670,760,Mastercard,Debit,5089677231892699,2022-05-01,95,YES,1,17393,2012-11-01,2012,No
4379,760,Visa,Debit (Prepaid),4328570434774826,2023-01-01,822,NO,1,59,2011-08-01,2011,No
2566,956,Mastercard,Debit,5894303084517359,2012-03-01,643,YES,2,2355,2008-04-01,2009,No
1606,956,Mastercard,Debit,5291344771165863,2020-02-01,383,YES,1,29553,2020-02-01,2020,No
4273,194,Visa,Credit,4396420039695362,2024-09-01,831,YES,1,8300,2008-08-01,2008,No
2401,194,Mastercard,Debit,5295553845119885,2024-04-01,465,YES,2,14501,1998-04-01,2012,No
5587,194,Visa,Debit,4731739581942739,2023-03-01,402,NO,2,9080,2009-11-01,2013,No
5062,194,Visa,Debit,4450584062421730,2020-10-01,426,YES,1,1534,2006-10-01,2015,No
1607,693,Mastercard,Debit,5064466274717398,2023-06-01,294,YES,2,39114,2020-02-01,2020,No
830,693,Visa,Debit,4575911077034923,2024-09-01,112,YES,2,30298,2020-01-01,2020,No
1881,1246,Visa,Credit,4503003404657982,2020-02-01,994,YES,1,6600,2020-02-01,2020,No
5812,1246,Mastercard,Debit,5460635909206619,2021-04-01,494,NO,1,15087,2004-12-01,2005,No
4810,1246,Mastercard,Debit,5019373098063506,2024-05-01,803,NO,1,16257,2011-09-01,2011,No
5023,1246,Mastercard,Credit,5948027607549223,2024-04-01,745,YES,2,8500,2005-10-01,2012,No
2774,641,Visa,Debit,4090737232864595,2019-04-01,873,YES,2,18401,2017-04-01,2017,No
4456,641,Mastercard,Debit,5932134708405084,2020-02-01,290,YES,1,17946,2016-08-01,2016,No
14,641,Mastercard,Debit,5206583278012757,2021-07-01,19,YES,1,24819,2000-01-01,2011,No
1193,641,Visa,Credit,4068972276491706,2009-06-01,87,YES,2,11000,2009-02-01,2010,No
4718,641,Mastercard,Debit,5316778308007531,2022-01-01,916,YES,2,12275,2009-09-01,2009,No
5151,641,Mastercard,Debit,5609319010602606,2022-05-01,608,YES,1,22044,2009-10-01,2009,No
3907,1060,Visa,Credit,4309045665471171,2021-05-01,488,NO,1,10600,2009-07-01,2018,No
4291,1060,Mastercard,Debit (Prepaid),5050635646267142,2021-01-01,263,YES,2,61,2009-08-01,2016,No
5216,1060,Visa,Debit,4810039258739759,2023-05-01,199,YES,2,14114,2010-10-01,2010,No
5326,1060,Visa,Credit,4542199497010950,2022-05-01,720,YES,2,6500,2017-10-01,2017,No
3849,1060,Mastercard,Credit,5317191716062677,2023-02-01,498,YES,1,9400,2008-07-01,2012,No
831,1292,Visa,Debit,4744997343013972,2023-07-01,590,YES,1,16369,2020-01-01,2020,No
1882,1292,Visa,Credit,4303693867822808,2024-04-01,55,YES,1,5900,2020-02-01,2020,No
832,1113,Visa,Credit,4785359212322716,2022-02-01,300,NO,1,9100,2020-01-01,2020,No
833,1113,Visa,Credit,4096118201118127,2024-07-01,416,NO,2,4700,2020-01-01,2020,No
4631,245,Amex,Credit,303388287085492,2021-02-01,532,YES,1,8900,2007-09-01,2007,No
1883,245,Visa,Debit (Prepaid),4476065851945684,2020-07-01,36,NO,2,94,2020-02-01,2020,No
4362,774,Mastercard,Debit,5895713697224705,2022-09-01,258,YES,2,1669,2011-08-01,2016,No
83,774,Visa,Debit,4983985291771434,2024-05-01,805,YES,1,16717,2005-01-01,2006,No
100,1822,Mastercard,Debit,5279713794719682,2021-09-01,47,YES,2,14133,2006-01-01,2010,No
3985,1822,Visa,Debit,4178217448317088,2022-09-01,519,YES,2,13029,2011-07-01,2011,No
1608,1822,Mastercard,Debit,5664759161976809,2024-06-01,550,YES,2,11624,2020-02-01,2020,No
4285,1822,Amex,Credit,318484934517404,2010-11-01,520,YES,2,5900,2009-08-01,2010,No
2221,1822,Mastercard,Debit (Prepaid),5631456765491989,2024-04-01,102,YES,1,10,2009-03-01,2011,No
5888,1209,Mastercard,Debit,5471110680954467,2020-01-01,175,YES,2,42074,2007-12-01,2010,No
4573,1209,Amex,Credit,339030327753446,2021-02-01,650,YES,2,19400,2005-09-01,2013,No
3362,1209,Visa,Debit,4274911965973655,2020-12-01,786,YES,1,27091,2007-06-01,2018,No
3387,1209,Mastercard,Debit (Prepaid),5771648554583821,2020-08-01,775,YES,1,76,2008-06-01,2014,No
3693,1209,Mastercard,Debit,5781736709412195,2021-04-01,939,YES,1,16340,2003-07-01,2009,No
4462,1209,Mastercard,Credit,5084380925956677,2017-10-01,617,NO,1,4300,2017-08-01,2017,No
2261,997,Visa,Credit,4887678666553627,2021-02-01,224,YES,1,17100,2010-03-01,2011,No
6108,997,Mastercard,Debit (Prepaid),5003576204537961,2020-12-01,14,YES,1,57,2015-12-01,2015,No
5046,997,Discover,Credit,6867180010349307,2023-07-01,59,YES,1,11200,2006-10-01,2006,No
5825,997,Amex,Credit,353877018181177,2021-08-01,65,YES,1,5900,2005-12-01,2011,No
1446,1180,Discover,Credit,6422941047474556,2021-08-01,992,YES,2,8200,2020-02-01,2020,No
6041,1180,Mastercard,Credit,5993329445307051,2023-06-01,375,YES,1,11200,2011-12-01,2016,No
1609,1180,Mastercard,Debit,5950036485745255,2020-10-01,85,YES,2,9641,2020-02-01,2020,No
23,318,Visa,Credit,4234128216675939,2008-07-01,678,YES,1,7500,2001-01-01,2017,No
2928,318,Mastercard,Debit,5604082480116921,2023-11-01,659,YES,2,9725,2007-05-01,2012,No
2004,318,Mastercard,Debit,5737016502815467,1997-07-01,601,NO,1,713,1997-03-01,2008,No
3183,318,Visa,Credit,4949255212004884,2023-12-01,520,YES,2,0,2016-05-01,2016,No
5081,691,Mastercard,Debit,5446801894773477,2012-09-01,328,YES,1,10824,2007-10-01,2015,No
3157,1993,Visa,Debit,4474146136597583,2015-06-01,298,YES,1,54768,2014-05-01,2014,No
4176,1993,Mastercard,Debit,5730095777634107,2015-05-01,347,YES,1,36982,2006-08-01,2009,No
70,1993,Mastercard,Credit,5703701005597044,2012-09-01,789,YES,2,19500,2005-01-01,2010,No
5082,1993,Mastercard,Debit,5760259520469831,2020-05-01,777,YES,1,43863,2007-10-01,2012,No
5152,1993,Mastercard,Debit,5904195142586918,2023-03-01,377,YES,2,27050,2009-10-01,2018,No
4635,1993,Mastercard,Debit,5682670963531855,2020-02-01,350,YES,2,33468,2007-09-01,2010,No
3675,252,Mastercard,Credit,5167343609558637,2024-10-01,394,YES,1,10700,2002-07-01,2013,No
271,252,Mastercard,Debit (Prepaid),5762124532464441,2024-10-01,43,YES,2,35,2011-01-01,2011,No
5024,252,Mastercard,Debit,5186949472205571,2022-10-01,48,YES,1,9358,2005-10-01,2015,No
4577,252,Mastercard,Debit,5415548034534018,2024-02-01,874,YES,1,13425,2005-09-01,2015,No
5407,252,Mastercard,Debit,5633482843715503,2020-08-01,37,NO,1,24213,2004-11-01,2009,No
3788,252,Visa,Debit,4882258377184803,2020-03-01,597,NO,2,14911,2006-07-01,2014,No
4719,1757,Mastercard,Credit,5498435631041773,2019-01-01,7,YES,1,10800,2009-09-01,2011,No
142,1757,Visa,Credit,4064761360050851,2022-07-01,528,YES,2,13200,2007-01-01,2007,No
2685,1757,Visa,Debit,4126600786733032,2023-10-01,380,YES,1,12628,2011-04-01,2012,No
4820,1757,Visa,Debit,4770016969284052,2016-03-01,688,YES,1,16642,2011-09-01,2011,No
3054,1324,Mastercard,Debit,5147547789135485,2020-12-01,635,YES,1,13013,2010-05-01,2012,No
3314,1324,Mastercard,Credit,5465005714822989,2020-08-01,676,YES,2,10400,2006-06-01,2006,No
4959,1324,Visa,Credit,4713324681058860,2024-09-01,943,YES,2,12500,2001-10-01,2011,No
5889,1324,Mastercard,Debit,5404924988382806,2023-12-01,898,YES,3,8889,2007-12-01,2013,No
2102,1557,Amex,Credit,323245493552532,2024-01-01,133,YES,1,19000,2006-03-01,2011,No
2471,1557,Visa,Debit,4937226529694539,2021-04-01,978,NO,1,12370,2004-04-01,2008,No
6098,1557,Discover,Credit,6263143688274935,2020-04-01,750,YES,2,9000,2014-12-01,2014,No
1610,1555,Mastercard,Debit,5044161315330869,2021-01-01,635,YES,1,5284,2020-02-01,2020,No
6042,1555,Mastercard,Debit (Prepaid),5313709235716865,2022-04-01,105,YES,2,50,2011-12-01,2011,No
3190,1555,Mastercard,Credit,5004140207005826,2024-12-01,826,YES,2,2300,2017-05-01,2017,No
1019,941,Mastercard,Debit,5371465627255292,2022-02-01,208,YES,1,20022,2003-02-01,2014,No
573,156,Mastercard,Debit,5580797323399612,2020-05-01,602,YES,1,14820,2020-01-01,2020,No
5438,156,Visa,Credit,4033049142123683,2023-05-01,457,YES,2,6900,2005-11-01,2013,No
1334,156,Amex,Credit,338476518852926,2021-05-01,955,YES,2,5200,2014-02-01,2014,No
4604,156,Mastercard,Debit (Prepaid),5395413641992121,2016-12-01,599,YES,1,64,2006-09-01,2010,No
2827,24,Mastercard,Debit,5519749178345162,2020-03-01,389,YES,2,8165,2002-05-01,2009,No
1316,302,Mastercard,Debit,5544586425634316,2020-09-01,652,YES,2,16799,2013-02-01,2013,No
1408,302,Amex,Credit,344544551925411,2024-04-01,781,YES,2,13800,2020-02-01,2020,No
1884,949,Visa,Debit,4406651851662470,2020-03-01,535,YES,1,20826,2020-02-01,2020,No
430,949,Discover,Credit,6667487813805784,2020-12-01,869,YES,2,20700,2020-01-01,2020,No
2249,949,Mastercard,Debit,5026926528558439,2023-06-01,88,YES,2,15813,2010-03-01,2011,No
574,949,Mastercard,Debit (Prepaid),5230200235683632,2020-02-01,31,YES,2,41,2020-01-01,2020,No
3549,949,Mastercard,Credit,5272390505326909,2022-06-01,137,YES,2,8000,2012-06-01,2012,No
3598,1281,Visa,Credit,4150741409734991,2021-08-01,36,YES,2,6600,2015-06-01,2015,No
4775,1281,Mastercard,Debit,5111772382182985,2022-11-01,613,YES,2,15149,2010-09-01,2010,No
3095,1281,Mastercard,Credit,5360137436970945,2017-01-01,838,YES,1,10100,2011-05-01,2016,No
2902,1281,Mastercard,Debit,5072405422049281,2023-10-01,218,YES,2,14720,2006-05-01,2014,No
5394,1281,Visa,Debit (Prepaid),4850365258362645,2023-11-01,234,YES,1,28,2003-11-01,2018,No
3589,1281,Mastercard,Credit,5984801708604393,2019-03-01,199,YES,2,3600,2015-06-01,2015,No
5116,1428,Mastercard,Debit (Prepaid),5027529544926447,2022-12-01,25,YES,1,47,2008-10-01,2016,No
3163,433,Mastercard,Debit,5647678785895097,2024-10-01,728,YES,1,10179,2015-05-01,2015,No
3868,433,Visa,Credit,4421198077171177,2020-09-01,672,YES,2,10600,2008-07-01,2014,No
2903,433,Mastercard,Debit,5168270261449737,2007-08-01,417,YES,2,14716,2006-05-01,2012,No
2370,433,Amex,Credit,365863370015670,2020-08-01,62,YES,2,12600,2018-03-01,2018,No
4866,433,Visa,Debit (Prepaid),4441251898273999,2017-12-01,539,YES,1,96,2013-09-01,2013,No
5606,433,Mastercard,Debit (Prepaid),5758062322827453,2020-02-01,705,YES,1,73,2010-11-01,2010,No
4040,584,Visa,Credit,4420105255078893,2021-04-01,771,YES,1,6500,2015-07-01,2015,No
3878,584,Amex,Credit,346940257761158,2023-11-01,947,YES,2,9300,2009-07-01,2009,No
51,584,Mastercard,Debit,5556324903959052,2023-12-01,331,NO,2,8970,2004-01-01,2010,No
5800,1832,Visa,Credit,4992452788404191,2023-05-01,62,YES,1,11700,2003-12-01,2013,No
5932,1832,Mastercard,Debit,5617468224391712,2021-06-01,668,YES,1,2841,2008-12-01,2013,No
4636,222,Mastercard,Debit,5747958873333088,2021-05-01,825,YES,1,46621,2007-09-01,2010,No
4619,222,Visa,Debit,4850638391545334,2006-11-01,739,YES,2,62855,2006-09-01,2006,No
4821,222,Visa,Debit,4677263098292783,2014-10-01,224,YES,1,46521,2011-09-01,2012,No
4562,648,Visa,Credit,4143468711704435,2008-06-01,494,YES,2,4100,2004-09-01,2010,No
3474,648,Mastercard,Credit,5409476939542313,2020-01-01,683,YES,1,9200,2010-06-01,2010,No
3888,648,Mastercard,Credit,5007364960274325,2020-10-01,704,YES,2,2800,2009-07-01,2010,No
6135,1939,Amex,Credit,311541518015615,2024-08-01,777,YES,2,4200,2018-12-01,2018,No
575,722,Mastercard,Debit,5364678125237327,2022-09-01,987,YES,2,21794,2020-01-01,2020,No
4204,1889,Mastercard,Debit (Prepaid),5345398805896145,2015-11-01,124,YES,1,58,2007-08-01,2009,No
1176,1889,Mastercard,Credit,5581736783190390,2021-08-01,839,YES,1,11400,2009-02-01,2014,No
2618,1889,Visa,Debit,4763467572950708,2016-07-01,73,YES,2,15781,2009-04-01,2015,No
5416,1889,Visa,Debit,4054285627938350,2023-10-01,16,YES,1,26906,2004-11-01,2016,No
5890,1889,Mastercard,Debit,5098426242847294,2024-10-01,718,YES,2,10228,2007-12-01,2014,No
2694,1229,Mastercard,Debit (Prepaid),5325455545002997,2023-10-01,421,YES,2,74,2012-04-01,2012,No
2427,1229,Discover,Credit,6868773214447881,2020-02-01,279,YES,1,12600,2002-04-01,2010,No
3282,1229,Visa,Credit,4751829096986111,2019-02-01,153,YES,2,7600,2004-06-01,2010,No
5547,1229,Visa,Debit,4395114522983450,2024-06-01,237,YES,1,33080,2008-11-01,2008,No
386,1229,Visa,Debit,4387900091455994,2020-03-01,509,NO,1,17954,2019-01-01,2019,No
272,1229,Mastercard,Debit,5896034364726407,2023-01-01,588,YES,1,19238,2011-01-01,2011,No
5083,505,Mastercard,Debit,5608387837637865,2023-01-01,147,YES,2,14912,2007-10-01,2009,No
2222,505,Mastercard,Debit,5990568998813171,2015-11-01,843,YES,2,5258,2009-03-01,2013,No
5173,1083,Visa,Credit,4664688687059371,2020-12-01,887,YES,1,11300,2009-10-01,2011,No
3710,1083,Mastercard,Debit,5866158485564729,2022-10-01,48,YES,1,24455,2004-07-01,2014,No
5527,1083,Mastercard,Debit,5130413246944823,2016-08-01,942,YES,2,463,2008-11-01,2010,No
3447,1083,Visa,Debit,4275554691937663,2010-02-01,49,YES,2,5511,2009-06-01,2012,No
4448,1656,Mastercard,Debit,5955659249394046,2020-09-01,572,YES,2,20097,2015-08-01,2015,No
834,1656,Visa,Debit,4743530458676223,2021-07-01,364,YES,2,14200,2020-01-01,2020,No
1611,1656,Mastercard,Debit,5633119819093513,2024-03-01,914,YES,1,16415,2020-02-01,2020,No
1612,568,Mastercard,Debit,5938598749066574,2020-02-01,412,YES,2,1926,2020-02-01,2020,No
1050,1373,Mastercard,Credit,5105665544771126,2020-08-01,485,NO,1,11000,2005-02-01,2013,No
4074,1373,Amex,Credit,339152347601252,2024-07-01,985,YES,2,5700,2019-07-01,2019,No
1194,667,Visa,Debit,4793849043206027,2019-11-01,994,YES,1,26024,2009-02-01,2013,No
5063,667,Visa,Debit,4671059630101376,2024-03-01,853,YES,2,4599,2006-10-01,2013,No
5408,667,Mastercard,Debit,5308236765304856,2020-04-01,123,YES,2,8522,2004-11-01,2015,No
4563,667,Visa,Debit,4223920442824595,2023-08-01,77,YES,2,45854,2004-09-01,2013,No
5891,667,Mastercard,Debit,5734290503257917,2024-04-01,170,YES,1,38194,2007-12-01,2012,No
2929,480,Mastercard,Debit,5620895880327854,2022-09-01,944,YES,1,51051,2007-05-01,2012,No
5409,480,Mastercard,Credit,5663590882219205,2020-01-01,673,NO,1,30800,2004-11-01,2007,No
4872,480,Mastercard,Credit,5820692615463304,2023-08-01,905,YES,2,23400,2014-09-01,2014,No
3388,480,Mastercard,Credit,5732115154614439,2022-01-01,821,YES,2,24800,2008-06-01,2013,No
5607,480,Mastercard,Debit (Prepaid),5990674029501133,2023-03-01,331,YES,1,48,2010-11-01,2012,No
4670,480,Mastercard,Credit,5178103003337414,2024-07-01,944,YES,2,8700,2008-09-01,2011,No
2764,569,Visa,Credit,4345309820081331,2022-08-01,761,YES,2,5900,2016-04-01,2016,No
5608,1600,Mastercard,Debit,5986596679422097,2021-03-01,556,YES,2,5059,2010-11-01,2010,No
5050,1600,Mastercard,Debit,5580555303942267,2021-05-01,975,YES,2,22446,2006-10-01,2012,No
4251,1600,Mastercard,Debit,5981687076393979,2023-08-01,248,YES,1,48754,2008-08-01,2013,No
3498,1063,Visa,Credit,4724626131573867,2023-06-01,408,YES,1,9300,2010-06-01,2010,No
2015,1063,Visa,Debit,4272145779221857,2022-12-01,960,YES,2,15265,2000-03-01,2009,No
400,1063,Amex,Credit,321238694524282,2022-11-01,959,YES,2,12500,2020-01-01,2020,No
5683,1063,Mastercard,Debit,5487742107326265,2015-07-01,71,YES,1,28805,2013-11-01,2013,No
1009,1063,Amex,Credit,366720676943558,2003-11-01,14,YES,1,9800,2003-02-01,2013,No
3850,32,Mastercard,Credit,5874079264605271,2012-05-01,569,YES,1,11600,2008-07-01,2012,No
5382,32,Mastercard,Debit,5800646935618683,2023-12-01,606,YES,2,26501,2002-11-01,2019,No
3475,32,Mastercard,Debit,5694871166428059,2020-12-01,965,NO,2,11121,2010-06-01,2013,No
1087,32,Mastercard,Debit,5666612651246367,2021-04-01,633,YES,2,2352,2006-02-01,2012,No
576,1040,Mastercard,Debit,5888304398785419,2020-02-01,957,YES,1,62317,2020-01-01,2020,No
401,1040,Amex,Credit,373001607540829,2020-07-01,141,YES,2,16400,2020-01-01,2020,No
4798,396,Visa,Debit (Prepaid),4449334595737957,2023-02-01,963,NO,2,65,2010-09-01,2011,No
2785,396,Visa,Debit (Prepaid),4976990803040923,2020-02-01,280,YES,1,63,2018-04-01,2018,No
4911,396,Mastercard,Debit (Prepaid),5855912828685060,2020-10-01,998,NO,1,69,2017-09-01,2017,No
5395,396,Visa,Credit,4481459177871867,2003-11-01,407,YES,2,36900,2003-11-01,2014,No
4300,396,Visa,Debit,4534286446272162,2024-10-01,909,YES,2,10875,2009-08-01,2020,No
999,1498,Mastercard,Debit (Prepaid),5909422442877722,2024-12-01,904,YES,2,65,2002-02-01,2008,No
3735,1498,Mastercard,Debit (Prepaid),5031500070846562,2023-04-01,242,YES,2,76,2005-07-01,2010,No
577,1498,Mastercard,Debit,5467709707043932,2024-03-01,414,YES,2,15781,2020-01-01,2020,No
2232,1498,Visa,Debit,4138930585575377,2019-06-01,145,YES,1,22227,2009-03-01,2010,No
1613,104,Mastercard,Debit,5142639208685540,2020-02-01,219,YES,2,4924,2020-02-01,2020,No
3161,104,Discover,Credit,6464999389821775,2020-09-01,611,YES,1,6300,2015-05-01,2015,No
4205,104,Mastercard,Credit,5510383883718886,2024-05-01,39,NO,1,8000,2007-08-01,2020,No
835,1062,Visa,Debit,4704183403153635,2020-02-01,877,NO,1,18432,2020-01-01,2020,No
1390,1062,Mastercard,Debit (Prepaid),5959889429403771,2020-02-01,978,YES,2,86,2019-02-01,2019,No
4363,1062,Mastercard,Debit,5880409088686139,2020-09-01,549,YES,2,11666,2011-08-01,2011,No
1409,1845,Amex,Credit,327497948507859,2020-02-01,829,YES,1,22900,2020-02-01,2020,No
5892,1657,Mastercard,Credit,5806776060660016,2021-06-01,573,YES,1,7800,2007-12-01,2007,No
2183,1106,Mastercard,Debit,5807306830246695,2023-08-01,218,YES,1,10462,2008-03-01,2015,No
3964,1106,Amex,Credit,355949624026502,2012-12-01,895,YES,2,11000,2011-07-01,2011,No
2335,1106,Visa,Debit,4093331419395756,2023-12-01,813,YES,1,16927,2014-03-01,2014,No
2550,1867,Visa,Debit (Prepaid),4562657491942638,2015-04-01,23,YES,2,96,2007-04-01,2015,No
5238,1045,Mastercard,Debit (Prepaid),5957384655695394,2021-07-01,529,YES,1,95,2011-10-01,2011,No
5462,1786,Mastercard,Credit,5280439372458362,2023-03-01,656,YES,2,2400,2006-11-01,2010,No
2250,1786,Mastercard,Debit,5212105993740368,2023-09-01,749,YES,1,12127,2010-03-01,2010,No
5463,1786,Mastercard,Credit,5639561447744152,2020-11-01,247,YES,1,18400,2006-11-01,2014,No
1000,1786,Mastercard,Debit,5532586114473893,2024-09-01,288,YES,1,8273,2002-02-01,2009,No
3789,1786,Visa,Debit,4664101203758468,2022-01-01,79,YES,2,16641,2006-07-01,2014,No
2392,1569,Visa,Credit,4294423018570255,2022-03-01,724,YES,1,10300,1993-04-01,2013,No
4109,1569,Mastercard,Debit,5176230872859772,2020-05-01,560,NO,2,13841,2002-08-01,2010,No
2458,1569,Mastercard,Debit,5837677839033846,2024-07-01,153,YES,2,2054,2004-04-01,2015,No
5098,1569,Visa,Credit,4642362910157968,2022-09-01,415,YES,2,5100,2007-10-01,2011,No
3519,899,Mastercard,Debit,5972582186298210,2016-02-01,369,NO,1,22172,2011-06-01,2016,No
2429,1595,Mastercard,Debit,5755792909736498,2023-08-01,338,YES,1,17749,2002-04-01,2011,No
2472,1595,Visa,Credit,4800542079346441,2021-09-01,673,YES,1,12700,2004-04-01,2011,No
1447,446,Discover,Credit,6154268030880322,2020-02-01,171,YES,2,11100,2020-02-01,2020,No
3581,53,Mastercard,Debit,5671275511039267,2024-07-01,152,NO,2,16923,2014-06-01,2014,No
3267,53,Amex,Credit,311447548311580,2020-04-01,560,YES,1,14800,2004-06-01,2010,No
4620,53,Visa,Debit (Prepaid),4555062684626836,2009-09-01,63,YES,1,49,2006-09-01,2011,No
1410,1136,Amex,Credit,349691331721092,2020-07-01,122,YES,1,19000,2020-02-01,2020,No
1614,1136,Mastercard,Debit,5672629395790529,2022-04-01,509,YES,2,22067,2020-02-01,2020,No
1885,1136,Visa,Credit,4499074473589645,2023-01-01,333,YES,2,11500,2020-02-01,2020,No
1159,551,Visa,Debit,4527984307819255,2012-03-01,502,YES,2,19017,2008-02-01,2012,No
4637,551,Mastercard,Debit,5830088551579353,2023-08-01,234,YES,2,13863,2007-09-01,2014,No
3341,551,Discover,Credit,6207684045556324,2008-06-01,297,YES,2,400,2007-06-01,2010,No
2795,1491,Visa,Credit,4478225264154010,2006-03-01,285,YES,2,5100,1997-05-01,2010,No
5410,1491,Mastercard,Debit,5791246266185470,2024-02-01,833,YES,1,17620,2004-11-01,2011,No
5732,1491,Mastercard,Debit,5388327407245086,2018-12-01,809,YES,2,23572,2017-11-01,2017,No
3019,1491,Visa,Debit,4844854154690497,2023-05-01,285,YES,2,20773,2009-05-01,2011,No
1249,330,Visa,Debit,4013218758934399,2012-10-01,551,YES,2,25124,2010-02-01,2010,No
2402,392,Mastercard,Debit,5397399966487868,2023-08-01,71,YES,1,19465,1998-04-01,2012,No
4380,392,Visa,Credit,4634733858816477,2021-12-01,388,YES,1,14100,2011-08-01,2013,No
3307,392,Visa,Debit (Prepaid),4935298479806419,2022-08-01,570,YES,2,32,2005-06-01,2012,No
5153,1144,Mastercard,Debit,5270047889650775,2024-09-01,586,YES,2,16109,2009-10-01,2009,No
4172,1144,Discover,Credit,6163698170878871,2010-01-01,324,YES,1,8100,2006-08-01,2008,No
4141,1144,Visa,Debit,4133372133177612,2024-04-01,36,YES,2,16454,2004-08-01,2010,No
2223,1144,Mastercard,Credit,5519338595052196,2024-04-01,968,YES,2,7300,2009-03-01,2010,No
2459,1163,Mastercard,Debit (Prepaid),5611180263447982,2020-04-01,946,NO,2,46,2004-04-01,2010,No
2275,1163,Mastercard,Credit,5056525550531002,2022-07-01,251,YES,2,22200,2011-03-01,2011,No
4236,1163,Amex,Credit,337414078660495,2024-06-01,833,YES,1,26900,2008-08-01,2009,No
5227,230,Amex,Credit,327212376390677,2023-08-01,611,YES,2,8700,2011-10-01,2013,No
5788,230,Amex,Credit,389676870614061,2022-10-01,391,YES,2,4000,2003-12-01,2006,No
5893,230,Mastercard,Credit,5761118180884911,2020-02-01,236,YES,1,7200,2007-12-01,2012,No
5033,230,Visa,Debit,4440890128195970,2022-09-01,434,NO,2,14362,2005-10-01,2006,No
1301,1066,Mastercard,Debit,5803246848212927,2023-08-01,269,YES,2,20060,2012-02-01,2012,No
1126,1066,Visa,Debit,4623474503708079,2022-11-01,960,YES,2,17309,2007-02-01,2010,No
2460,460,Mastercard,Debit,5024786214713145,2022-09-01,877,YES,1,38354,2004-04-01,2010,No
3805,460,Mastercard,Debit,5504734087292061,2023-09-01,435,YES,2,49107,2007-07-01,2011,No
5470,460,Visa,Debit,4858755901764608,2020-10-01,766,YES,1,8468,2006-11-01,2010,No
4534,460,Mastercard,Debit,5577008661015609,2024-02-01,114,YES,1,28877,2003-09-01,2017,No
5252,1661,Visa,Debit,4835541986783117,2020-02-01,417,YES,1,33713,2011-10-01,2011,No
5983,1661,Visa,Credit,4294634745639513,2020-09-01,644,YES,1,25600,2009-12-01,2009,No
5993,1926,Discover,Credit,6892639215588426,2020-07-01,873,YES,1,9100,2010-12-01,2013,No
1160,1926,Visa,Debit,4833362009066626,2023-09-01,611,NO,2,793,2008-02-01,2008,No
5439,1926,Visa,Credit,4661245088949274,2022-02-01,138,YES,2,4200,2005-11-01,2011,No
2417,27,Mastercard,Credit,5054102481336555,2023-06-01,835,YES,2,9900,2001-04-01,2007,No
5383,27,Visa,Debit,4102856768520788,2022-05-01,534,YES,1,15082,2002-11-01,2006,No
2631,27,Discover,Credit,6392121692006580,2023-11-01,277,YES,1,13100,2010-04-01,2013,No
5025,27,Mastercard,Debit,5844706815586007,2022-02-01,961,YES,2,1385,2005-10-01,2012,No
1051,27,Mastercard,Debit,5596899870960481,2022-06-01,269,YES,2,26506,2005-02-01,2008,No
3055,27,Mastercard,Debit,5876088623884858,2014-12-01,299,NO,1,10488,2010-05-01,2010,No
578,27,Mastercard,Credit,5098820482811220,2022-03-01,546,YES,2,7000,2020-01-01,2020,No
4035,27,Mastercard,Debit (Prepaid),5670263614078854,2024-07-01,491,YES,1,61,2015-07-01,2015,No
4131,365,Mastercard,Debit,5858026767803910,2021-05-01,936,YES,2,8923,2004-08-01,2014,No
3191,50,Mastercard,Debit,5332822054530194,2020-07-01,842,YES,2,29474,2017-05-01,2017,No
5194,50,Mastercard,Debit,5735247274529263,2017-02-01,131,YES,2,25612,2010-10-01,2010,No
247,50,Visa,Credit,4319140159818945,2023-06-01,418,YES,2,12700,2010-01-01,2010,No
5471,50,Visa,Debit,4816947607499082,2021-02-01,329,NO,2,9781,2006-11-01,2014,No
1886,653,Visa,Credit,4219659798225505,2021-06-01,560,YES,2,12900,2020-02-01,2020,No
836,743,Visa,Debit,4492886045960839,2022-10-01,219,YES,1,20582,2020-01-01,2020,No
1026,743,Visa,Debit,4251505296439839,2023-11-01,630,YES,1,9998,2003-02-01,2010,No
1270,743,Mastercard,Debit,5434039936536227,2022-01-01,58,YES,1,11664,2011-02-01,2011,No
837,999,Visa,Debit,4176536655394795,2024-12-01,735,YES,2,27813,2020-01-01,2020,No
579,999,Mastercard,Credit,5084890972780156,2020-02-01,704,YES,2,11700,2020-01-01,2020,No
580,999,Mastercard,Debit,5776578098565133,2020-01-01,428,YES,1,19286,2020-01-01,2020,No
581,999,Mastercard,Debit,5938238674613511,2023-12-01,970,YES,1,22868,2020-01-01,2020,No
5396,940,Visa,Credit,4865215431636927,2018-04-01,389,YES,1,15400,2003-11-01,2009,No
273,940,Mastercard,Debit,5543612189896625,2024-09-01,0,YES,2,26534,2011-01-01,2011,No
3726,940,Amex,Credit,341920835415537,2011-02-01,577,YES,2,11100,2005-07-01,2012,No
5117,940,Mastercard,Debit,5790687100361013,2020-04-01,543,YES,3,7446,2008-10-01,2015,No
2047,940,Mastercard,Debit,5065594473717174,2020-01-01,573,NO,2,12607,2003-03-01,2015,No
2224,940,Mastercard,Debit,5712388411358845,2024-03-01,375,YES,2,1053,2009-03-01,2011,No
3986,534,Visa,Debit,4434834942514583,2021-04-01,392,YES,1,24424,2011-07-01,2011,No
3645,534,Visa,Debit,4620908286307575,2022-08-01,924,YES,2,22330,2019-06-01,2019,No
336,534,Visa,Debit,4357162101921894,2024-04-01,602,YES,2,32659,2014-01-01,2014,No
1615,1460,Mastercard,Debit,5404676809155780,2021-01-01,360,YES,1,8822,2020-02-01,2020,No
1887,1460,Visa,Debit,4536446657466641,2020-03-01,729,YES,1,3549,2020-02-01,2020,No
4068,59,Mastercard,Debit,5139260275619902,2018-12-01,356,YES,1,14939,2018-07-01,2018,No
1391,59,Mastercard,Debit (Prepaid),5366605660821200,2021-07-01,820,YES,2,56,2019-02-01,2019,No
1001,59,Mastercard,Credit,5722261582120036,2021-06-01,765,YES,2,8800,2002-02-01,2013,No
3658,59,Visa,Credit,4920403884145613,2020-08-01,862,YES,1,9300,2000-07-01,2008,No
5195,59,Mastercard,Credit,5287886813527779,2021-09-01,710,YES,1,6800,2010-10-01,2010,No
2087,59,Mastercard,Debit,5273002914346439,2020-03-01,208,YES,2,12210,2005-03-01,2009,No
1145,59,Mastercard,Debit,5731961436914517,2020-08-01,348,YES,2,6397,2008-02-01,2015,No
5084,1908,Mastercard,Debit (Prepaid),5729782750338524,2024-03-01,682,YES,1,92,2007-10-01,2007,No
2737,1908,Visa,Debit,4667494597335921,2016-04-01,716,YES,1,23053,2014-04-01,2014,No
5945,1908,Visa,Credit,4321453382786729,2024-11-01,699,YES,1,14900,2008-12-01,2011,No
2461,1908,Mastercard,Debit,5586848851452358,2021-12-01,999,YES,2,27046,2004-04-01,2015,No
4032,1908,Amex,Credit,375809277251923,2024-02-01,763,NO,1,2900,2015-07-01,2015,No
582,1436,Mastercard,Debit,5305112976234173,2022-12-01,182,YES,1,10427,2020-01-01,2020,No
1616,1436,Mastercard,Debit,5936573293417599,2020-02-01,173,YES,1,8163,2020-02-01,2020,No
1888,1436,Visa,Debit,4551396345815636,2021-10-01,834,YES,2,26599,2020-02-01,2020,No
1617,1436,Mastercard,Credit,5754933315571734,2024-08-01,524,YES,2,3600,2020-02-01,2020,No
583,1230,Mastercard,Debit (Prepaid),5644009999089881,2021-07-01,745,YES,2,68,2020-01-01,2020,No
1618,324,Mastercard,Debit,5946098082933887,2020-02-01,492,YES,1,37661,2020-02-01,2020,No
1889,324,Visa,Credit,4177846249033058,2024-08-01,974,YES,1,21400,2020-02-01,2020,No
1619,324,Mastercard,Debit,5014002698424637,2022-01-01,789,YES,2,31271,2020-02-01,2020,No
5007,992,Mastercard,Credit,5113385398145640,2011-03-01,64,YES,1,20800,2004-10-01,2007,No
4511,992,Mastercard,Credit,5848472394865253,2020-10-01,65,YES,2,9000,2001-09-01,2010,No
4928,992,Mastercard,Credit,5691724269449732,2024-03-01,70,NO,1,13100,1996-10-01,2012,No
3108,992,Visa,Debit,4374177951721878,2023-12-01,692,NO,2,23636,2011-05-01,2013,No
3647,198,Amex,Credit,308172687372686,2022-08-01,784,YES,1,8200,1998-07-01,2013,No
305,198,Visa,Credit,4539993816741443,2023-03-01,11,YES,1,6900,2012-01-01,2012,No
3177,198,Mastercard,Debit,5101124751213938,2022-11-01,652,YES,2,13689,2016-05-01,2016,No
584,1017,Mastercard,Debit,5826135241607424,2020-02-01,122,YES,2,5836,2020-01-01,2020,No
4638,1813,Mastercard,Credit,5920524223877097,2024-11-01,661,NO,1,12300,2007-09-01,2008,No
5196,1813,Mastercard,Credit,5098671138116677,2011-12-01,455,YES,1,7900,2010-10-01,2010,No
4591,1813,Visa,Credit,4281927270188113,2021-03-01,372,YES,1,13500,2005-09-01,2013,No
101,1813,Mastercard,Debit (Prepaid),5548793272738670,2024-04-01,233,YES,1,41,2006-01-01,2010,No
838,1989,Visa,Credit,4133581250475930,2022-10-01,896,YES,1,16400,2020-01-01,2020,No
2984,1989,Visa,Debit,4556637634817262,2023-03-01,126,YES,2,16293,2008-05-01,2009,No
4036,1989,Mastercard,Credit,5131036676128155,2024-08-01,342,YES,2,14300,2015-07-01,2015,No
3800,1989,Amex,Credit,387783458708691,2024-03-01,124,YES,1,21200,2007-07-01,2011,No
3128,1148,Visa,Debit,4536763812166738,2021-01-01,475,YES,1,11068,2012-05-01,2012,No
585,1148,Mastercard,Debit,5796942838820076,2021-10-01,291,NO,1,14835,2020-01-01,2020,No
5804,1148,Amex,Credit,310838708616037,2022-03-01,96,NO,2,9300,2004-12-01,2014,No
1286,1148,Visa,Credit,4074614873243599,2020-12-01,16,YES,1,9400,2011-02-01,2011,No
4132,872,Mastercard,Debit,5495672050218584,2022-02-01,792,YES,1,12566,2004-08-01,2015,No
3131,872,Discover,Credit,6591224063219779,2020-10-01,174,YES,2,4100,2013-05-01,2013,No
5609,872,Mastercard,Credit,5418010568255294,2018-06-01,205,YES,2,7400,2010-11-01,2012,No
5064,872,Visa,Credit,4361264242552157,2021-12-01,440,YES,2,4200,2006-10-01,2011,No
5933,458,Mastercard,Debit,5915885449164037,2022-10-01,744,YES,1,14388,2008-12-01,2015,No
4177,458,Mastercard,Debit (Prepaid),5855592283767121,2020-12-01,132,YES,1,63,2006-08-01,2014,No
2484,920,Mastercard,Credit,5388350141546014,2020-01-01,278,YES,2,8100,2005-04-01,2008,No
3113,920,Amex,Credit,341587958222262,2024-06-01,281,YES,2,10000,2012-05-01,2012,No
2758,1598,Discover,Credit,6844863173851964,2024-11-01,435,YES,2,8700,2016-04-01,2016,No
3889,1598,Mastercard,Debit,5517394959961406,2023-10-01,758,NO,2,11900,2009-07-01,2010,No
4776,1598,Mastercard,Credit,5631203582527418,2023-10-01,995,YES,1,5700,2010-09-01,2015,No
1348,1598,Visa,Credit,4530836617790002,2022-06-01,596,YES,2,3400,2014-02-01,2014,No
4657,1598,Discover,Credit,6755650709292906,2023-05-01,220,YES,2,5300,2008-09-01,2011,No
4933,1876,Mastercard,Debit,5098350921641458,2023-04-01,974,YES,1,16082,1998-10-01,2010,No
3315,1876,Mastercard,Debit,5986700523468552,2020-12-01,317,YES,1,21552,2006-06-01,2006,No
5708,1876,Mastercard,Debit,5705118094307247,2022-08-01,295,YES,1,29037,2015-11-01,2015,No
2881,1876,Mastercard,Debit,5865202589439156,2006-12-01,927,YES,2,19107,2005-05-01,2005,No
5051,1876,Mastercard,Debit,5920582128586067,2012-03-01,387,YES,2,26562,2006-10-01,2008,No
4503,1876,Discover,Credit,6208549056774201,2020-06-01,325,YES,1,9800,2000-09-01,2011,No
839,412,Visa,Credit,4867749358306187,2023-05-01,503,YES,2,13000,2020-01-01,2020,No
586,412,Mastercard,Debit,5356595125371375,2020-02-01,118,YES,2,14733,2020-01-01,2020,No
1620,412,Mastercard,Debit,5652463737028904,2020-02-01,322,YES,2,7476,2020-02-01,2020,No
587,412,Mastercard,Debit (Prepaid),5620630869634949,2024-02-01,155,YES,2,60,2020-01-01,2020,No
2088,190,Mastercard,Debit,5442893744984249,2019-06-01,926,YES,2,29471,2005-03-01,2011,No
2496,190,Visa,Credit,4273233611719444,2014-10-01,602,YES,1,17700,2005-04-01,2010,No
3851,190,Mastercard,Debit,5036287741782216,2023-04-01,791,YES,2,11969,2008-07-01,2008,No
3363,190,Visa,Debit,4685370244169283,2022-04-01,311,YES,2,7946,2007-06-01,2014,No
4621,190,Visa,Debit (Prepaid),4616391251053035,2011-06-01,600,YES,1,41,2006-09-01,2017,No
4989,163,Mastercard,Debit,5017276941811863,2023-09-01,728,YES,1,12873,2003-10-01,2008,No
2462,163,Mastercard,Debit,5113638843250393,2023-09-01,734,YES,1,17629,2004-04-01,2012,No
588,567,Mastercard,Debit,5819953308753509,2024-12-01,978,YES,1,6497,2020-01-01,2020,No
589,567,Mastercard,Debit (Prepaid),5461501204746611,2021-07-01,921,YES,1,67,2020-01-01,2020,No
5309,567,Visa,Credit,4172901867929023,2021-06-01,815,YES,1,3300,2015-10-01,2015,No
2513,503,Visa,Debit (Prepaid),4338179283608637,2022-01-01,479,YES,2,85,2006-04-01,2010,No
1088,503,Mastercard,Debit (Prepaid),5499438981291346,2020-06-01,547,NO,1,39,2006-02-01,2006,No
5290,469,Mastercard,Debit,5317963113167475,2023-08-01,60,YES,1,26162,2014-10-01,2014,No
2686,469,Visa,Credit,4499974645760874,2024-12-01,556,YES,1,13700,2011-04-01,2014,No
2619,469,Visa,Debit,4855184148394849,2022-01-01,646,YES,2,31504,2009-04-01,2014,No
4178,469,Mastercard,Debit,5095105587832290,2009-04-01,488,YES,2,9010,2006-08-01,2007,No
3164,1851,Mastercard,Debit,5716512774333391,2024-07-01,690,YES,1,64059,2015-05-01,2015,No
5026,1851,Mastercard,Debit (Prepaid),5128224925042600,2021-03-01,416,YES,2,62,2005-10-01,2008,No
5528,1851,Mastercard,Debit,5841318855882805,2018-09-01,598,NO,2,29601,2008-11-01,2011,No
3890,1851,Mastercard,Credit,5806437154431806,2012-11-01,9,YES,1,21800,2009-07-01,2014,No
6003,1851,Mastercard,Debit,5094889405071154,2022-05-01,229,YES,2,49790,2010-12-01,2010,No
4061,1523,Visa,Debit,4219882258727403,2020-01-01,656,YES,1,13438,2017-07-01,2017,No
2262,1523,Visa,Credit,4821384154009946,2024-09-01,7,YES,1,9600,2010-03-01,2011,No
5509,1523,Visa,Credit,4104821247175147,2021-07-01,10,YES,1,6300,2007-11-01,2007,No
4521,1523,Mastercard,Debit,5315137645798994,2023-04-01,777,YES,1,12348,2002-09-01,2008,No
590,35,Mastercard,Debit,5521656165067355,2020-07-01,771,YES,1,9632,2020-01-01,2020,No
1621,35,Mastercard,Debit,5614214525430856,2024-08-01,54,YES,2,9490,2020-02-01,2020,No
591,35,Mastercard,Debit,5745960951909793,2024-01-01,921,NO,2,32399,2020-01-01,2020,No
2590,317,Visa,Debit,4367233384706347,2015-11-01,188,NO,2,12810,2008-04-01,2008,No
4578,317,Mastercard,Credit,5843002193982556,2012-09-01,247,YES,2,9300,2005-09-01,2014,No
5411,317,Mastercard,Debit,5285092902484419,2017-10-01,930,YES,2,7564,2004-11-01,2016,No
4459,1195,Visa,Debit,4044587617721396,2021-11-01,838,YES,1,22765,2016-08-01,2016,No
3309,1195,Discover,Credit,6308747644809116,2021-10-01,62,YES,1,11300,2006-06-01,2012,No
131,1195,Mastercard,Debit,5516369728570927,2022-10-01,822,YES,1,10369,2007-01-01,2011,No
26,1195,Mastercard,Credit,5899977049289049,2020-10-01,747,YES,2,10200,2002-01-01,2011,No
3020,1195,Visa,Credit,4213819030854815,2024-06-01,692,YES,2,12100,2009-05-01,2019,No
3219,1195,Visa,Debit,4896500420485745,2020-03-01,197,YES,2,15409,2000-06-01,2017,No
1195,1238,Visa,Credit,4892840339331137,2024-07-01,127,YES,2,22500,2009-02-01,2012,No
592,1238,Mastercard,Credit,5671490114250433,2020-01-01,534,NO,3,6700,2020-01-01,2020,No
4301,432,Visa,Debit,4621289769533601,2022-03-01,629,YES,2,842,2009-08-01,2009,No
3005,432,Mastercard,Debit,5087574290944963,2009-08-01,540,YES,2,10049,2009-05-01,2009,No
2645,432,Mastercard,Debit,5469440611983411,2018-06-01,723,YES,2,11625,2010-04-01,2012,No
2646,432,Mastercard,Credit,5944277345824239,2021-11-01,689,YES,2,5800,2010-04-01,2011,No
1146,432,Mastercard,Debit,5515952308018882,2020-02-01,490,NO,3,17515,2008-02-01,2010,No
1890,1082,Visa,Debit,4556029140337815,2024-07-01,537,YES,2,1696,2020-02-01,2020,No
5187,1082,Discover,Credit,6713198244025271,2010-10-01,952,YES,2,11400,2010-10-01,2011,No
3308,1082,Visa,Credit,4609569293297684,2020-07-01,165,YES,2,10600,2005-06-01,2017,No
3925,120,Discover,Credit,6960133989364222,2010-12-01,808,NO,1,21500,2010-07-01,2010,No
5813,120,Mastercard,Debit,5988465973991532,2021-10-01,869,YES,2,32784,2004-12-01,2008,No
3806,120,Mastercard,Debit,5477771408952435,2022-04-01,980,YES,2,13510,2007-07-01,2016,No
3558,120,Visa,Credit,4275721419388991,2012-08-01,125,YES,1,14000,2012-06-01,2012,No
5610,1289,Mastercard,Debit (Prepaid),5477226022582793,2018-04-01,961,NO,3,38,2010-11-01,2013,No
1891,1502,Visa,Debit,4361413457601347,2020-09-01,932,NO,1,28471,2020-02-01,2020,No
593,1502,Mastercard,Debit,5102512406568371,2023-12-01,196,YES,2,33833,2020-01-01,2020,No
3655,1497,Visa,Debit,4255117392431602,2020-04-01,582,NO,2,14751,1999-07-01,2012,No
3999,1047,Mastercard,Debit,5909062238371484,2024-04-01,211,YES,1,27268,2012-07-01,2012,No
1411,1047,Amex,Credit,346964605654298,2020-02-01,530,YES,1,16400,2020-02-01,2020,No
4639,0,Mastercard,Credit,5802759460691737,2019-12-01,312,YES,1,17600,2007-09-01,2014,No
1271,0,Mastercard,Debit,5050211780967429,2021-04-01,316,YES,2,31490,2011-02-01,2011,No
1622,0,Mastercard,Debit,5691786126216800,2021-06-01,451,YES,2,31008,2020-02-01,2020,No
1623,0,Mastercard,Debit,5472791324252431,2020-04-01,138,YES,2,25558,2020-02-01,2020,No
1112,351,Mastercard,Debit (Prepaid),5348108239138924,2023-11-01,893,YES,2,54,2007-02-01,2010,No
1043,351,Visa,Credit,4839347876295447,2024-03-01,844,YES,1,7200,2004-02-01,2015,No
2664,351,Visa,Debit,4760435386907937,2022-01-01,2,YES,2,5080,2010-04-01,2010,No
431,351,Discover,Credit,6553992478482052,2020-01-01,897,YES,1,2700,2020-01-01,2020,No
4512,351,Mastercard,Debit,5025292542824623,2021-04-01,264,YES,2,9278,2001-09-01,2011,No
2244,351,Discover,Credit,6898335342234639,2022-03-01,107,YES,1,6000,2010-03-01,2016,No
299,1797,Mastercard,Debit,5586398791957987,2022-03-01,828,YES,1,27243,2012-01-01,2012,No
1127,1797,Visa,Debit,4777281869545650,2017-02-01,256,YES,2,23237,2007-02-01,2009,No
5660,1797,Visa,Debit,4144623277980192,2022-10-01,645,YES,2,16008,2011-11-01,2011,No
300,1797,Mastercard,Debit,5535701151074664,2022-02-01,987,YES,1,16279,2012-01-01,2012,No
4853,1797,Mastercard,Debit,5669514318855142,2014-11-01,958,NO,1,16003,2013-09-01,2013,No
4206,1386,Mastercard,Debit,5695114787068183,2021-02-01,881,YES,2,5488,2007-08-01,2014,No
1892,1122,Visa,Debit,4998267438899183,2020-02-01,675,YES,1,45222,2020-02-01,2020,No
321,1122,Visa,Debit,4001532089642118,2021-01-01,681,YES,1,32071,2013-01-01,2013,No
1893,255,Visa,Debit,4795449431320485,2020-08-01,55,YES,2,16783,2020-02-01,2020,No
1894,765,Visa,Debit,4401985504522492,2023-10-01,745,YES,2,13524,2020-02-01,2020,No
1895,765,Visa,Credit,4070730691570556,2021-04-01,834,YES,2,15000,2020-02-01,2020,No
5008,703,Mastercard,Debit,5872231427146852,2005-06-01,616,YES,1,20062,2004-10-01,2010,No
161,703,Mastercard,Credit,5388336417003781,2021-02-01,355,YES,2,8100,2008-01-01,2009,No
4640,703,Mastercard,Debit,5563354301495546,2021-09-01,337,NO,2,4335,2007-09-01,2007,No
4777,703,Mastercard,Credit,5756823922746957,2024-04-01,644,YES,2,2000,2010-09-01,2010,No
4302,1919,Visa,Debit,4512873665454661,2022-03-01,854,YES,1,25445,2009-08-01,2009,No
1215,1919,Mastercard,Credit,5361975786587169,2024-07-01,39,YES,1,17400,2010-02-01,2010,No
5430,1919,Mastercard,Debit,5251416101381622,2019-11-01,577,YES,2,34684,2005-11-01,2008,No
5709,1919,Mastercard,Debit,5623100773698393,2022-03-01,956,YES,2,28125,2015-11-01,2015,No
1624,1919,Mastercard,Debit,5266317582741981,2020-08-01,276,YES,2,49705,2020-02-01,2020,No
3908,791,Visa,Debit,4590278168014299,2014-09-01,921,NO,2,31424,2009-07-01,2010,No
2295,791,Amex,Credit,398644935987910,2023-03-01,22,YES,2,7900,2012-03-01,2012,No
1089,791,Mastercard,Debit,5259379174477000,2006-06-01,913,YES,1,19097,2006-02-01,2011,No
5228,791,Amex,Credit,384866850602533,2021-09-01,24,YES,1,10100,2011-10-01,2015,No
2306,199,Visa,Debit,4879393662835541,2023-12-01,176,YES,1,32423,2012-03-01,2012,No
5661,199,Visa,Credit,4220895295503221,2015-07-01,14,YES,1,16900,2011-11-01,2011,No
1031,199,Mastercard,Debit,5930100401040067,2021-06-01,908,YES,1,17686,2004-02-01,2007,No
4229,282,Visa,Credit,4095931916462697,2020-01-01,979,NO,1,8100,2007-08-01,2009,No
3290,282,Mastercard,Debit,5420156044028724,2020-03-01,391,NO,1,10059,2005-06-01,2014,No
4822,282,Visa,Debit,4179763879293617,2022-02-01,245,NO,1,4302,2011-09-01,2015,No
1287,282,Visa,Credit,4614912096462106,2020-11-01,84,YES,1,7300,2011-02-01,2011,No
5154,908,Mastercard,Debit,5566661174535407,2024-01-01,748,YES,1,13123,2009-10-01,2014,No
3252,908,Mastercard,Debit,5076319230738343,2023-01-01,951,YES,1,3630,2003-06-01,2009,No
4230,908,Visa,Debit,4172998979903061,2022-09-01,521,YES,1,20173,2007-08-01,2012,No
3462,880,Amex,Credit,338000149804579,2013-09-01,657,YES,1,9500,2010-06-01,2014,No
1625,880,Mastercard,Debit,5752353826326176,2021-05-01,929,YES,2,10141,2020-02-01,2020,No
3533,770,Visa,Credit,4380773389755661,2013-04-01,71,YES,1,16800,2011-06-01,2011,No
5745,770,Visa,Credit,4344621368223240,2020-11-01,198,NO,1,15900,2019-11-01,2019,No
5725,770,Mastercard,Debit,5476991702043637,2018-11-01,146,YES,1,24080,2016-11-01,2016,No
5510,770,Visa,Credit,4049783428118055,2023-12-01,163,YES,1,20400,2007-11-01,2007,No
2534,1169,Mastercard,Credit,5502650201752905,2009-04-01,519,YES,1,22000,2007-04-01,2013,No
5763,1169,Visa,Credit,4659722496191511,2020-09-01,241,YES,2,28300,1999-12-01,2008,No
4778,1169,Mastercard,Debit,5022040734416407,2021-01-01,283,YES,1,27761,2010-09-01,2010,No
2485,1169,Mastercard,Credit,5413583936219095,2023-03-01,131,YES,1,21200,2005-04-01,2012,No
5174,1169,Visa,Debit,4696902139977410,2024-03-01,152,YES,1,20560,2009-10-01,2009,No
3389,1169,Mastercard,Debit,5148179955768342,2013-01-01,502,YES,2,3095,2008-06-01,2012,No
4179,1169,Mastercard,Debit,5732012596449271,2021-06-01,883,YES,2,43879,2006-08-01,2015,No
594,522,Mastercard,Debit,5477468554443618,2022-09-01,446,YES,2,21359,2020-01-01,2020,No
1626,522,Mastercard,Credit,5467734960108980,2024-10-01,991,YES,1,10200,2020-02-01,2020,No
4399,1736,Visa,Debit,4212075848270095,2022-08-01,173,YES,2,16332,2012-08-01,2012,No
2647,1736,Mastercard,Credit,5389414515165982,2022-12-01,32,YES,1,9100,2010-04-01,2019,No
2687,1736,Visa,Debit,4211715476152920,2024-03-01,345,YES,1,2289,2011-04-01,2011,No
113,1736,Visa,Debit,4870854561726482,2021-06-01,880,YES,1,23631,2006-01-01,2014,No
3133,506,Mastercard,Debit,5155395661236319,2024-06-01,314,YES,1,17995,2013-05-01,2013,No
4513,506,Mastercard,Credit,5945533510367596,2024-01-01,959,YES,1,14900,2001-09-01,2008,No
1032,506,Mastercard,Debit,5319476333734439,2023-02-01,19,YES,2,26830,2004-02-01,2004,No
2060,506,Mastercard,Debit,5123064836240629,2023-03-01,51,YES,1,202,2004-03-01,2013,No
2486,506,Mastercard,Debit,5063433108745789,2023-04-01,5,NO,2,11460,2005-04-01,2012,No
1627,131,Mastercard,Debit,5613513569349333,2020-02-01,114,YES,1,11934,2020-02-01,2020,No
595,131,Mastercard,Debit,5658431484394884,2020-01-01,315,YES,1,12427,2020-01-01,2020,No
596,131,Mastercard,Debit,5783091385721120,2020-02-01,13,YES,1,24432,2020-01-01,2020,No
1896,76,Visa,Debit,4684387276535730,2024-08-01,268,YES,2,6513,2020-02-01,2020,No
840,76,Visa,Credit,4868914806629263,2021-06-01,736,YES,2,1500,2020-01-01,2020,No
4292,249,Mastercard,Credit,5806288548928072,2024-12-01,798,YES,2,1500,2009-08-01,2009,No
3909,249,Visa,Credit,4235472002609759,2009-10-01,833,YES,2,8300,2009-07-01,2011,No
132,249,Mastercard,Credit,5956371730449671,2024-07-01,475,YES,2,9300,2007-01-01,2010,No
1897,249,Visa,Debit (Prepaid),4728580889162679,2020-02-01,997,YES,2,87,2020-02-01,2020,No
5239,249,Mastercard,Debit,5166350097809360,2012-10-01,817,YES,1,14104,2011-10-01,2011,No
3520,249,Mastercard,Debit,5920164874148882,2022-05-01,535,YES,2,14725,2011-06-01,2011,No
5134,249,Visa,Debit,4207556954928499,2020-03-01,424,YES,2,12016,2008-10-01,2011,No
4252,1279,Mastercard,Debit,5127428041251945,2022-08-01,856,YES,2,22567,2008-08-01,2009,No
5472,1279,Visa,Debit,4692480656224077,2022-03-01,281,YES,2,26743,2006-11-01,2013,No
3220,1279,Visa,Debit,4694285041085172,2021-02-01,763,YES,1,16722,2000-06-01,2005,No
4188,1279,Visa,Debit,4976547749422816,2023-09-01,310,YES,2,9521,2006-08-01,2007,No
4428,1652,Mastercard,Debit,5835240657071891,2021-12-01,803,YES,1,14253,2014-08-01,2014,No
597,1652,Mastercard,Debit (Prepaid),5839969091471132,2024-12-01,684,YES,1,78,2020-01-01,2020,No
313,1652,Mastercard,Debit,5792572397689305,2024-10-01,358,YES,1,26678,2013-01-01,2013,No
2688,1652,Visa,Debit,4652000658523008,2023-05-01,271,YES,2,15652,2011-04-01,2011,No
4658,739,Discover,Credit,6865624170982694,2009-07-01,784,YES,2,6900,2008-09-01,2011,No
1177,1475,Mastercard,Debit,5123561690852830,2024-05-01,861,YES,1,13378,2009-02-01,2009,No
4496,1475,Visa,Debit,4783119984911395,2020-10-01,467,YES,2,15516,1998-09-01,2014,No
3746,1475,Visa,Debit,4818828811526445,2024-05-01,311,YES,2,9956,2005-07-01,2010,No
5155,1475,Mastercard,Debit,5253350118420216,2020-08-01,499,YES,1,3614,2009-10-01,2009,No
5631,1475,Visa,Debit,4992215485322239,2020-02-01,201,YES,2,5992,2010-11-01,2011,No
1628,1251,Mastercard,Debit,5144399692785721,2023-11-01,732,YES,2,31219,2020-02-01,2020,No
4069,1251,Mastercard,Debit,5892951431288814,2021-11-01,447,YES,1,20619,2018-07-01,2018,No
5156,1251,Mastercard,Debit (Prepaid),5653678810336995,2019-04-01,732,YES,1,74,2009-10-01,2009,No
1898,1119,Visa,Debit,4573378734803801,2022-06-01,261,YES,1,22768,2020-02-01,2020,No
1899,1119,Visa,Credit,4460007278587507,2021-01-01,225,NO,1,3000,2020-02-01,2020,No
598,1119,Mastercard,Credit,5775614858102647,2020-01-01,32,YES,2,11500,2020-01-01,2020,No
1629,1119,Mastercard,Debit,5388782065071878,2024-01-01,712,YES,2,7458,2020-02-01,2020,No
3109,592,Visa,Debit,4088000072942924,2023-04-01,532,YES,1,15504,2011-05-01,2012,No
4133,592,Mastercard,Credit,5886410081258720,2020-02-01,684,YES,1,5600,2004-08-01,2019,No
2022,592,Mastercard,Debit,5247279086681076,2024-04-01,220,YES,2,3117,2001-03-01,2006,No
3659,592,Visa,Debit,4215158911989619,2022-03-01,756,YES,1,14007,2000-07-01,2015,No
5946,592,Visa,Debit,4995123817442034,2021-04-01,658,YES,2,13390,2008-12-01,2010,No
3332,692,Visa,Debit,4048124341417315,2021-10-01,117,YES,2,35649,2006-06-01,2011,No
2073,692,Visa,Debit,4160987980022088,2012-10-01,11,YES,2,18979,2004-03-01,2008,No
5860,692,Mastercard,Credit,5640983344867524,2023-02-01,571,NO,2,10000,2006-12-01,2012,No
4303,692,Visa,Debit (Prepaid),4201848747072347,2018-08-01,604,YES,2,63,2009-08-01,2014,No
4253,1065,Mastercard,Debit,5092269775831902,2021-01-01,394,YES,2,24878,2008-08-01,2011,No
2630,1065,Amex,Credit,395345060148797,2023-05-01,951,YES,2,23900,2010-04-01,2012,No
4160,1065,Mastercard,Debit,5661288400929871,2022-02-01,934,YES,2,9213,2005-08-01,2009,No
4381,1764,Visa,Debit,4535570138499229,2024-07-01,704,YES,2,23538,2011-08-01,2011,No
4900,1764,Visa,Debit,4931400640582638,2017-09-01,835,YES,2,15658,2016-09-01,2016,No
2118,1764,Mastercard,Credit,5099657480091697,2021-05-01,249,YES,1,8900,2006-03-01,2011,No
599,1830,Mastercard,Debit (Prepaid),5932488176672897,2020-02-01,164,YES,1,58,2020-01-01,2020,No
1272,1830,Mastercard,Debit,5413909063250465,2022-04-01,732,YES,1,12782,2011-02-01,2011,No
5217,1830,Visa,Debit,4940361010295816,2016-03-01,253,YES,1,17297,2010-10-01,2010,No
4083,1830,Mastercard,Credit,5598315468243237,2024-10-01,385,YES,1,10600,1994-08-01,2011,No
1052,157,Mastercard,Debit,5056408661252934,2020-11-01,961,YES,1,10644,2005-02-01,2011,No
4867,157,Visa,Debit,4884544538827906,2015-01-01,296,YES,1,13438,2013-09-01,2013,No
969,157,Mastercard,Debit,5481725798944325,2023-05-01,964,YES,1,14269,1999-02-01,2011,No
1250,676,Visa,Credit,4209302581526449,2023-06-01,777,YES,2,9300,2010-02-01,2010,No
3910,676,Visa,Debit,4273067279715891,2017-12-01,541,YES,2,34175,2009-07-01,2011,No
5871,1481,Visa,Debit,4866092405623392,2024-08-01,386,YES,2,367,2006-12-01,2010,No
4720,1481,Mastercard,Debit,5746148101457486,2022-06-01,950,YES,2,441,2009-09-01,2014,No
3056,1902,Mastercard,Debit,5099488514797621,2021-06-01,652,YES,2,11087,2010-05-01,2011,No
4286,1902,Amex,Credit,398823738054759,2020-09-01,162,YES,2,12200,2009-08-01,2011,No
227,123,Mastercard,Debit,5329313809426347,2020-11-01,20,YES,2,12102,2010-01-01,2010,No
197,123,Mastercard,Debit,5518456077758792,2020-06-01,995,YES,1,24068,2009-01-01,2009,No
3192,123,Mastercard,Debit,5404585495463228,2024-10-01,263,YES,2,15305,2017-05-01,2017,No
1196,1995,Visa,Debit,4014763594580478,2024-10-01,355,YES,2,11268,2009-02-01,2013,No
4180,1995,Mastercard,Debit,5817112710661345,2020-01-01,29,YES,2,5997,2006-08-01,2012,No
2439,1995,Amex,Credit,382683082835230,2021-07-01,521,YES,2,4000,2003-04-01,2011,No
190,1995,Amex,Credit,316487244875963,2023-08-01,737,NO,2,9700,2009-01-01,2009,No
4916,1688,Mastercard,Debit,5161633770589124,2024-02-01,891,YES,2,21502,2018-09-01,2018,No
2119,1895,Mastercard,Debit,5267518025716847,2022-01-01,292,YES,2,2042,2006-03-01,2013,No
1090,1895,Mastercard,Debit,5343513913226549,2023-09-01,514,YES,1,13922,2006-02-01,2012,No
5047,1891,Discover,Credit,6441659233130363,2023-03-01,515,YES,2,13100,2006-10-01,2006,No
1161,1891,Visa,Debit,4268017872699469,2016-11-01,476,YES,2,15227,2008-02-01,2015,No
1251,1891,Visa,Credit,4033929197271889,2023-01-01,190,YES,2,3300,2010-02-01,2010,No
5440,1891,Visa,Debit,4759457733349546,2021-10-01,437,YES,1,19829,2005-11-01,2010,No
600,453,Mastercard,Debit,5881679887889712,2020-01-01,806,NO,1,23996,2020-01-01,2020,No
4552,341,Mastercard,Debit (Prepaid),5560061541901648,2024-11-01,633,YES,1,55,2004-09-01,2010,No
1900,341,Visa,Debit,4531149590903516,2020-08-01,97,YES,1,37941,2020-02-01,2020,No
5417,341,Visa,Credit,4108533772649718,2008-06-01,548,YES,1,37600,2004-11-01,2006,No
45,1571,Visa,Debit,4137249838027633,2023-04-01,861,YES,2,33390,2003-01-01,2007,No
4392,1571,Mastercard,Debit,5890246534257372,2021-12-01,12,YES,2,22532,2012-08-01,2012,No
6109,1571,Mastercard,Debit,5800183437928465,2024-04-01,148,YES,2,16325,2015-12-01,2015,No
2487,1571,Mastercard,Debit,5128197080308718,2023-06-01,759,YES,1,17885,2005-04-01,2010,No
5397,1571,Visa,Debit,4704455652130191,2023-12-01,175,YES,1,24827,2003-11-01,2008,No
3165,1571,Mastercard,Debit,5908095549619753,2015-10-01,530,YES,1,30704,2015-05-01,2015,No
3499,1615,Visa,Debit,4279264771451574,2020-02-01,378,YES,2,13637,2010-06-01,2012,No
5157,1615,Mastercard,Debit,5200107685480370,2024-05-01,624,YES,1,2504,2009-10-01,2016,No
5473,1615,Visa,Debit,4003165279623450,2023-03-01,317,YES,1,15535,2006-11-01,2015,No
4254,1615,Mastercard,Debit,5155468051288343,2022-09-01,703,YES,1,14898,2008-08-01,2008,No
1147,1615,Mastercard,Debit,5625958291463283,2023-07-01,783,YES,2,9696,2008-02-01,2014,No
4738,1615,Visa,Debit,4577924057885157,2023-05-01,594,YES,1,22310,2009-09-01,2011,No
841,1647,Visa,Debit (Prepaid),4291878920009873,2020-01-01,108,NO,1,76,2020-01-01,2020,No
402,1647,Amex,Credit,393079452928936,2024-03-01,826,YES,2,8000,2020-01-01,2020,No
1630,1647,Mastercard,Credit,5443689960543700,2024-11-01,591,YES,2,9200,2020-02-01,2020,No
1631,1647,Mastercard,Debit,5221540371047992,2020-06-01,258,YES,1,21244,2020-02-01,2020,No
1901,1647,Visa,Debit,4041750526955037,2022-06-01,408,NO,2,20751,2020-02-01,2020,No
2061,680,Mastercard,Debit,5508553199519084,2019-03-01,196,YES,2,16347,2004-03-01,2010,No
3951,52,Visa,Debit,4954962607216980,2023-10-01,995,YES,1,23404,2010-07-01,2012,No
4976,52,Visa,Debit,4435466238583873,2022-04-01,708,YES,2,20930,2002-10-01,2008,No
2322,52,Visa,Debit,4343642801597529,2013-08-01,754,YES,2,23014,2013-03-01,2013,No
842,1387,Visa,Credit,4858459431343518,2022-12-01,674,YES,2,9500,2020-01-01,2020,No
962,1034,Mastercard,Debit,5328768325200248,2020-06-01,645,YES,1,2778,1998-02-01,2005,No
2741,1034,Amex,Credit,321353785529607,2020-02-01,213,YES,2,11800,2015-04-01,2015,No
2853,1034,Discover,Credit,6281560178306833,2020-10-01,359,YES,1,11500,2004-05-01,2007,No
1137,1034,Discover,Credit,6745517172173148,2009-02-01,611,YES,2,13000,2008-02-01,2009,No
2765,1034,Visa,Debit,4882435446100322,2024-12-01,332,YES,1,21102,2016-04-01,2016,No
4622,1034,Visa,Debit (Prepaid),4900895647847430,2021-03-01,730,YES,1,60,2006-09-01,2009,No
179,677,Visa,Credit,4299314704025381,2020-06-01,215,YES,2,23100,2008-01-01,2010,No
4449,677,Mastercard,Debit,5779825688535232,2021-03-01,458,YES,1,34826,2015-08-01,2015,No
5317,677,Visa,Debit,4276546488958933,2023-12-01,54,NO,1,25429,2016-10-01,2016,No
989,440,Mastercard,Debit,5098870349133203,2022-12-01,435,YES,1,79717,2001-02-01,2013,No
3274,440,Mastercard,Debit,5432650033328112,2023-04-01,920,YES,2,5307,2004-06-01,2010,No
3736,440,Mastercard,Debit,5405681429153556,2019-04-01,810,YES,2,47131,2005-07-01,2008,No
71,440,Mastercard,Debit,5336536496743892,2021-10-01,805,YES,2,36724,2005-01-01,2010,No
1216,440,Mastercard,Debit,5244693372159107,2024-10-01,682,YES,1,6875,2010-02-01,2012,No
5671,338,Mastercard,Debit,5371571902299645,2024-04-01,46,YES,1,17229,2012-11-01,2012,No
1356,338,Mastercard,Debit,5404154440554855,2022-05-01,190,YES,1,31747,2015-02-01,2015,No
1317,338,Mastercard,Debit,5004660687674189,2023-01-01,841,YES,2,50127,2013-02-01,2013,No
1205,1120,Discover,Credit,6983129592633814,2022-10-01,237,YES,2,21400,2010-02-01,2010,No
4641,1127,Mastercard,Debit,5968559734305335,2022-01-01,303,YES,2,24614,2007-09-01,2012,No
4605,1127,Mastercard,Debit,5365437807241284,2023-12-01,623,YES,2,2809,2006-09-01,2011,No
3694,1127,Mastercard,Debit,5672946381379338,2007-03-01,314,NO,2,15076,2003-07-01,2015,No
3869,1127,Visa,Debit,4858037645038535,2020-09-01,745,YES,1,27646,2008-07-01,2009,No
360,1662,Mastercard,Debit,5243874409265567,2021-01-01,702,YES,1,20447,2017-01-01,2017,No
2675,1662,Mastercard,Debit,5275365619003581,2021-10-01,507,YES,1,29948,2011-04-01,2011,No
4541,1662,Visa,Debit,4182859596486161,2020-09-01,890,YES,2,28021,2003-09-01,2011,No
6087,1662,Mastercard,Debit (Prepaid),5298865153588955,2013-12-01,297,NO,1,58,2013-12-01,2013,No
601,1462,Mastercard,Debit (Prepaid),5023362294953907,2020-08-01,641,YES,2,44,2020-01-01,2020,No
1632,1848,Mastercard,Debit,5537790974948480,2022-02-01,935,YES,2,19880,2020-02-01,2020,No
602,1848,Mastercard,Credit,5024975183096428,2021-04-01,542,YES,1,12700,2020-01-01,2020,No
1308,1444,Visa,Debit,4445219636598507,2024-03-01,699,YES,1,42670,2012-02-01,2012,No
603,1444,Mastercard,Debit,5621630163698126,2020-02-01,106,NO,1,21611,2020-01-01,2020,No
3631,1444,Mastercard,Debit,5918825657025750,2021-07-01,152,YES,2,50521,2018-06-01,2018,No
2648,1444,Mastercard,Debit,5734359364174769,2024-03-01,802,YES,2,27982,2010-04-01,2010,No
5965,1444,Mastercard,Debit,5143782902956271,2023-10-01,803,YES,1,22886,2009-12-01,2009,No
2882,1444,Mastercard,Debit,5358748385757375,2020-11-01,637,YES,2,32049,2005-05-01,2005,No
5118,1444,Mastercard,Debit,5457892332691018,2023-06-01,949,NO,1,45141,2008-10-01,2010,No
5009,45,Mastercard,Debit (Prepaid),5525601416941014,2023-11-01,154,YES,1,44,2004-10-01,2014,No
2822,1102,Amex,Credit,302324154583308,2023-07-01,777,YES,1,26900,2002-05-01,2019,No
5651,1102,Mastercard,Debit,5977051342540190,2023-06-01,806,YES,2,5414,2011-11-01,2012,No
5010,1102,Mastercard,Debit,5884636845919714,2018-07-01,425,YES,2,17846,2004-10-01,2011,No
3952,1102,Visa,Debit (Prepaid),4086369836640262,2022-11-01,257,YES,2,51,2010-07-01,2014,No
979,1102,Mastercard,Debit,5940949386888214,2019-01-01,618,YES,2,39080,2000-02-01,2017,No
3390,1636,Mastercard,Credit,5891980090129648,2024-05-01,843,YES,1,5600,2008-06-01,2011,No
2930,1636,Mastercard,Debit,5805477288229197,2020-02-01,832,YES,2,7090,2007-05-01,2017,No
3992,1636,Amex,Credit,358240905315315,2023-04-01,544,YES,1,4600,2012-07-01,2012,No
3338,1636,Amex,Credit,354505344407390,2020-04-01,793,YES,1,6900,2007-06-01,2008,No
2018,502,Discover,Credit,6910816000642923,2020-03-01,845,YES,2,7900,2001-03-01,2004,No
3521,502,Mastercard,Debit,5031093004521446,2023-07-01,834,NO,1,415,2011-06-01,2013,No
1412,1630,Amex,Credit,387423675573298,2021-06-01,864,YES,1,11800,2020-02-01,2020,No
4479,266,Mastercard,Debit,5392581536940682,2020-04-01,63,YES,1,10107,2019-08-01,2019,No
3283,5,Visa,Debit,4062156976910800,2024-10-01,305,NO,2,12286,2004-06-01,2013,No
1178,5,Mastercard,Debit,5419592121545154,2022-01-01,42,YES,2,18894,2009-02-01,2015,No
4407,1712,Mastercard,Debit,5235277792486600,2017-11-01,314,YES,1,35175,2013-08-01,2013,No
3291,1712,Mastercard,Debit,5526616116382741,2021-10-01,600,YES,1,21205,2005-06-01,2010,No
4056,1712,Mastercard,Debit,5071372204646552,2021-11-01,958,NO,1,25985,2017-07-01,2017,No
3711,1712,Mastercard,Debit,5313636141539714,2024-06-01,212,NO,1,39431,2004-07-01,2008,No
4342,1712,Visa,Debit,4631337182936138,2024-03-01,847,YES,2,18288,2010-08-01,2012,No
143,1360,Visa,Credit,4142865741084776,2020-08-01,302,YES,1,9000,2007-01-01,2007,No
2184,1360,Mastercard,Debit,5823085266965025,2021-10-01,876,YES,2,12367,2008-03-01,2008,No
3609,1360,Mastercard,Debit,5708920987862167,2021-09-01,17,YES,2,19619,2016-06-01,2016,No
403,1013,Amex,Credit,330378740053511,2020-06-01,959,YES,1,12800,2020-01-01,2020,No
1349,993,Visa,Credit,4260552166292092,2022-06-01,384,YES,1,9500,2014-02-01,2014,No
162,642,Mastercard,Debit,5873966669352213,2024-09-01,809,YES,2,3966,2008-01-01,2013,No
4721,642,Mastercard,Debit,5229231041808987,2009-11-01,670,YES,2,8812,2009-09-01,2009,No
2051,642,Visa,Debit,4324205574305224,2022-10-01,92,YES,2,13434,2003-03-01,2003,No
5934,642,Mastercard,Debit,5081900353730451,2020-11-01,533,YES,1,13104,2008-12-01,2017,No
2430,1871,Mastercard,Debit,5203247586217393,2021-09-01,503,YES,1,9454,2002-04-01,2007,No
5672,1871,Mastercard,Debit,5410528927271572,2020-01-01,651,YES,1,13764,2012-11-01,2012,No
4470,1871,Mastercard,Debit,5892723462268595,2024-05-01,355,YES,1,14639,2018-08-01,2018,No
4429,1871,Mastercard,Debit,5896330225827400,2024-08-01,851,NO,2,20277,2014-08-01,2014,No
1633,1871,Mastercard,Debit,5342464568793113,2020-02-01,260,YES,1,11166,2020-02-01,2020,No
5491,1721,Mastercard,Credit,5632468453747633,2024-06-01,296,YES,2,7200,2007-11-01,2010,No
3610,1721,Mastercard,Debit,5754434443697253,2022-11-01,789,YES,1,12389,2016-06-01,2016,No
84,868,Visa,Debit,4639713693974383,2023-02-01,69,YES,2,2121,2005-01-01,2009,No
5372,868,Visa,Debit,4025137324225957,2024-11-01,653,YES,2,13455,2001-11-01,2011,No
2233,868,Visa,Debit (Prepaid),4595382752542331,2023-08-01,475,YES,2,48,2009-03-01,2013,No
5565,868,Mastercard,Debit (Prepaid),5680583752844424,2022-02-01,504,YES,2,49,2009-11-01,2009,No
322,868,Visa,Credit,4944959860713657,2022-07-01,21,YES,2,5000,2013-01-01,2013,No
3292,868,Mastercard,Credit,5925756786369213,2010-06-01,556,NO,1,6800,2005-06-01,2009,No
2985,1517,Visa,Credit,4225059111399176,2021-06-01,829,YES,2,24900,2008-05-01,2013,No
72,1517,Mastercard,Debit,5515747009144505,2024-01-01,306,YES,2,19670,2005-01-01,2009,No
1634,1517,Mastercard,Debit,5764133440846689,2024-07-01,480,YES,2,23231,2020-02-01,2020,No
2131,1517,Visa,Debit (Prepaid),4203776062748208,2022-03-01,193,YES,2,18,2006-03-01,2013,No
5340,364,Mastercard,Debit,5480998753252900,2021-07-01,110,YES,1,13699,2019-10-01,2019,No
4623,364,Visa,Credit,4748763826906132,2017-05-01,478,NO,2,11700,2006-09-01,2010,No
5611,364,Mastercard,Credit,5274567500521135,2010-11-01,89,YES,1,1800,2010-11-01,2010,No
5673,364,Mastercard,Debit,5100254410135496,2023-10-01,723,YES,1,15612,2012-11-01,2012,No
4642,686,Mastercard,Debit,5233470858754888,2024-08-01,870,YES,1,4699,2007-09-01,2018,No
1635,696,Mastercard,Debit,5634720557033736,2021-02-01,644,YES,1,77778,2020-02-01,2020,No
3870,696,Visa,Debit,4288163100200556,2023-10-01,765,NO,1,31755,2008-07-01,2008,No
2695,696,Mastercard,Debit,5648047323588801,2024-11-01,470,YES,1,28601,2012-04-01,2012,No
2488,696,Mastercard,Credit,5628686337388309,2010-03-01,842,YES,2,25900,2005-04-01,2011,No
4953,696,Mastercard,Debit (Prepaid),5293099993474749,2009-06-01,140,YES,2,97,2001-10-01,2010,No
4207,696,Mastercard,Debit,5584427717587374,2023-05-01,957,NO,2,22553,2007-08-01,2010,No
5612,696,Mastercard,Debit (Prepaid),5276972829621865,2022-05-01,803,YES,2,65,2010-11-01,2015,No
39,696,Mastercard,Debit,5562768142811109,2024-10-01,267,YES,2,21225,2003-01-01,2012,No
604,962,Mastercard,Credit,5195862758999591,2021-12-01,426,YES,2,13300,2020-01-01,2020,No
1217,962,Mastercard,Debit,5180139423244093,2022-07-01,633,YES,2,9141,2010-02-01,2011,No
5966,1407,Mastercard,Debit,5647392545129328,2021-05-01,236,YES,2,14733,2009-12-01,2011,No
5384,1407,Visa,Debit,4543221446829326,2023-08-01,587,YES,1,15814,2002-11-01,2010,No
2313,1407,Mastercard,Debit,5848203145087847,2021-05-01,597,YES,1,20816,2013-03-01,2013,No
4695,1407,Visa,Credit,4681503612415898,2014-02-01,86,YES,2,8500,2008-09-01,2010,No
4471,1015,Mastercard,Debit,5620673787409550,2021-07-01,842,YES,1,35493,2018-08-01,2018,No
5271,1015,Mastercard,Debit,5849371224627148,2020-07-01,636,YES,2,58311,2013-10-01,2013,No
1636,1015,Mastercard,Credit,5981150339766533,2023-09-01,601,YES,1,24700,2020-02-01,2020,No
198,1015,Mastercard,Debit,5656999344150658,2024-10-01,761,YES,2,66779,2009-01-01,2011,No
1113,1015,Mastercard,Debit (Prepaid),5964863053217701,2024-02-01,287,YES,1,58,2007-02-01,2012,No
2211,1456,Discover,Credit,6932682320710660,2023-08-01,294,YES,2,7400,2009-03-01,2017,No
5935,1456,Mastercard,Debit,5839391622959364,2020-10-01,985,YES,2,11310,2008-12-01,2012,No
1273,1456,Mastercard,Credit,5451139349544228,2019-08-01,832,NO,2,7200,2011-02-01,2011,No
2251,1861,Mastercard,Debit,5893992585377552,2022-04-01,46,NO,1,28352,2010-03-01,2012,No
2993,1861,Amex,Credit,344769057601771,2016-06-01,588,YES,2,10000,2009-05-01,2011,No
4898,1861,Mastercard,Debit,5475273052994397,2024-02-01,101,YES,1,32325,2016-09-01,2016,No
4025,1861,Mastercard,Debit,5682219058474739,2018-05-01,67,YES,2,22405,2014-07-01,2014,No
3374,1861,Amex,Credit,335960480212340,2021-01-01,29,YES,1,17300,2008-06-01,2013,No
605,161,Mastercard,Debit,5734847771716584,2020-07-01,423,YES,1,11163,2020-01-01,2020,No
3096,161,Mastercard,Debit,5018191731735773,2024-02-01,889,YES,1,13612,2011-05-01,2011,No
5588,161,Visa,Debit,4764927598078199,2016-12-01,254,YES,1,11168,2009-11-01,2009,No
843,263,Visa,Credit,4821644277167168,2020-03-01,978,NO,2,6200,2020-01-01,2020,No
2567,263,Mastercard,Debit (Prepaid),5332123291595768,2019-05-01,494,YES,1,61,2008-04-01,2009,No
1392,263,Mastercard,Debit,5981206880089611,2020-02-01,421,YES,1,12103,2019-02-01,2019,No
2994,1389,Discover,Credit,6880652319415117,2022-08-01,218,YES,2,7900,2009-05-01,2010,No
2301,1389,Mastercard,Debit,5603221270332940,2016-06-01,316,YES,1,11408,2012-03-01,2012,No
4779,1707,Mastercard,Debit,5101090738920824,2021-07-01,325,YES,1,22362,2010-09-01,2014,No
1902,1374,Visa,Debit,4641287909590417,2020-09-01,819,YES,1,14993,2020-02-01,2020,No
1413,1374,Amex,Credit,324659664188559,2024-04-01,330,NO,2,8300,2020-02-01,2020,No
5967,1855,Mastercard,Debit,5900286231363635,2021-12-01,172,YES,1,29716,2009-12-01,2011,No
4304,1855,Visa,Debit,4993861165139696,2009-10-01,663,YES,1,19258,2009-08-01,2011,No
3021,1855,Visa,Credit,4355832454848293,2020-08-01,490,YES,3,13400,2009-05-01,2011,No
1903,1855,Visa,Credit,4746650219933871,2022-09-01,32,YES,2,17100,2020-02-01,2020,No
1904,867,Visa,Debit,4954234286771971,2022-09-01,1,YES,2,16736,2020-02-01,2020,No
606,867,Mastercard,Debit,5149907991090612,2021-09-01,275,YES,1,10196,2020-01-01,2020,No
4564,274,Visa,Debit,4636302289774996,2014-09-01,898,YES,1,20961,2004-09-01,2010,No
2841,274,Mastercard,Credit,5703235867357528,2023-02-01,825,YES,2,10500,2003-05-01,2016,No
309,274,Amex,Credit,365377878162370,2023-10-01,964,YES,2,16500,2013-01-01,2013,No
3184,1552,Visa,Credit,4498319484048588,2016-08-01,282,YES,2,11300,2016-05-01,2016,No
1380,1552,Mastercard,Debit,5909552342193744,2021-12-01,675,YES,1,13866,2018-02-01,2018,No
1218,1552,Mastercard,Debit,5494745672321744,2021-05-01,61,YES,2,14913,2010-02-01,2010,No
1448,635,Discover,Credit,6130054955952438,2022-10-01,970,YES,1,6100,2020-02-01,2020,No
5218,1526,Visa,Debit,4852239481506092,2012-11-01,226,NO,1,3728,2010-10-01,2010,No
3664,1526,Discover,Credit,6172129329668613,2024-10-01,585,YES,1,7400,2001-07-01,2007,No
4722,1526,Mastercard,Debit (Prepaid),5821558147911214,2020-10-01,558,YES,1,77,2009-09-01,2009,No
2100,1526,Visa,Debit,4643281848838061,2021-02-01,413,YES,1,12299,2005-03-01,2007,No
248,319,Visa,Credit,4086497597276972,2021-03-01,383,YES,2,6800,2010-01-01,2010,No
844,319,Visa,Debit (Prepaid),4841317910712429,2022-02-01,858,YES,1,77,2020-01-01,2020,No
3425,740,Mastercard,Debit,5153811866078718,2017-01-01,115,YES,2,2172,2009-06-01,2017,No
607,740,Mastercard,Debit,5514582408709018,2021-04-01,117,YES,1,8661,2020-01-01,2020,No
845,740,Visa,Debit,4456142342115909,2023-03-01,189,YES,2,4009,2020-01-01,2020,No
1414,965,Amex,Credit,344844394968700,2020-12-01,973,YES,1,11200,2020-02-01,2020,No
846,965,Visa,Debit,4061650049353084,2021-12-01,542,YES,2,16479,2020-01-01,2020,No
5674,1421,Mastercard,Debit (Prepaid),5874995941788498,2022-06-01,595,YES,1,65,2012-11-01,2012,No
3550,1421,Mastercard,Debit,5757503231654928,2021-07-01,514,YES,1,17993,2012-06-01,2012,No
5833,1538,Mastercard,Debit,5128394597214303,2011-04-01,984,YES,2,16398,2005-12-01,2005,No
3206,1538,Mastercard,Debit,5013050025628156,2021-10-01,272,YES,2,21284,1998-06-01,2016,No
3599,1101,Visa,Debit,4683799898016256,2021-09-01,938,NO,2,13022,2015-06-01,2015,No
1905,1101,Visa,Credit,4591328314306371,2020-11-01,252,YES,1,8500,2020-02-01,2020,No
3448,92,Visa,Debit,4130167694765134,2024-06-01,299,YES,1,34123,2009-06-01,2009,No
2802,92,Mastercard,Debit,5123318890212912,2013-10-01,821,YES,1,25670,1999-05-01,2010,No
2803,92,Mastercard,Credit,5719709279353504,2020-07-01,403,YES,1,9000,1999-05-01,2012,No
5947,92,Visa,Debit,4963194250583008,2023-09-01,150,YES,2,8280,2008-12-01,2017,No
5183,125,Amex,Credit,398638761436555,2021-01-01,177,YES,2,6400,2010-10-01,2011,No
5770,125,Mastercard,Debit,5945807507752763,2022-08-01,282,YES,2,9741,2001-12-01,2010,No
2023,125,Mastercard,Debit,5228524583663222,2023-06-01,720,YES,2,1326,2001-03-01,2011,No
4931,125,Discover,Credit,6151262896814388,2022-10-01,10,YES,2,3600,1998-10-01,2005,No
2120,125,Mastercard,Credit,5824671780662841,2022-05-01,554,YES,1,5500,2006-03-01,2012,No
2225,449,Mastercard,Debit,5397488043496245,2020-10-01,915,YES,2,16675,2009-03-01,2009,No
351,449,Visa,Debit,4003397958786978,2021-05-01,994,YES,2,21594,2015-01-01,2015,No
3559,449,Visa,Debit,4345910488111903,2020-02-01,867,YES,1,14277,2012-06-01,2012,No
2738,449,Visa,Debit,4169464534562522,2021-09-01,770,YES,2,13368,2014-04-01,2014,No
5894,449,Mastercard,Credit,5242288844676225,2020-05-01,740,YES,1,12700,2007-12-01,2016,No
3214,1173,Amex,Credit,309312757333159,2015-05-01,253,YES,1,11200,2000-06-01,2013,No
4696,1173,Visa,Debit,4547819605508075,2024-06-01,410,YES,1,1342,2008-09-01,2008,No
2986,1173,Visa,Credit,4285723805461636,2024-05-01,282,YES,2,8700,2008-05-01,2009,No
2388,1173,Visa,Debit (Prepaid),4505985086777391,2019-06-01,675,YES,2,75,2019-03-01,2019,No
1033,1173,Mastercard,Debit,5610643638268100,2021-10-01,739,YES,1,35062,2004-02-01,2011,No
4480,1173,Mastercard,Debit,5972507233494518,2020-02-01,29,YES,2,17503,2019-08-01,2019,No
5662,1173,Visa,Credit,4807938969312222,2021-10-01,158,YES,1,16900,2011-11-01,2011,No
5197,1810,Mastercard,Credit,5595124692967493,2023-01-01,474,NO,2,9000,2010-10-01,2010,No
4839,1810,Visa,Credit,4552564122869013,2024-04-01,816,YES,2,9800,2012-09-01,2012,No
5936,1810,Mastercard,Credit,5374521575849221,2023-12-01,720,YES,1,10600,2008-12-01,2009,No
2323,1810,Visa,Credit,4913659581054321,2020-08-01,55,YES,1,7200,2013-03-01,2013,No
3339,1810,Amex,Credit,358698367361738,2023-11-01,803,YES,2,7900,2007-06-01,2017,No
3522,1843,Mastercard,Debit,5247241630893016,2020-02-01,285,YES,2,12189,2011-06-01,2011,No
5752,1843,Amex,Credit,363194829032279,2021-09-01,307,NO,1,12300,1997-12-01,2009,No
249,1843,Visa,Debit,4348922167384229,2022-06-01,256,YES,2,8702,2010-01-01,2014,No
4553,1843,Mastercard,Debit,5813126802246388,2022-12-01,390,YES,2,10638,2004-09-01,2010,No
961,1843,Amex,Credit,355893231059855,2020-11-01,374,YES,2,5800,1998-02-01,2010,No
2033,1843,Mastercard,Credit,5937483494199250,2020-09-01,651,YES,1,13200,2002-03-01,2018,No
5834,1843,Mastercard,Credit,5696507697447293,2021-10-01,829,YES,2,4800,2005-12-01,2009,No
4408,1578,Mastercard,Credit,5202407614887772,2020-11-01,17,YES,2,6800,2013-08-01,2013,No
5331,1578,Visa,Debit (Prepaid),4805717527228441,2020-04-01,689,YES,2,64,2018-10-01,2018,No
4343,658,Visa,Credit,4846880896921020,2011-09-01,89,YES,1,5800,2010-08-01,2010,No
199,658,Mastercard,Debit,5342017674521143,2024-08-01,200,YES,2,22742,2009-01-01,2009,No
1010,658,Amex,Credit,342127756889068,2020-04-01,505,YES,1,19300,2003-02-01,2013,No
5548,658,Visa,Credit,4998523019501501,2024-03-01,730,YES,1,13800,2008-11-01,2008,No
2146,1858,Mastercard,Credit,5990870436342591,2022-12-01,373,YES,2,8200,2007-03-01,2010,No
847,1663,Visa,Debit,4072906383807827,2021-08-01,134,YES,2,840,2020-01-01,2020,No
5350,1503,Visa,Credit,4896740019424793,2023-02-01,107,YES,2,12600,1996-11-01,2014,No
3476,1503,Mastercard,Debit,5527540454179734,2023-09-01,594,YES,2,15552,2010-06-01,2014,No
4274,1503,Visa,Debit,4084744531899336,2022-08-01,22,YES,1,5133,2008-08-01,2008,No
3772,1503,Mastercard,Debit,5573928816931767,2020-11-01,814,YES,2,24049,2006-07-01,2013,No
1906,725,Visa,Debit,4736166071228961,2020-10-01,535,YES,1,17382,2020-02-01,2020,No
1907,725,Visa,Debit,4043193069414737,2021-09-01,859,NO,1,19483,2020-02-01,2020,No
5785,1671,Visa,Debit,4549207388694992,2020-07-01,454,YES,2,2174,2002-12-01,2010,No
4430,1233,Mastercard,Debit,5800282249045735,2017-08-01,159,YES,2,25301,2014-08-01,2014,No
4823,1233,Visa,Credit,4500413559560458,2012-09-01,772,YES,2,11000,2011-09-01,2013,No
1449,1233,Discover,Credit,6910507672679889,2022-11-01,303,YES,1,7100,2020-02-01,2020,No
4255,1271,Mastercard,Debit (Prepaid),5359728537890316,2008-10-01,268,YES,2,57,2008-08-01,2008,No
3316,1271,Mastercard,Debit (Prepaid),5525521386256143,2016-11-01,10,YES,2,33,2006-06-01,2013,No
1908,1271,Visa,Credit,4261459508856281,2024-03-01,100,NO,1,10900,2020-02-01,2020,No
5099,473,Visa,Credit,4733101280516220,2021-10-01,91,YES,2,7100,2007-10-01,2007,No
2696,473,Mastercard,Debit,5182798655253669,2022-02-01,237,YES,1,10005,2012-04-01,2012,No
5663,1541,Visa,Debit,4170281671173425,2023-09-01,374,YES,1,10627,2011-11-01,2011,No
228,1541,Mastercard,Debit,5090352145878323,2024-09-01,699,NO,2,12157,2010-01-01,2019,No
4554,1541,Mastercard,Debit,5697088180898071,2008-03-01,622,YES,1,60,2004-09-01,2009,No
3253,1541,Mastercard,Credit,5190258026083823,2020-12-01,16,YES,2,10600,2003-06-01,2008,No
2307,1541,Visa,Debit,4513747100786400,2023-11-01,697,YES,1,17383,2012-03-01,2012,No
3590,149,Mastercard,Credit,5425086965050395,2022-07-01,286,YES,1,14200,2015-06-01,2015,No
1219,560,Mastercard,Debit,5293577583483472,2021-12-01,468,NO,2,11620,2010-02-01,2010,No
144,560,Visa,Debit,4905889899631048,2020-01-01,87,YES,2,16642,2007-01-01,2012,No
1371,560,Mastercard,Credit,5312371772380380,2020-05-01,749,YES,1,6900,2017-02-01,2017,No
5065,560,Visa,Credit,4205841889242536,2007-09-01,193,NO,2,12500,2006-10-01,2012,No
2185,1006,Mastercard,Debit,5768034144342998,2024-09-01,339,YES,2,14814,2008-03-01,2008,No
3509,1006,Amex,Credit,375781387847037,2021-09-01,910,YES,1,10900,2011-06-01,2011,No
4723,1006,Mastercard,Debit,5422477428882353,2023-01-01,49,YES,2,17253,2009-09-01,2011,No
4305,368,Visa,Debit,4022388623982220,2009-09-01,297,YES,2,20756,2009-08-01,2009,No
371,368,Mastercard,Debit,5892815616421272,2020-02-01,831,YES,2,22132,2018-01-01,2018,No
5566,368,Mastercard,Debit (Prepaid),5936702504666287,2010-07-01,175,YES,2,63,2009-11-01,2009,No
2226,368,Mastercard,Credit,5172991779853899,2024-11-01,993,YES,1,12100,2009-03-01,2010,No
3822,368,Visa,Debit (Prepaid),4445518698030679,2024-03-01,772,YES,2,71,2007-07-01,2014,No
4463,368,Mastercard,Credit,5296450786659328,2020-06-01,567,YES,2,13000,2017-08-01,2017,No
2408,1696,Mastercard,Debit,5412731781518758,2018-05-01,599,YES,2,12047,2000-04-01,2008,No
180,416,Visa,Credit,4942437694778245,2020-10-01,805,NO,2,14900,2008-01-01,2011,No
1220,416,Mastercard,Debit,5587024233247132,2022-11-01,531,YES,2,14066,2010-02-01,2012,No
2883,416,Mastercard,Debit (Prepaid),5959812127527703,2021-09-01,122,NO,2,60,2005-05-01,2013,No
2445,416,Mastercard,Debit,5736162855690730,2024-12-01,93,YES,3,18242,2003-04-01,2011,No
2399,416,Mastercard,Debit,5554908163647067,2023-09-01,289,YES,2,2041,1997-04-01,2012,No
4724,416,Mastercard,Debit (Prepaid),5870295343668374,2022-12-01,16,YES,2,46,2009-09-01,2016,No
6031,51,Visa,Credit,4718480260665073,2020-07-01,909,YES,1,12700,2010-12-01,2011,No
1637,51,Mastercard,Debit,5871278934255113,2020-02-01,101,YES,1,27124,2020-02-01,2020,No
1450,51,Discover,Credit,6513518494320521,2023-05-01,191,YES,2,6400,2020-02-01,2020,No
285,196,Visa,Credit,4997594823384918,2021-10-01,0,YES,2,4300,2011-01-01,2011,No
5085,690,Mastercard,Debit,5209218070425035,2020-09-01,25,YES,1,1993,2007-10-01,2015,No
2727,1477,Mastercard,Debit,5770262844753641,2020-02-01,717,YES,2,18171,2014-04-01,2014,No
3747,1477,Visa,Debit,4825679880273598,2024-07-01,133,YES,1,44314,2005-07-01,2008,No
4947,1477,Discover,Credit,6994217664929322,2022-11-01,198,NO,1,12700,2001-10-01,2009,No
2676,260,Mastercard,Debit,5136583159442030,2019-07-01,321,YES,1,21007,2011-04-01,2011,No
5119,260,Mastercard,Debit (Prepaid),5855459575617149,2017-07-01,547,NO,1,65,2008-10-01,2009,No
323,260,Visa,Debit,4526531668861041,2021-12-01,422,YES,1,13342,2013-01-01,2013,No
5895,857,Mastercard,Debit,5489916459927550,2021-09-01,425,YES,2,10405,2007-12-01,2011,No
4739,1167,Visa,Credit,4576167031845753,2015-10-01,540,YES,1,12500,2009-09-01,2009,No
2159,1167,Visa,Debit,4341601262077056,2022-01-01,511,YES,2,19070,2007-03-01,2007,No
3666,1167,Mastercard,Debit,5530247037796971,2024-10-01,398,YES,2,30950,2001-07-01,2006,No
3426,1358,Mastercard,Debit (Prepaid),5722130479224541,2020-05-01,447,YES,1,80,2009-06-01,2012,No
1909,1358,Visa,Debit,4260770454530847,2023-10-01,303,YES,1,26394,2020-02-01,2020,No
5736,1358,Mastercard,Debit (Prepaid),5596764819382871,2020-01-01,26,YES,1,71,2018-11-01,2018,No
5135,1358,Visa,Debit (Prepaid),4611045541819658,2024-01-01,73,YES,1,83,2008-10-01,2008,No
5368,1611,Mastercard,Debit,5864678527405060,2016-02-01,209,YES,2,12132,2001-11-01,2014,No
1318,1611,Mastercard,Credit,5309806228982693,2015-11-01,888,YES,2,1900,2013-02-01,2013,No
1252,734,Visa,Debit,4090974875409305,2021-11-01,478,YES,2,5507,2010-02-01,2010,No
4990,734,Mastercard,Credit,5146631536689214,2020-07-01,498,YES,2,6300,2003-10-01,2010,No
4671,1507,Mastercard,Debit,5902106574231833,2021-07-01,726,YES,2,19573,2008-09-01,2015,No
5589,1507,Visa,Debit,4088009907063244,2021-01-01,841,YES,2,29543,2009-11-01,2011,No
3449,1507,Visa,Debit,4613081576154866,2020-05-01,531,NO,2,19171,2009-06-01,2013,No
4393,504,Mastercard,Debit (Prepaid),5854434366617595,2020-02-01,685,YES,1,72,2012-08-01,2012,No
5280,504,Visa,Debit,4986472355842402,2014-04-01,877,YES,1,11710,2013-10-01,2013,No
2263,524,Visa,Debit,4983067178659303,2024-12-01,920,NO,2,24089,2010-03-01,2010,No
5240,525,Mastercard,Debit,5835652546947839,2024-12-01,163,YES,1,15900,2011-10-01,2011,No
6004,525,Mastercard,Debit,5052894179039690,2024-01-01,604,YES,1,11595,2010-12-01,2010,No
4811,525,Mastercard,Debit,5407600934550843,2020-02-01,335,YES,2,13257,2011-09-01,2011,No
4740,250,Visa,Credit,4422778420591987,2014-02-01,40,NO,2,7200,2009-09-01,2009,No
2793,250,Mastercard,Credit,5464567834760933,2017-04-01,217,YES,1,8200,1997-05-01,2007,No
5136,250,Visa,Debit,4680252687248203,2024-04-01,33,YES,2,11678,2008-10-01,2014,No
4940,250,Mastercard,Debit (Prepaid),5824072261463088,2020-12-01,574,YES,1,57,1999-10-01,2017,No
3971,250,Mastercard,Debit,5387283225052992,2011-11-01,236,YES,1,10412,2011-07-01,2017,No
2914,250,Visa,Debit,4123003512524806,2023-01-01,338,YES,1,7808,2006-05-01,2009,No
1332,479,Visa,Debit,4569944754910437,2022-10-01,19,YES,2,43767,2013-02-01,2013,No
2186,479,Mastercard,Credit,5692954458453302,2021-09-01,528,YES,1,16600,2008-03-01,2014,No
2436,479,Visa,Debit,4262606931655715,2021-01-01,44,YES,2,3058,2002-04-01,2013,No
4189,343,Visa,Credit,4742225389926537,2024-08-01,690,YES,1,11000,2006-08-01,2017,No
3582,343,Mastercard,Credit,5052795584928351,2018-07-01,868,YES,1,10800,2014-06-01,2014,No
1288,343,Visa,Debit,4906697568806155,2014-04-01,115,YES,2,38385,2011-02-01,2011,No
994,343,Visa,Debit,4828053261714296,2008-03-01,747,NO,1,15277,2001-02-01,2011,No
3953,343,Visa,Debit,4838741431544661,2024-06-01,808,YES,1,14625,2010-07-01,2010,No
2410,343,Visa,Credit,4293283293714115,2010-10-01,346,NO,2,12400,2000-04-01,2007,No
1091,343,Mastercard,Debit,5084262281266937,2010-10-01,599,YES,2,24943,2006-02-01,2012,No
3523,343,Mastercard,Credit,5806194988137545,2021-10-01,655,YES,2,12300,2011-06-01,2011,No
1415,1196,Amex,Credit,313591301980634,2020-02-01,696,YES,2,10900,2020-02-01,2020,No
3637,1196,Visa,Debit,4848365658346021,2024-04-01,472,YES,1,14623,2018-06-01,2018,No
4000,1196,Mastercard,Debit,5215179642753327,2021-06-01,991,YES,2,15017,2012-07-01,2012,No
4542,1196,Visa,Credit,4898915603819946,2020-06-01,656,YES,1,11100,2003-09-01,2011,No
2453,1530,Amex,Credit,338079292992360,2023-04-01,676,YES,1,400,2004-04-01,2009,No
52,1530,Mastercard,Credit,5557818075031918,2021-01-01,978,YES,2,500,2004-01-01,2008,No
1179,1530,Mastercard,Credit,5368997770474837,2024-11-01,813,YES,1,600,2009-02-01,2013,No
5322,1963,Mastercard,Debit,5461853964107432,2020-10-01,157,YES,1,17220,2017-10-01,2017,No
5418,1963,Visa,Debit,4982128140473182,2020-06-01,133,YES,1,29041,2004-11-01,2008,No
3317,1963,Mastercard,Debit,5735308019363324,2024-02-01,502,YES,1,25297,2006-06-01,2006,No
1638,1963,Mastercard,Debit (Prepaid),5287850605380294,2020-05-01,507,YES,1,71,2020-02-01,2020,No
6058,1963,Visa,Debit,4198976754515199,2023-02-01,970,YES,1,21692,2011-12-01,2012,No
3364,1963,Visa,Debit,4714171193381622,2024-11-01,214,YES,1,18384,2007-06-01,2009,No
4565,1963,Visa,Credit,4845860911762398,2023-12-01,234,YES,1,20700,2004-09-01,2012,No
1381,764,Mastercard,Debit,5445576229804926,2021-11-01,764,YES,1,20467,2018-02-01,2018,No
286,764,Visa,Debit,4127768354829504,2020-04-01,462,YES,1,16109,2011-01-01,2011,No
3727,764,Amex,Credit,388934759336158,2024-12-01,161,YES,1,13900,2005-07-01,2012,No
1910,764,Visa,Credit,4066658055142804,2022-01-01,743,YES,1,4400,2020-02-01,2020,No
2136,213,Amex,Credit,343322895436234,2024-02-01,863,YES,2,20400,2007-03-01,2010,No
5291,213,Mastercard,Debit,5245186032047233,2023-05-01,952,YES,2,18074,2014-10-01,2014,No
1639,213,Mastercard,Debit,5257903366583683,2024-05-01,911,YES,1,37778,2020-02-01,2020,No
4954,410,Mastercard,Debit,5568241893888014,2015-01-01,382,YES,2,26822,2001-10-01,2007,No
2801,410,Visa,Credit,4599206670491662,2006-10-01,819,YES,2,15000,1998-05-01,2008,No
1221,1685,Mastercard,Debit,5638911805485528,2023-02-01,857,YES,1,8451,2010-02-01,2010,No
5613,1685,Mastercard,Debit (Prepaid),5456998274620242,2021-07-01,314,YES,2,26,2010-11-01,2017,No
1253,225,Visa,Debit,4556097032146114,2020-12-01,779,YES,1,20661,2010-02-01,2010,No
4382,225,Visa,Debit,4558358311758359,2018-08-01,143,YES,2,16523,2011-08-01,2011,No
432,225,Discover,Credit,6544507337530475,2023-09-01,953,YES,2,16600,2020-01-01,2020,No
4780,225,Mastercard,Credit,5388982948934434,2023-09-01,283,YES,2,14300,2010-09-01,2010,No
608,1210,Mastercard,Debit,5263958724423367,2020-01-01,206,YES,2,6824,2020-01-01,2020,No
4606,1210,Mastercard,Debit,5690113878914790,2023-07-01,318,YES,1,10589,2006-09-01,2015,No
4846,1210,Amex,Credit,347615356543698,2020-10-01,81,YES,2,8600,2013-09-01,2013,No
3403,1210,Visa,Debit,4389969412017990,2020-12-01,347,YES,1,26982,2008-06-01,2008,No
1911,1336,Visa,Credit,4222289017221450,2020-02-01,875,YES,2,15000,2020-02-01,2020,No
5400,576,Amex,Credit,378670171942097,2023-04-01,589,YES,2,8100,2004-11-01,2011,No
5664,576,Visa,Debit,4869825437648368,2022-02-01,137,YES,1,26471,2011-11-01,2011,No
4624,576,Visa,Debit,4930515907295210,2022-08-01,813,NO,1,37656,2006-09-01,2010,No
5968,576,Mastercard,Debit,5080123024859107,2022-08-01,528,YES,2,27947,2009-12-01,2011,No
3057,576,Mastercard,Debit,5940844230264571,2024-01-01,441,YES,1,29465,2010-05-01,2010,No
3600,576,Visa,Debit,4067511304922463,2020-07-01,377,YES,1,21070,2015-06-01,2015,No
2384,576,Mastercard,Debit,5355091629499190,2021-01-01,945,YES,2,27537,2019-03-01,2019,No
4969,1677,Mastercard,Debit,5650667533582383,2022-04-01,228,YES,2,13404,2002-10-01,2018,No
324,1677,Visa,Credit,4051794996672546,2024-10-01,375,YES,2,2400,2013-01-01,2013,No
3080,1969,Visa,Debit,4288810793226677,2015-02-01,453,YES,1,3016,2010-05-01,2011,No
5549,1969,Visa,Debit,4179498334263775,2020-10-01,254,YES,2,32809,2008-11-01,2010,No
4934,1969,Mastercard,Debit,5146650564715215,2024-08-01,331,YES,2,16519,1998-10-01,2015,No
4231,1969,Visa,Debit,4575344947327711,2016-12-01,350,NO,2,28759,2007-08-01,2014,No
4981,1969,Discover,Credit,6242287666379868,2022-01-01,946,YES,1,12300,2003-10-01,2010,No
4142,1431,Visa,Credit,4470331095113773,2012-03-01,388,YES,2,4900,2004-08-01,2010,No
1912,558,Visa,Debit,4313544946550444,2024-07-01,107,YES,1,8980,2020-02-01,2020,No
1640,558,Mastercard,Debit,5266232958018519,2020-02-01,481,YES,1,3402,2020-02-01,2020,No
848,558,Visa,Credit,4405672576511692,2022-12-01,400,YES,2,8800,2020-01-01,2020,No
1254,1482,Visa,Debit,4474303260979464,2021-10-01,877,YES,2,34877,2010-02-01,2012,No
5017,1295,Visa,Credit,4892675252828860,2024-02-01,823,YES,1,9900,2004-10-01,2014,No
3318,1295,Mastercard,Debit,5253054637336998,2020-05-01,162,YES,2,11382,2006-06-01,2009,No
2949,1295,Visa,Credit,4019889574171579,2023-08-01,866,YES,1,7500,2007-05-01,2009,No
609,1295,Mastercard,Debit (Prepaid),5503241746944920,2020-02-01,950,YES,1,72,2020-01-01,2020,No
5567,1468,Mastercard,Debit,5925067526898309,2020-12-01,442,YES,1,26764,2009-11-01,2014,No
3058,1468,Mastercard,Debit,5820539169400556,2010-10-01,359,YES,1,32035,2010-05-01,2014,No
4854,538,Mastercard,Debit,5914363154867761,2014-12-01,861,YES,1,11906,2013-09-01,2013,No
5441,538,Visa,Credit,4648780918814877,2020-06-01,520,YES,2,7000,2005-11-01,2018,No
4161,538,Mastercard,Debit,5885105668024939,2014-12-01,750,YES,2,6993,2005-08-01,2016,No
2396,538,Visa,Debit,4071964441964383,2013-03-01,333,YES,2,1513,1994-04-01,2019,No
1319,748,Mastercard,Debit,5811894674904856,2022-06-01,745,YES,1,18204,2013-02-01,2013,No
2763,748,Mastercard,Debit,5448937090820055,2017-01-01,848,YES,1,20067,2016-04-01,2016,No
1067,748,Visa,Credit,4036090740222579,2020-12-01,776,YES,1,14400,2005-02-01,2012,No
1641,1068,Mastercard,Debit,5479410872087399,2020-02-01,738,YES,1,11355,2020-02-01,2020,No
5343,1068,Visa,Debit,4219340435245396,2023-07-01,98,YES,1,10448,2019-10-01,2019,No
849,1068,Visa,Debit,4376981113186962,2024-12-01,50,YES,1,11573,2020-01-01,2020,No
2967,41,Mastercard,Debit (Prepaid),5383108155927187,2021-05-01,298,YES,1,83,2008-05-01,2011,No
3213,807,Visa,Debit,4261622382091222,2023-03-01,482,NO,1,30903,1999-06-01,2008,No
4889,807,Visa,Debit (Prepaid),4303264440429387,2021-06-01,41,YES,1,91,2015-09-01,2015,No
5299,807,Visa,Debit (Prepaid),4822827268715842,2020-06-01,941,YES,1,62,2014-10-01,2014,No
2813,1430,Mastercard,Debit,5779613966623147,2024-12-01,870,YES,2,1936,2001-05-01,2010,No
2074,1430,Visa,Credit,4243024246722814,2022-01-01,583,YES,1,9100,2004-03-01,2010,No
4383,1430,Visa,Debit,4305528629844067,2021-01-01,143,NO,2,25726,2011-08-01,2011,No
66,1430,Discover,Credit,6955304802437571,2020-03-01,792,YES,1,12200,2005-01-01,2013,No
3987,1430,Visa,Credit,4369343670589371,2022-10-01,814,YES,2,400,2011-07-01,2011,No
4110,1873,Mastercard,Debit,5359861682152634,2021-02-01,722,YES,2,20042,2002-08-01,2006,No
4741,1873,Visa,Credit,4745779615480432,2016-07-01,502,YES,1,7700,2009-09-01,2009,No
306,1873,Visa,Debit (Prepaid),4329819283337925,2024-12-01,529,NO,2,60,2012-01-01,2012,No
1642,204,Mastercard,Debit,5190461528175420,2020-02-01,4,YES,2,18725,2020-02-01,2020,No
1913,424,Visa,Credit,4389517849777066,2021-05-01,53,YES,1,11100,2020-02-01,2020,No
610,424,Mastercard,Debit,5000442144363524,2022-06-01,674,YES,2,38,2020-01-01,2020,No
5052,980,Mastercard,Debit,5649821845348821,2020-04-01,169,YES,1,14185,2006-10-01,2006,No
181,980,Visa,Debit,4308765406643901,2011-08-01,699,YES,1,16094,2008-01-01,2010,No
1643,980,Mastercard,Debit,5957544477315197,2021-07-01,463,YES,1,26819,2020-02-01,2020,No
2454,980,Amex,Credit,338659584396426,2021-10-01,68,YES,2,14600,2004-04-01,2013,No
6059,980,Visa,Credit,4289189526229154,2021-02-01,488,YES,2,5800,2011-12-01,2011,No
4855,980,Mastercard,Debit,5704958659332156,2016-04-01,568,YES,1,16789,2013-09-01,2013,No
4409,980,Mastercard,Debit,5673842014857957,2020-09-01,763,YES,1,14213,2013-08-01,2013,No
4919,1415,Visa,Credit,4344540573987357,2021-01-01,594,YES,2,6400,2018-09-01,2018,No
850,600,Visa,Debit,4628407111158555,2020-04-01,458,YES,1,18373,2020-01-01,2020,No
4328,652,Mastercard,Debit,5517224248010481,2024-12-01,348,YES,1,16203,2010-08-01,2010,No
2502,652,Amex,Credit,399097109736535,2023-12-01,311,YES,2,16500,2006-04-01,2016,No
4293,652,Mastercard,Debit,5481971913958210,2023-07-01,8,YES,1,19962,2009-08-01,2012,No
4607,652,Mastercard,Debit (Prepaid),5402354343498416,2020-02-01,437,YES,2,52,2006-09-01,2011,No
1197,652,Visa,Debit,4493414838028913,2020-02-01,504,YES,2,2045,2009-02-01,2014,No
1255,652,Visa,Debit,4874919817321914,2023-02-01,392,YES,2,21607,2010-02-01,2018,No
5492,1129,Mastercard,Debit,5988252449836290,2015-01-01,438,YES,2,18109,2007-11-01,2010,No
102,1129,Mastercard,Debit,5874992802287595,2020-05-01,256,YES,1,14802,2006-01-01,2008,No
2677,1129,Mastercard,Credit,5744954381314398,2022-06-01,501,YES,1,7600,2011-04-01,2011,No
5852,885,Discover,Credit,6566463560968460,2021-06-01,495,YES,1,9000,2006-12-01,2006,No
5086,885,Mastercard,Debit (Prepaid),5231994842307044,2023-05-01,580,YES,1,63,2007-10-01,2013,No
6005,885,Mastercard,Debit,5049088411909571,2022-11-01,311,YES,2,7784,2010-12-01,2014,No
4256,1899,Mastercard,Debit,5916336011141361,2009-11-01,356,YES,1,29761,2008-08-01,2010,No
5969,1899,Mastercard,Debit (Prepaid),5337733184380403,2023-04-01,710,YES,1,64,2009-12-01,2011,No
3365,1369,Visa,Credit,4182511939315930,2020-11-01,806,YES,2,9000,2007-06-01,2009,No
5792,1369,Mastercard,Debit,5168890534725782,2024-10-01,731,YES,2,14716,2003-12-01,2012,No
3059,1057,Mastercard,Debit,5057040773022396,2015-09-01,546,YES,1,23395,2010-05-01,2020,No
5464,1302,Mastercard,Debit,5867658090755003,2024-02-01,205,YES,1,9883,2006-11-01,2010,No
3203,1302,Mastercard,Debit,5129159719934931,2020-02-01,886,NO,1,8993,2019-05-01,2019,No
5632,1302,Visa,Credit,4893597498035434,2020-04-01,242,YES,2,7900,2010-11-01,2015,No
3972,1302,Mastercard,Debit (Prepaid),5879022986680568,2022-10-01,616,YES,2,13,2011-07-01,2014,No
3871,415,Visa,Credit,4150374459354985,2023-05-01,806,YES,1,9400,2008-07-01,2012,No
5344,415,Visa,Credit,4678217870259696,2024-11-01,760,YES,2,8000,2019-10-01,2019,No
3225,415,Mastercard,Debit,5411021821466207,2021-01-01,274,YES,1,17527,2001-06-01,2005,No
6088,415,Mastercard,Debit,5266997540698930,2022-02-01,791,YES,1,11818,2013-12-01,2013,No
2348,83,Visa,Credit,4522988269777230,2023-12-01,288,YES,2,11600,2015-03-01,2015,No
851,1093,Visa,Credit,4814923765143603,2021-09-01,535,YES,1,12600,2020-01-01,2020,No
5198,28,Mastercard,Debit,5428995792004092,2021-01-01,800,NO,1,13896,2010-10-01,2010,No
2678,28,Mastercard,Credit,5623379608463304,2024-01-01,922,YES,1,16400,2011-04-01,2011,No
2568,28,Mastercard,Debit,5957565102001219,2015-03-01,686,YES,2,29717,2008-04-01,2008,No
852,28,Visa,Debit,4342002053844654,2024-04-01,263,YES,1,17431,2020-01-01,2020,No
5529,33,Mastercard,Debit,5059695419276531,2022-03-01,447,YES,2,11584,2008-11-01,2012,No
1357,33,Mastercard,Credit,5773848829447492,2016-07-01,833,YES,2,9000,2015-02-01,2015,No
5120,33,Mastercard,Credit,5573389122398768,2020-02-01,526,YES,1,7400,2008-10-01,2009,No
2252,33,Mastercard,Debit,5589655270470549,2017-09-01,213,YES,2,13829,2010-03-01,2016,No
2404,33,Mastercard,Debit,5121416562354073,2024-04-01,857,YES,2,4589,1999-04-01,2011,No
4742,1646,Visa,Credit,4986044513118660,2022-03-01,231,YES,2,9000,2009-09-01,2011,No
5652,1646,Mastercard,Credit,5207616824194251,2022-05-01,511,YES,2,9900,2011-11-01,2011,No
2276,1646,Mastercard,Debit,5298309501417982,2021-08-01,208,YES,1,11153,2011-03-01,2011,No
5314,1646,Mastercard,Debit,5234825249935945,2018-04-01,625,NO,1,10671,2016-10-01,2016,No
4045,1646,Mastercard,Debit,5887429452492053,2024-10-01,119,NO,1,12470,2016-07-01,2016,No
1644,1847,Mastercard,Credit,5867570165176438,2023-03-01,549,YES,2,8700,2020-02-01,2020,No
310,1152,Discover,Credit,6994498161251218,2024-04-01,477,YES,1,7200,2013-01-01,2013,No
6080,134,Amex,Credit,307803547813264,2021-04-01,18,YES,2,4700,2013-12-01,2013,No
5991,134,Amex,Credit,390245051618518,2012-07-01,198,YES,2,10400,2010-12-01,2013,No
6120,134,Mastercard,Credit,5270343966236915,2022-08-01,997,YES,1,9400,2016-12-01,2016,No
611,134,Mastercard,Debit,5633930742392356,2020-02-01,560,YES,1,27290,2020-01-01,2020,No
853,188,Visa,Debit (Prepaid),4395456828660430,2020-01-01,402,YES,1,68,2020-01-01,2020,No
854,188,Visa,Debit,4012324054921748,2020-05-01,701,YES,2,41713,2020-01-01,2020,No
2242,220,Amex,Credit,314281190779481,2023-03-01,430,YES,1,17200,2010-03-01,2015,No
3954,220,Visa,Debit,4604354040195938,2020-05-01,401,YES,1,23018,2010-07-01,2018,No
1645,220,Mastercard,Debit (Prepaid),5423661517740499,2022-04-01,925,YES,1,2,2020-02-01,2020,No
2697,220,Mastercard,Credit,5572404956005534,2024-12-01,905,YES,3,23500,2012-04-01,2012,No
4043,1343,Amex,Credit,356195833030022,2022-02-01,538,YES,1,5300,2016-07-01,2016,No
612,1343,Mastercard,Debit,5197164080750347,2022-12-01,636,NO,2,12738,2020-01-01,2020,No
855,1343,Visa,Credit,4773629437759091,2022-06-01,576,YES,1,8700,2020-01-01,2020,No
856,1343,Visa,Debit,4361605243954258,2021-05-01,833,YES,2,5752,2020-01-01,2020,No
2329,1930,Mastercard,Debit,5965080957028592,2020-11-01,934,YES,1,15416,2014-03-01,2014,No
613,1930,Mastercard,Debit (Prepaid),5974769461650566,2023-05-01,718,YES,1,73,2020-01-01,2020,No
614,1930,Mastercard,Credit,5298746204483252,2022-10-01,840,YES,1,15700,2020-01-01,2020,No
1646,1260,Mastercard,Credit,5302098419670472,2021-05-01,517,YES,1,10100,2020-02-01,2020,No
6081,1260,Amex,Credit,362698516441740,2024-07-01,439,YES,2,0,2013-12-01,2013,No
857,1260,Visa,Credit,4010376046923246,2022-07-01,312,YES,1,11000,2020-01-01,2020,No
3773,96,Mastercard,Credit,5718500802654438,2024-12-01,293,YES,1,18300,2006-07-01,2008,No
3695,96,Mastercard,Debit,5481724154378262,2023-04-01,952,YES,2,19959,2003-07-01,2013,No
361,96,Visa,Credit,4304215035213802,2020-10-01,370,YES,2,24300,2017-01-01,2017,No
5175,96,Visa,Credit,4395260796436247,2021-07-01,152,NO,2,18900,2009-10-01,2013,No
4878,1166,Visa,Debit,4890865865158493,2014-11-01,441,YES,1,14574,2014-09-01,2014,No
1222,1166,Mastercard,Credit,5702377806791449,2021-08-01,548,YES,2,14100,2010-02-01,2010,No
5822,1166,Visa,Debit,4867627629631267,2012-12-01,333,YES,2,23737,2004-12-01,2010,No
2649,1533,Mastercard,Credit,5946485614560585,2021-04-01,261,YES,1,11800,2010-04-01,2013,No
3097,1533,Mastercard,Debit,5118758087775711,2022-06-01,993,YES,2,27594,2011-05-01,2011,No
4625,1533,Visa,Credit,4126905879157834,2023-03-01,238,YES,2,15300,2006-09-01,2010,No
858,88,Visa,Credit,4840341118663097,2024-04-01,876,YES,1,4800,2020-01-01,2020,No
3226,1451,Mastercard,Debit,5004479479624202,2024-06-01,206,YES,1,34319,2001-06-01,2013,No
3790,1451,Visa,Debit,4169042875650887,2013-04-01,941,YES,2,10831,2006-07-01,2011,No
250,1451,Visa,Debit,4138363239181107,2023-03-01,48,YES,1,20475,2010-01-01,2015,No
5530,1451,Mastercard,Credit,5570191239646204,2015-03-01,625,NO,2,6500,2008-11-01,2011,No
6006,57,Mastercard,Debit,5134306678651092,2020-02-01,796,YES,2,17614,2010-12-01,2013,No
6069,1335,Mastercard,Debit,5260369873454704,2020-12-01,963,YES,2,51133,2012-12-01,2012,No
615,1335,Mastercard,Debit (Prepaid),5893866156194799,2024-07-01,421,YES,1,115,2020-01-01,2020,No
2330,1335,Mastercard,Debit (Prepaid),5771619649186816,2020-09-01,504,YES,1,54,2014-03-01,2014,No
3583,1335,Mastercard,Debit,5852720136795701,2023-08-01,35,YES,2,32036,2014-06-01,2014,No
5066,816,Visa,Debit,4426138047544539,2020-06-01,937,YES,2,13593,2006-10-01,2006,No
2968,816,Mastercard,Debit,5499461944095274,2022-02-01,35,YES,2,13343,2008-05-01,2011,No
3774,816,Mastercard,Debit,5088684137633769,2024-05-01,987,YES,2,6103,2006-07-01,2008,No
3891,816,Mastercard,Debit,5879315999568109,2016-06-01,459,YES,1,2646,2009-07-01,2015,No
4468,816,Amex,Credit,317788535363713,2021-08-01,583,YES,1,9200,2018-08-01,2018,No
404,1081,Amex,Credit,308645722065737,2021-06-01,218,YES,2,21200,2020-01-01,2020,No
3427,1081,Mastercard,Credit,5741278205602111,2024-01-01,414,YES,1,10400,2009-06-01,2010,No
3892,1081,Mastercard,Debit,5307705411215347,2022-07-01,574,YES,1,27377,2009-07-01,2016,No
5568,1385,Mastercard,Credit,5050755589048179,2024-10-01,657,YES,1,20900,2009-11-01,2010,No
3807,1385,Mastercard,Debit,5045568837955027,2024-04-01,43,YES,2,39632,2007-07-01,2013,No
4955,1385,Mastercard,Debit (Prepaid),5570718950254395,2020-01-01,437,YES,2,44,2001-10-01,2013,No
4344,1385,Visa,Debit,4690085698241971,2021-01-01,125,YES,1,48489,2010-08-01,2014,No
4190,1385,Visa,Debit,4338834700731550,2008-01-01,529,YES,2,32725,2006-08-01,2013,No
1256,1385,Visa,Debit,4083090955300562,2022-12-01,259,YES,2,36940,2010-02-01,2010,No
405,1125,Amex,Credit,394025181428995,2020-09-01,465,YES,1,23100,2020-01-01,2020,No
616,1125,Mastercard,Debit,5534546903363095,2022-12-01,833,YES,1,41040,2020-01-01,2020,No
4881,1125,Amex,Credit,331368783471362,2021-12-01,673,YES,2,13200,2015-09-01,2015,No
3601,1125,Visa,Debit,4218957266147893,2021-05-01,909,YES,2,29200,2015-06-01,2015,No
617,1952,Mastercard,Debit,5134582028672733,2022-10-01,955,YES,3,13831,2020-01-01,2020,No
1647,1870,Mastercard,Credit,5936696982149215,2024-03-01,2,NO,1,18900,2020-02-01,2020,No
1914,1870,Visa,Debit,4680529603481904,2020-02-01,619,YES,1,39850,2020-02-01,2020,No
5984,1345,Visa,Credit,4237922362360030,2020-09-01,228,YES,1,13900,2009-12-01,2011,No
2497,1345,Visa,Debit,4238638738530462,2020-12-01,310,YES,2,17470,2005-04-01,2008,No
2187,1345,Mastercard,Debit,5401027644157329,2021-09-01,636,YES,1,2267,2008-03-01,2014,No
2234,1345,Visa,Debit,4957976241533689,2014-04-01,976,YES,2,4031,2009-03-01,2014,No
4208,1345,Mastercard,Debit,5918431905940133,2023-11-01,600,YES,2,21833,2007-08-01,2011,No
287,1345,Visa,Debit,4988009818611006,2021-05-01,45,YES,2,16857,2011-01-01,2017,No
5633,1345,Visa,Debit,4559661567211049,2023-05-01,584,NO,1,2518,2010-11-01,2010,No
3775,1345,Mastercard,Debit,5137677910118616,2020-03-01,394,YES,2,12863,2006-07-01,2010,No
3060,1695,Mastercard,Credit,5064256706957228,2022-07-01,302,YES,2,12700,2010-05-01,2015,No
114,1695,Visa,Debit,4038689742921264,2021-12-01,770,YES,3,2851,2006-01-01,2007,No
48,1695,Amex,Credit,334769960118945,2020-06-01,735,YES,2,4100,2004-01-01,2004,No
274,1695,Mastercard,Debit,5322366368652292,2016-01-01,702,YES,2,20838,2011-01-01,2011,No
1648,1906,Mastercard,Debit,5092224613044033,2020-10-01,419,YES,2,2721,2020-02-01,2020,No
2834,1985,Visa,Credit,4000146965265890,2023-07-01,14,YES,1,400,2002-05-01,2018,No
4781,1985,Mastercard,Debit,5733036423097085,2020-03-01,72,YES,2,416,2010-09-01,2010,No
4085,1985,Mastercard,Debit,5461658879915684,2024-12-01,595,YES,2,625,1996-08-01,2014,No
1095,1604,Visa,Debit,4636387668938198,2022-09-01,597,YES,2,20858,2006-02-01,2011,No
5653,1604,Mastercard,Credit,5196692562051331,2011-11-01,626,YES,2,11200,2011-11-01,2013,No
2950,1604,Visa,Credit,4831831757232994,2023-02-01,528,YES,2,8800,2007-05-01,2009,No
2207,1604,Visa,Debit,4916961241194205,2024-12-01,919,YES,1,10360,2008-03-01,2009,No
6077,1604,Visa,Debit,4135358669694440,2013-07-01,903,YES,1,11578,2012-12-01,2012,No
2188,1604,Mastercard,Debit,5187136842441558,2020-07-01,264,YES,2,13016,2008-03-01,2008,No
3185,1604,Visa,Debit,4756917754933725,2021-07-01,915,YES,1,13754,2016-05-01,2016,No
1649,1933,Mastercard,Debit (Prepaid),5373505226427671,2021-12-01,114,YES,1,91,2020-02-01,2020,No
1915,1933,Visa,Debit,4146946026841288,2020-02-01,69,YES,2,2094,2020-02-01,2020,No
2766,649,Visa,Debit,4094691617950058,2020-07-01,376,YES,1,14558,2016-04-01,2016,No
1376,649,Visa,Debit,4974987012125947,2023-03-01,50,YES,2,46342,2017-02-01,2017,No
3737,649,Mastercard,Credit,5880421569309045,2023-12-01,504,YES,1,17400,2005-07-01,2016,No
1223,649,Mastercard,Debit,5155724078477847,2024-06-01,606,YES,2,11401,2010-02-01,2016,No
251,649,Visa,Debit,4827129780511983,2024-03-01,941,YES,1,8280,2010-01-01,2010,No
2105,649,Discover,Credit,6267383831462523,2012-12-01,640,YES,1,0,2006-03-01,2008,No
4191,649,Visa,Debit (Prepaid),4111624635847209,2007-02-01,918,YES,1,72,2006-08-01,2011,No
4345,1486,Visa,Credit,4832062433813256,2020-06-01,469,YES,1,9600,2010-08-01,2011,No
1138,1744,Discover,Credit,6093726906729137,2024-11-01,528,YES,2,10000,2008-02-01,2011,No
4209,1744,Mastercard,Debit,5842473997881247,2024-03-01,157,YES,1,10025,2007-08-01,2010,No
133,1744,Mastercard,Debit,5802694499966898,2022-12-01,808,YES,1,9777,2007-01-01,2009,No
1650,1272,Mastercard,Debit,5589068436851289,2021-04-01,771,YES,1,8807,2020-02-01,2020,No
3776,400,Mastercard,Debit (Prepaid),5191871350541392,2018-06-01,642,YES,1,92,2006-07-01,2008,No
3852,400,Mastercard,Credit,5615229543290163,2011-05-01,438,YES,1,11400,2008-07-01,2014,No
3973,400,Mastercard,Debit,5484162566176355,2011-11-01,950,YES,2,16687,2011-07-01,2011,No
2507,400,Mastercard,Debit,5220792086851068,2009-05-01,840,YES,2,3974,2006-04-01,2011,No
5241,1994,Mastercard,Debit,5947340712205085,2016-09-01,43,YES,1,23768,2011-10-01,2011,No
3974,1994,Mastercard,Debit (Prepaid),5978888711772678,2022-08-01,938,YES,1,63,2011-07-01,2011,No
6032,1994,Visa,Credit,4290514131698271,2023-12-01,197,YES,1,21600,2010-12-01,2010,No
2349,572,Visa,Debit,4204698331499701,2024-03-01,98,YES,1,23157,2015-03-01,2015,No
1916,572,Visa,Debit (Prepaid),4867647786729305,2020-02-01,504,YES,2,54,2020-02-01,2020,No
2650,1442,Mastercard,Debit,5370998800503323,2021-06-01,122,YES,2,11986,2010-04-01,2015,No
5814,1853,Mastercard,Credit,5987609830796877,2022-05-01,619,YES,1,12600,2004-12-01,2009,No
6043,1853,Mastercard,Debit,5693761531134263,2021-02-01,876,YES,2,4340,2011-12-01,2012,No
1034,1853,Mastercard,Debit,5722400079160426,2024-01-01,357,NO,2,8149,2004-02-01,2007,No
5654,556,Mastercard,Debit,5455392892256793,2023-01-01,356,YES,1,23688,2011-11-01,2011,No
2,556,Mastercard,Debit,5889825928297675,2021-09-01,422,YES,1,19948,1995-01-01,2011,No
1917,1960,Visa,Debit (Prepaid),4424096582531662,2021-04-01,325,NO,2,69,2020-02-01,2020,No
4527,321,Visa,Credit,4284589688472750,2005-05-01,664,YES,1,9400,2002-09-01,2006,No
293,321,Amex,Credit,324067922186663,2018-08-01,194,YES,1,3300,2012-01-01,2012,No
35,321,Discover,Credit,6707808786309873,2011-05-01,449,YES,2,11100,2003-01-01,2004,No
5755,321,Mastercard,Debit,5142952666869355,2024-01-01,376,YES,2,23792,1998-12-01,2012,No
4364,483,Mastercard,Debit,5115060727983375,2020-09-01,594,YES,2,13224,2011-08-01,2011,No
5369,483,Mastercard,Credit,5114764385128888,2004-12-01,380,YES,1,10700,2001-11-01,2009,No
2121,483,Mastercard,Credit,5040568504566033,2024-04-01,96,YES,2,13100,2006-03-01,2009,No
5219,404,Visa,Credit,4168726918316832,2024-07-01,482,YES,1,10900,2010-10-01,2010,No
4346,1510,Visa,Credit,4529046868574613,2013-11-01,294,YES,1,6600,2010-08-01,2011,No
1257,1510,Visa,Credit,4051609818366867,2011-11-01,795,YES,1,11400,2010-02-01,2012,No
859,916,Visa,Debit,4521242827079498,2023-03-01,320,YES,1,15847,2020-01-01,2020,No
860,916,Visa,Debit,4008657278264133,2020-05-01,196,YES,1,13006,2020-01-01,2020,No
40,1635,Mastercard,Debit,5488012775349767,2008-10-01,697,YES,2,5029,2003-01-01,2009,No
1309,1635,Visa,Credit,4029286233026672,2023-09-01,218,YES,2,15000,2012-02-01,2012,No
6044,1635,Mastercard,Debit,5269354095711843,2021-02-01,905,YES,2,14348,2011-12-01,2011,No
115,1635,Visa,Debit,4237044992015683,2022-10-01,443,YES,2,24876,2006-01-01,2009,No
618,1635,Mastercard,Debit,5604394692366741,2024-06-01,406,YES,2,13523,2020-01-01,2020,No
381,1635,Mastercard,Debit,5683839446492033,2023-04-01,587,YES,1,21434,2019-01-01,2019,No
2535,1384,Mastercard,Debit,5274366987658812,2016-05-01,441,YES,1,19206,2007-04-01,2011,No
5229,1384,Discover,Credit,6648294893325479,2014-03-01,949,YES,2,15000,2011-10-01,2011,No
3723,1384,Visa,Debit,4025390379737737,2020-02-01,473,YES,2,24617,2004-07-01,2006,No
3171,943,Discover,Credit,6208996174626373,2023-02-01,640,YES,2,6600,2016-05-01,2016,No
5351,1236,Mastercard,Debit,5929990861229924,2024-01-01,459,YES,1,4304,1997-11-01,2012,No
85,1236,Visa,Debit,4386430445774428,2019-03-01,555,YES,2,1269,2005-01-01,2013,No
5815,1236,Mastercard,Debit,5108584140975701,2023-06-01,123,YES,1,3458,2004-12-01,2013,No
4101,1236,Mastercard,Debit,5445062676850026,2022-09-01,337,NO,2,6775,2001-08-01,2012,No
2369,1236,Visa,Credit,4788127455899674,2021-01-01,710,YES,1,8800,2017-03-01,2017,No
6142,1236,Mastercard,Debit,5791756986936871,2024-11-01,196,YES,1,12223,2019-12-01,2019,No
1918,969,Visa,Debit,4728777894194126,2020-12-01,480,YES,2,13478,2020-02-01,2020,No
619,969,Mastercard,Debit,5935282226409440,2020-11-01,222,YES,1,19578,2020-01-01,2020,No
861,969,Visa,Debit,4548788317386784,2024-04-01,930,YES,2,2944,2020-01-01,2020,No
1651,508,Mastercard,Debit,5535009995730324,2023-03-01,63,YES,1,20773,2020-02-01,2020,No
1652,508,Mastercard,Debit,5355589517294786,2022-01-01,850,YES,2,24203,2020-02-01,2020,No
620,508,Mastercard,Debit (Prepaid),5058598107512732,2020-07-01,451,YES,2,98,2020-01-01,2020,No
3428,496,Mastercard,Debit,5432833513022597,2020-11-01,312,YES,2,2727,2009-06-01,2014,No
4517,496,Amex,Credit,317569527961909,2023-03-01,740,YES,2,6800,2002-09-01,2002,No
3186,496,Visa,Debit,4602655731592723,2019-03-01,673,YES,1,22516,2016-05-01,2016,No
5806,496,Discover,Credit,6399050710218197,2021-12-01,413,YES,2,11500,2004-12-01,2009,No
5176,450,Visa,Debit,4302881392511495,2021-12-01,79,NO,2,15214,2009-10-01,2010,No
862,450,Visa,Debit,4417073426918706,2024-12-01,403,YES,2,23687,2020-01-01,2020,No
4192,450,Visa,Debit,4672018031116294,2021-11-01,314,YES,1,18048,2006-08-01,2007,No
5634,1753,Visa,Debit,4613268743262267,2020-03-01,131,YES,1,25102,2010-11-01,2014,No
2987,304,Visa,Debit,4353880576731238,2022-01-01,425,YES,2,13773,2008-05-01,2008,No
4365,304,Mastercard,Debit,5199593781302958,2021-05-01,864,YES,1,12892,2011-08-01,2011,No
5667,839,Amex,Credit,359230628127716,2019-05-01,198,YES,2,6600,2012-11-01,2012,No
3187,839,Visa,Debit,4661359494660870,2024-04-01,259,YES,2,25650,2016-05-01,2016,No
4725,839,Mastercard,Debit,5995510727358219,2020-06-01,873,YES,2,37192,2009-09-01,2010,No
4608,138,Mastercard,Debit,5243935173726742,2021-04-01,608,YES,1,5779,2006-09-01,2014,No
2820,138,Visa,Debit,4036369476300576,2023-08-01,682,YES,1,13325,2001-05-01,2011,No
5422,138,Amex,Credit,344071694724842,2023-01-01,346,YES,1,4000,2005-11-01,2009,No
2807,138,Amex,Credit,323444546475230,2023-02-01,788,YES,1,6900,2000-05-01,2012,No
4912,43,Mastercard,Debit,5971471233715173,2023-10-01,760,YES,1,35702,2017-09-01,2017,No
1416,43,Amex,Credit,332244260422916,2024-08-01,240,YES,1,13200,2020-02-01,2020,No
5740,43,Visa,Credit,4190991721490115,2020-03-01,326,YES,2,21700,2018-11-01,2018,No
863,43,Visa,Credit,4919539941598159,2020-08-01,561,NO,1,13700,2020-01-01,2020,No
864,1187,Visa,Debit,4354373957390483,2020-10-01,188,YES,1,24389,2020-01-01,2020,No
2385,1187,Mastercard,Debit (Prepaid),5874661434134402,2020-02-01,293,YES,2,74,2019-03-01,2019,No
91,1187,Amex,Credit,307297025936750,2020-12-01,918,YES,1,12100,2006-01-01,2011,No
5121,849,Mastercard,Debit,5850811144559937,2022-11-01,655,YES,1,16640,2008-10-01,2009,No
3477,849,Mastercard,Debit,5311017800546224,2013-09-01,133,YES,1,14889,2010-06-01,2011,No
3823,849,Visa,Debit,4944351254118665,2021-06-01,741,YES,1,19080,2007-07-01,2010,No
3169,654,Visa,Credit,4589986776113951,2023-10-01,678,NO,2,7600,2015-05-01,2015,No
5352,1898,Mastercard,Debit,5625758363027280,2023-03-01,881,YES,2,14525,1997-11-01,2014,No
1068,1898,Visa,Debit,4045049141463000,2020-02-01,604,YES,1,15636,2005-02-01,2014,No
5122,1898,Mastercard,Debit,5751381604807658,2023-08-01,244,YES,2,13296,2008-10-01,2016,No
4543,1898,Visa,Credit,4307225452598898,2023-03-01,672,NO,2,10100,2003-09-01,2011,No
2423,1898,Visa,Debit,4632658313488911,2024-09-01,732,NO,1,36412,2001-04-01,2007,No
4566,1971,Visa,Debit,4328249998295607,2023-11-01,853,YES,1,4589,2004-09-01,2012,No
3293,1971,Mastercard,Debit,5670267603066033,2020-02-01,875,YES,1,17474,2005-06-01,2015,No
406,1020,Amex,Credit,375947824371679,2024-05-01,928,YES,1,12000,2020-01-01,2020,No
1417,1020,Amex,Credit,354491217269737,2020-02-01,772,YES,1,16900,2020-02-01,2020,No
1224,1020,Mastercard,Debit,5295246280473124,2023-07-01,117,YES,1,26277,2010-02-01,2010,No
2728,1020,Mastercard,Debit,5716337574011958,2020-02-01,231,YES,1,26317,2014-04-01,2014,No
4062,22,Visa,Credit,4568990237174716,2022-01-01,624,YES,2,13600,2017-07-01,2017,No
1653,436,Mastercard,Debit,5729297445419728,2024-08-01,288,NO,2,21540,2020-02-01,2020,No
1342,1823,Mastercard,Debit,5395349112538164,2020-03-01,34,YES,1,37468,2014-02-01,2014,No
5177,1823,Visa,Debit,4686195455656898,2021-04-01,292,NO,1,27864,2009-10-01,2012,No
3638,1823,Visa,Debit (Prepaid),4553257553445993,2020-02-01,55,NO,1,65,2018-06-01,2018,No
4048,1823,Visa,Debit,4597236520104139,2020-03-01,389,YES,1,31842,2016-07-01,2016,No
3244,1823,Visa,Credit,4206248084502476,2020-03-01,545,YES,2,14900,2002-06-01,2011,No
3201,1823,Visa,Credit,4907569031158213,2024-08-01,170,YES,2,12400,2018-05-01,2018,No
5242,589,Mastercard,Debit,5847682490938899,2020-12-01,383,YES,2,14094,2011-10-01,2018,No
4497,589,Mastercard,Debit,5025895057524839,2021-01-01,367,YES,1,8962,1999-09-01,2011,No
2277,49,Mastercard,Debit,5746888458694762,2018-02-01,646,YES,1,15510,2011-03-01,2011,No
3061,49,Mastercard,Debit,5463153984541850,2024-06-01,13,YES,1,20311,2010-05-01,2012,No
3955,49,Visa,Debit,4655468499465057,2023-09-01,303,YES,1,13492,2010-07-01,2010,No
1654,1350,Mastercard,Debit,5557084446860843,2022-02-01,77,YES,2,10015,2020-02-01,2020,No
4257,1525,Mastercard,Debit (Prepaid),5842764862143149,2023-12-01,478,YES,1,77,2008-08-01,2009,No
1077,1525,Amex,Credit,316712270679687,2022-05-01,946,YES,1,8200,2006-02-01,2016,No
3853,1525,Mastercard,Debit (Prepaid),5095132989101394,2019-10-01,88,YES,2,50,2008-07-01,2008,No
4726,1525,Mastercard,Debit,5501198442764705,2010-09-01,847,YES,1,297,2009-09-01,2009,No
5493,69,Mastercard,Credit,5542688229083627,2022-12-01,439,YES,1,9300,2007-11-01,2014,No
2062,69,Mastercard,Debit,5859732793534498,2023-06-01,348,YES,2,24425,2004-03-01,2006,No
252,69,Visa,Credit,4565836303791159,2021-09-01,441,YES,2,3900,2010-01-01,2010,No
2514,69,Visa,Debit,4952248755072919,2020-04-01,398,YES,1,21098,2006-04-01,2009,No
5253,69,Visa,Credit,4550312126148406,2020-01-01,957,YES,1,10800,2011-10-01,2013,No
3294,69,Mastercard,Debit,5707448794545768,2024-06-01,39,YES,2,6817,2005-06-01,2016,No
62,234,Visa,Credit,4651180699756033,2024-02-01,460,YES,1,12600,2004-01-01,2011,No
5370,234,Mastercard,Debit (Prepaid),5896780709526638,2010-11-01,903,NO,1,42,2001-11-01,2004,No
5861,234,Mastercard,Credit,5888879465203741,2009-12-01,88,YES,2,6400,2006-12-01,2009,No
4799,234,Visa,Credit,4618393100129362,2020-07-01,775,YES,1,9800,2010-09-01,2011,No
2052,234,Visa,Debit,4081263773546457,2023-07-01,64,YES,1,4750,2003-03-01,2011,No
5178,234,Visa,Debit,4321384766522664,2021-08-01,682,NO,2,6532,2009-10-01,2009,No
2355,608,Mastercard,Debit,5446273979485247,2022-11-01,233,YES,1,1044,2016-03-01,2016,No
2278,608,Mastercard,Debit,5521214390191681,2018-09-01,672,YES,1,746,2011-03-01,2011,No
1655,608,Mastercard,Debit (Prepaid),5098538543569884,2020-02-01,816,YES,1,61,2020-02-01,2020,No
5494,1064,Mastercard,Debit (Prepaid),5791031552039031,2008-10-01,655,YES,2,58,2007-11-01,2015,No
4567,374,Visa,Debit,4340110703036077,2022-05-01,710,YES,1,18771,2004-09-01,2009,No
5100,374,Visa,Debit,4892346599778032,2023-01-01,219,YES,1,17108,2007-10-01,2007,No
1919,374,Visa,Debit,4202710228630182,2023-10-01,579,YES,1,12446,2020-02-01,2020,No
3791,374,Visa,Credit,4300760560641973,2021-01-01,406,YES,1,8200,2006-07-01,2013,No
2569,374,Mastercard,Debit,5166839761897522,2022-05-01,983,YES,2,7081,2008-04-01,2010,No
1358,286,Mastercard,Debit,5601172841459295,2024-02-01,29,YES,1,23009,2015-02-01,2015,No
6092,286,Visa,Debit,4657379115764717,2017-11-01,578,YES,2,17973,2013-12-01,2013,No
4450,286,Mastercard,Debit,5843688837981178,2023-10-01,880,YES,1,12254,2015-08-01,2015,No
4782,286,Mastercard,Debit,5928230249203938,2022-08-01,212,YES,1,20799,2010-09-01,2010,No
2463,1419,Mastercard,Debit,5809172741821189,2021-03-01,282,YES,2,27320,2004-04-01,2008,No
4840,1435,Visa,Debit,4372566654697981,2023-09-01,83,YES,2,34818,2012-09-01,2012,No
2360,1435,Visa,Debit,4789580361652931,2020-10-01,216,YES,2,38837,2016-03-01,2016,No
4294,1435,Mastercard,Credit,5427161135500744,2024-03-01,304,YES,2,23500,2009-08-01,2020,No
1343,1683,Mastercard,Debit,5688998474789359,2020-06-01,292,YES,1,13014,2014-02-01,2014,No
5044,1683,Amex,Credit,314195561633807,2023-05-01,296,YES,2,5500,2006-10-01,2017,No
4697,1683,Visa,Debit,4635941322761456,2020-03-01,691,YES,2,5949,2008-09-01,2008,No
4698,727,Visa,Credit,4379930917559486,2023-11-01,210,YES,2,10700,2008-09-01,2010,No
3808,727,Mastercard,Debit,5215692889951889,2022-04-01,134,YES,1,12451,2007-07-01,2008,No
1920,727,Visa,Credit,4751378907766314,2024-04-01,254,YES,2,6700,2020-02-01,2020,No
4295,727,Mastercard,Debit,5252574971670597,2018-04-01,920,YES,1,19086,2009-08-01,2011,No
2665,727,Visa,Credit,4116639367344725,2021-05-01,923,YES,2,9700,2010-04-01,2016,No
5896,1150,Mastercard,Credit,5974021114272858,2008-09-01,886,YES,2,17200,2007-12-01,2010,No
4672,1150,Mastercard,Debit,5770382684241108,2015-06-01,832,YES,2,29486,2008-09-01,2008,No
1225,1150,Mastercard,Credit,5587070999180300,2023-04-01,335,YES,2,9700,2010-02-01,2011,No
4856,1150,Mastercard,Debit,5768399039617120,2022-07-01,221,YES,2,20111,2013-09-01,2013,No
2551,1150,Visa,Credit,4320443111658308,2021-10-01,613,YES,1,13200,2007-04-01,2014,No
4484,332,Visa,Debit,4400145099296126,2020-07-01,57,YES,1,29728,2019-08-01,2019,No
5816,332,Mastercard,Credit,5516802254742641,2024-10-01,160,NO,1,7900,2004-12-01,2012,No
1198,332,Visa,Debit,4673279351880301,2023-07-01,339,YES,2,12106,2009-02-01,2009,No
253,332,Visa,Debit,4680771406185126,2013-01-01,913,YES,1,7452,2010-01-01,2018,No
1656,487,Mastercard,Debit,5459374115989094,2021-07-01,582,YES,1,28281,2020-02-01,2020,No
2835,487,Visa,Credit,4217570056214862,2013-11-01,636,YES,2,11400,2002-05-01,2014,No
2024,487,Mastercard,Debit,5514653687166060,2024-08-01,70,YES,1,28790,2001-03-01,2009,No
2007,735,Visa,Credit,4914564671433884,2010-03-01,700,YES,1,15700,1997-03-01,2013,No
5431,735,Mastercard,Debit,5436863739232627,2023-09-01,303,YES,1,34075,2005-11-01,2008,No
4651,735,Visa,Credit,4986982616793595,2012-04-01,992,YES,2,18600,2007-09-01,2008,No
1335,137,Amex,Credit,315776046694876,2024-05-01,574,YES,2,9700,2014-02-01,2014,No
5442,137,Visa,Debit,4578702900762730,2022-09-01,433,YES,2,13352,2005-11-01,2012,No
6114,137,Visa,Debit,4168082636728790,2024-03-01,528,YES,1,28179,2015-12-01,2015,No
5897,570,Mastercard,Debit,5407444040414986,2024-01-01,334,YES,1,19132,2007-12-01,2014,No
4063,1121,Visa,Debit,4948136387572248,2019-10-01,49,YES,1,31535,2017-07-01,2017,No
1372,1121,Mastercard,Debit,5629988786276968,2018-01-01,537,YES,1,51951,2017-02-01,2017,No
5511,1121,Visa,Credit,4323924929422769,2020-09-01,171,YES,1,23400,2007-11-01,2008,No
5817,1121,Mastercard,Debit,5002267521388916,2020-08-01,143,YES,2,4130,2004-12-01,2015,No
3777,1121,Mastercard,Credit,5458395445867294,2011-10-01,347,YES,1,11500,2006-07-01,2010,No
4920,860,Visa,Credit,4642731433732483,2020-09-01,661,YES,2,22100,2018-09-01,2018,No
5412,860,Mastercard,Debit,5511755355725125,2010-11-01,644,YES,1,34722,2004-11-01,2010,No
3534,860,Visa,Debit,4695286118783923,2011-12-01,601,YES,1,21885,2011-06-01,2011,No
5782,860,Mastercard,Debit,5505577705152118,2020-07-01,828,YES,2,39870,2002-12-01,2003,No
5733,518,Visa,Credit,4464546125723807,2021-07-01,2,YES,2,5900,2017-11-01,2017,No
3429,1203,Mastercard,Debit (Prepaid),5640678853508823,2023-03-01,57,YES,2,70,2009-06-01,2009,No
2302,944,Mastercard,Debit,5863955184387781,2023-03-01,881,YES,2,66930,2012-03-01,2012,No
372,944,Mastercard,Debit,5795522328185876,2020-05-01,134,YES,2,72274,2018-01-01,2018,No
2828,944,Mastercard,Debit,5043143066698540,2020-09-01,288,YES,2,130971,2002-05-01,2010,No
1921,944,Visa,Debit,4313972060102096,2024-11-01,601,YES,1,52717,2020-02-01,2020,No
3500,944,Visa,Credit,4582418773157215,2021-12-01,935,NO,1,25500,2010-06-01,2012,No
5550,944,Visa,Debit,4081497493570328,2017-10-01,60,YES,2,42541,2008-11-01,2012,No
1657,388,Mastercard,Debit,5683216868250723,2022-04-01,563,NO,1,5456,2020-02-01,2020,No
5692,388,Visa,Debit,4183750300220988,2014-04-01,371,NO,1,12606,2013-11-01,2013,No
3975,741,Mastercard,Debit,5761918360234631,2020-08-01,174,YES,2,20174,2011-07-01,2011,No
6007,1737,Mastercard,Debit,5406672659038258,2023-01-01,826,YES,1,20090,2010-12-01,2011,No
1096,1737,Visa,Debit,4840352039939042,2021-03-01,40,YES,1,11906,2006-02-01,2009,No
3618,1737,Mastercard,Debit,5967723936818875,2022-01-01,556,YES,1,27888,2017-06-01,2017,No
5756,1737,Mastercard,Debit,5371022252715957,2024-04-01,192,YES,1,24132,1998-12-01,2008,No
3319,1709,Mastercard,Debit,5109330727953243,2023-12-01,947,YES,2,13461,2006-06-01,2010,No
5478,1018,Amex,Credit,302982223076555,2009-08-01,303,NO,1,9900,2007-11-01,2009,No
2393,1018,Mastercard,Debit,5675018091828270,2009-11-01,920,YES,2,4252,1994-04-01,2019,No
3022,1018,Visa,Credit,4299407178052848,2020-12-01,725,YES,2,9800,2009-05-01,2011,No
4077,1018,Mastercard,Debit,5605185522594083,2019-07-01,357,YES,2,16732,2019-07-01,2019,No
1922,1018,Visa,Debit,4564887957887151,2023-01-01,17,YES,1,13609,2020-02-01,2020,No
5970,1018,Mastercard,Debit,5565606559185997,2013-05-01,576,YES,2,17804,2009-12-01,2009,No
3911,275,Visa,Credit,4348372675855427,2023-05-01,727,YES,2,6200,2009-07-01,2010,No
63,275,Visa,Debit,4651206649559689,2023-04-01,125,YES,1,30891,2004-01-01,2011,No
2769,275,Mastercard,Debit,5348564290163186,2024-01-01,732,YES,1,31873,2017-04-01,2017,No
3036,275,Amex,Credit,325342510254113,2024-07-01,179,YES,2,15600,2010-05-01,2019,No
3893,1367,Mastercard,Debit (Prepaid),5008439256687405,2022-12-01,26,YES,1,110,2009-07-01,2012,No
2053,1367,Visa,Debit,4422286262403261,2024-05-01,81,YES,2,17405,2003-03-01,2003,No
865,1367,Visa,Debit (Prepaid),4249622290515029,2022-12-01,435,YES,2,58,2020-01-01,2020,No
4643,1367,Mastercard,Credit,5556924127105785,2011-10-01,777,YES,1,9200,2007-09-01,2007,No
1923,1965,Visa,Credit,4092157051011106,2020-02-01,223,YES,2,11200,2020-02-01,2020,No
4917,284,Mastercard,Debit,5131900662646656,2018-12-01,352,YES,1,23206,2018-09-01,2018,No
4347,284,Visa,Debit,4779183477104256,2020-04-01,0,YES,2,35684,2010-08-01,2012,No
5726,284,Mastercard,Debit (Prepaid),5792924047685794,2016-11-01,384,NO,1,76,2016-11-01,2016,No
86,284,Visa,Debit,4529536293051711,2023-07-01,124,YES,2,18270,2005-01-01,2011,No
2931,79,Mastercard,Debit,5142418384827692,2020-12-01,69,YES,2,6588,2007-05-01,2011,No
2671,79,Amex,Credit,352313983770185,2021-03-01,46,YES,2,12200,2011-04-01,2011,No
1924,79,Visa,Debit,4636375740619751,2022-09-01,747,YES,1,23083,2020-02-01,2020,No
5569,79,Mastercard,Debit,5923792663677656,2022-02-01,585,YES,1,21497,2009-11-01,2009,No
3320,1515,Mastercard,Debit (Prepaid),5823790653455975,2021-02-01,850,YES,3,29,2006-06-01,2012,No
5199,1515,Mastercard,Debit,5300232902137599,2022-07-01,711,YES,2,20165,2010-10-01,2012,No
5557,1515,Discover,Credit,6237354607435107,2022-05-01,959,YES,2,16300,2009-11-01,2011,No
5558,1515,Discover,Credit,6374995163580888,2020-03-01,743,YES,1,11100,2009-11-01,2010,No
2336,1515,Visa,Credit,4780949143263441,2023-08-01,540,YES,2,7700,2014-03-01,2014,No
3712,1934,Mastercard,Credit,5150069202644467,2023-01-01,263,YES,2,6000,2004-07-01,2010,No
1658,9,Mastercard,Debit,5564349746173182,2023-04-01,547,YES,1,2049,2020-02-01,2020,No
1418,9,Amex,Credit,326339433819854,2022-12-01,719,NO,1,7600,2020-02-01,2020,No
621,9,Mastercard,Debit,5172118224009293,2024-01-01,934,YES,1,14670,2020-01-01,2020,No
4431,1964,Mastercard,Credit,5124729225452111,2017-01-01,871,YES,2,11600,2014-08-01,2014,No
2752,1964,Visa,Debit,4066451880192964,2016-04-01,9,YES,1,14960,2015-04-01,2015,No
2508,1964,Mastercard,Credit,5534545928651524,2021-09-01,779,YES,2,9600,2006-04-01,2015,No
5898,1964,Mastercard,Debit,5316533998904069,2020-10-01,61,YES,2,17367,2007-12-01,2007,No
3321,982,Mastercard,Debit,5809911164005512,2013-04-01,820,YES,1,21358,2006-06-01,2010,No
3824,982,Visa,Credit,4354830180585460,2022-09-01,729,YES,1,16900,2007-07-01,2010,No
3713,982,Mastercard,Credit,5974259705472551,2022-09-01,587,YES,2,8500,2004-07-01,2009,No
4699,982,Visa,Debit,4793775442106825,2013-04-01,996,YES,1,28431,2008-09-01,2008,No
1148,1676,Mastercard,Debit,5571882432332667,2020-07-01,838,YES,2,77,2008-02-01,2016,No
134,1676,Mastercard,Debit,5828285674944288,2024-08-01,192,YES,1,17360,2007-01-01,2010,No
5158,1676,Mastercard,Debit,5480672627250008,2021-09-01,129,YES,2,4055,2009-10-01,2017,No
1020,1519,Mastercard,Debit,5052440378992955,2023-09-01,144,YES,2,14216,2003-02-01,2010,No
2452,1519,Visa,Debit,4009658209741631,2023-12-01,357,NO,2,19037,2003-04-01,2011,No
4210,1519,Mastercard,Debit,5195329982261769,2020-01-01,148,YES,1,16028,2007-08-01,2011,No
2476,1519,Discover,Credit,6106487579112176,2010-08-01,762,YES,1,14200,2005-04-01,2011,No
4626,1098,Visa,Debit,4587822219584718,2023-07-01,49,YES,1,12640,2006-09-01,2009,No
2253,1098,Mastercard,Debit,5547459880579017,2020-02-01,116,YES,2,16868,2010-03-01,2010,No
1320,1098,Mastercard,Debit,5740589965857604,2022-11-01,40,YES,1,11121,2013-02-01,2013,No
5179,1098,Visa,Credit,4374571351357853,2020-10-01,674,YES,1,10000,2009-10-01,2010,No
2424,554,Visa,Debit (Prepaid),4356014925676102,2020-07-01,139,YES,2,56,2001-04-01,2011,No
2308,554,Visa,Debit,4439649579256628,2021-01-01,327,YES,2,27376,2012-03-01,2012,No
6070,554,Mastercard,Debit,5140694561445565,2019-07-01,960,YES,2,32676,2012-12-01,2012,No
3912,554,Visa,Debit,4096589319918041,2021-04-01,856,NO,1,25658,2009-07-01,2009,No
4275,554,Visa,Credit,4796299187967541,2018-05-01,852,NO,2,22800,2008-08-01,2011,No
1659,596,Mastercard,Credit,5610919224995166,2023-06-01,951,YES,2,10700,2020-02-01,2020,No
2753,596,Visa,Credit,4733769586168380,2021-02-01,556,YES,2,5100,2015-04-01,2015,No
1925,596,Visa,Credit,4520440445748141,2022-01-01,108,NO,1,7200,2020-02-01,2020,No
5985,170,Visa,Debit,4098737153492414,2020-03-01,894,YES,1,16740,2009-12-01,2011,No
866,170,Visa,Debit,4711760668874166,2020-02-01,378,YES,1,13841,2020-01-01,2020,No
4841,170,Visa,Debit,4969924078004898,2022-12-01,881,YES,1,15638,2012-09-01,2012,No
3340,170,Amex,Credit,332511890564170,2022-05-01,728,YES,1,11400,2007-06-01,2007,No
1344,794,Mastercard,Debit,5511781840326939,2022-09-01,876,YES,1,12501,2014-02-01,2014,No
4432,794,Mastercard,Debit (Prepaid),5872869557387766,2023-01-01,582,YES,1,71,2014-08-01,2014,No
3430,794,Mastercard,Debit,5794165239075456,2011-01-01,465,YES,2,11164,2009-06-01,2010,No
4306,1697,Visa,Debit,4048907303086785,2021-09-01,463,YES,2,8365,2009-08-01,2009,No
3023,1697,Visa,Debit,4110479205142550,2021-12-01,951,YES,2,17104,2009-05-01,2010,No
1101,1697,Amex,Credit,338367003904163,2013-12-01,279,YES,1,2100,2007-02-01,2009,No
73,1697,Mastercard,Debit,5683833994969618,2006-04-01,884,YES,1,13634,2005-01-01,2011,No
2746,1697,Mastercard,Debit (Prepaid),5803099724523617,2020-09-01,930,YES,1,63,2015-04-01,2015,No
3295,1697,Mastercard,Debit,5868327296481310,2023-01-01,32,YES,2,18721,2005-06-01,2009,No
3268,573,Amex,Credit,350866149120216,2023-09-01,265,YES,2,3400,2004-06-01,2008,No
1660,1715,Mastercard,Debit,5729617930802602,2021-11-01,320,NO,1,6824,2020-02-01,2020,No
1926,1607,Visa,Credit,4620214760209909,2022-10-01,406,YES,1,20700,2020-02-01,2020,No
2891,1026,Visa,Credit,4683287791246500,2018-05-01,517,NO,1,6200,2005-05-01,2013,No
983,1026,Visa,Debit (Prepaid),4766664432411893,2021-04-01,545,YES,2,31,2000-02-01,2014,No
5398,1026,Visa,Credit,4274713434654848,2021-08-01,743,YES,1,1000,2003-11-01,2009,No
2870,1026,Visa,Debit (Prepaid),4226159572103725,2023-10-01,756,YES,2,77,2004-05-01,2007,No
622,1892,Mastercard,Debit (Prepaid),5119564246293765,2023-06-01,883,YES,2,31,2020-01-01,2020,No
867,1892,Visa,Debit,4913448302190851,2020-06-01,688,YES,1,318,2020-01-01,2020,No
1927,402,Visa,Debit,4946571800021795,2023-04-01,686,NO,1,20709,2020-02-01,2020,No
2536,402,Mastercard,Debit,5332075103527991,2022-10-01,561,YES,2,20230,2007-04-01,2010,No
2698,402,Mastercard,Debit,5299237121049630,2023-10-01,876,YES,2,14749,2012-04-01,2012,No
970,1628,Mastercard,Debit,5855071426646203,2022-09-01,238,YES,3,9171,1999-02-01,2005,No
6082,1628,Amex,Credit,325450874784558,2018-05-01,496,YES,2,17400,2013-12-01,2013,No
3349,553,Mastercard,Debit,5821391213524439,2023-10-01,652,NO,2,14475,2007-06-01,2009,No
1114,1551,Mastercard,Debit,5230397441824610,2020-12-01,954,YES,2,15967,2007-02-01,2009,No
2389,1551,Visa,Debit,4901552848355257,2024-08-01,325,YES,1,12250,2019-03-01,2019,No
5590,1551,Visa,Debit (Prepaid),4841863549456234,2024-04-01,875,YES,2,63,2009-11-01,2009,No
2537,1551,Mastercard,Debit (Prepaid),5938011695949462,2023-08-01,234,YES,2,66,2007-04-01,2010,No
2988,1551,Visa,Credit,4719385621754821,2022-09-01,503,YES,1,8500,2008-05-01,2014,No
4001,1672,Mastercard,Debit (Prepaid),5784144789342929,2024-01-01,653,NO,1,65,2012-07-01,2012,No
1451,1672,Discover,Credit,6839227927848570,2020-02-01,968,YES,2,16100,2020-02-01,2020,No
623,1672,Mastercard,Debit,5837070772426672,2020-12-01,507,YES,1,3313,2020-01-01,2020,No
868,426,Visa,Credit,4945782637783655,2020-01-01,709,YES,1,10400,2020-01-01,2020,No
1661,426,Mastercard,Debit,5848871754957968,2021-06-01,553,NO,2,2117,2020-02-01,2020,No
869,426,Visa,Debit,4808969144268435,2020-02-01,997,YES,1,11265,2020-01-01,2020,No
624,426,Mastercard,Debit,5718188955977060,2021-02-01,385,YES,3,5618,2020-01-01,2020,No
5184,1135,Amex,Credit,376534551118716,2022-06-01,382,YES,2,20800,2010-10-01,2013,No
1419,1135,Amex,Credit,335380246966517,2020-11-01,42,YES,3,11700,2020-02-01,2020,No
870,1135,Visa,Debit,4573117764811951,2022-06-01,178,YES,1,33028,2020-01-01,2020,No
6093,1135,Visa,Debit,4703890283144405,2024-04-01,233,YES,1,19830,2013-12-01,2013,No
4037,1135,Mastercard,Debit,5663749194216135,2019-02-01,176,YES,1,22482,2015-07-01,2015,No
4977,1135,Visa,Credit,4018902833542405,2023-08-01,755,YES,1,22400,2002-10-01,2010,No
3081,1135,Visa,Debit (Prepaid),4850287414377343,2024-10-01,123,YES,1,62,2010-05-01,2012,No
3809,1420,Mastercard,Debit,5506105334909341,2008-01-01,72,YES,2,27723,2007-07-01,2010,No
4258,1420,Mastercard,Credit,5542832924202774,2023-03-01,210,NO,1,31800,2008-08-01,2012,No
1180,1420,Mastercard,Debit,5383684382213654,2018-03-01,931,YES,1,16028,2009-02-01,2009,No
3676,1420,Mastercard,Debit,5085756475637529,2021-01-01,35,YES,2,25411,2002-07-01,2013,No
337,1589,Visa,Debit,4939717188461311,2023-10-01,395,NO,1,11912,2014-01-01,2014,No
4913,1589,Mastercard,Debit,5174537590358880,2024-12-01,473,YES,2,13064,2017-09-01,2017,No
5306,1589,Mastercard,Debit,5693986376592853,2016-10-01,390,YES,2,8912,2015-10-01,2015,No
1149,1002,Mastercard,Debit,5609582366095384,2020-01-01,292,YES,2,15962,2008-02-01,2013,No
1069,1411,Visa,Credit,4048254149559977,2020-11-01,440,YES,1,18200,2005-02-01,2014,No
3778,1411,Mastercard,Debit,5119838138946124,2016-08-01,162,YES,2,3450,2006-07-01,2014,No
4700,1411,Visa,Debit,4698652103391033,2021-05-01,88,YES,1,3450,2008-09-01,2016,No
5761,1411,Mastercard,Debit,5631140574725941,2023-11-01,370,YES,1,39598,1999-12-01,2006,No
1368,1654,Mastercard,Debit,5041427711902777,2022-01-01,748,YES,1,36502,2016-02-01,2016,No
2915,1654,Visa,Credit,4757921989009514,2023-10-01,921,YES,1,14900,2006-05-01,2014,No
5257,1654,Mastercard,Credit,5871669086673415,2020-09-01,698,YES,1,11800,2012-10-01,2012,No
1200,1654,Amex,Credit,333081160230544,2024-06-01,480,YES,1,14000,2010-02-01,2012,No
4276,1654,Visa,Credit,4897401691817585,2022-05-01,951,YES,2,16000,2008-08-01,2009,No
2189,1330,Mastercard,Debit,5075163198448769,2022-10-01,30,YES,2,32557,2008-03-01,2008,No
6045,1330,Mastercard,Debit,5471442279898272,2021-02-01,537,NO,1,21820,2011-12-01,2011,No
4579,1330,Mastercard,Debit,5728056480439167,2024-06-01,992,YES,2,14448,2005-09-01,2011,No
5123,790,Mastercard,Debit,5112985372677713,2022-08-01,62,YES,2,19038,2008-10-01,2010,No
3350,790,Mastercard,Debit,5422967140573110,2012-03-01,803,YES,1,23632,2007-06-01,2009,No
3275,552,Mastercard,Debit,5115906061769120,2022-12-01,219,YES,2,18627,2004-06-01,2010,No
3641,139,Mastercard,Debit (Prepaid),5027092702312429,2021-08-01,52,YES,1,86,2019-06-01,2019,No
5705,139,Visa,Debit,4940574343090024,2014-12-01,702,YES,1,18944,2014-11-01,2014,No
87,139,Visa,Debit,4276460060200386,2022-08-01,264,YES,1,20962,2005-01-01,2011,No
3276,139,Mastercard,Debit (Prepaid),5271307942784936,2016-02-01,888,YES,1,86,2004-06-01,2006,No
6104,1280,Amex,Credit,360424769741306,2021-10-01,352,NO,2,6000,2015-12-01,2015,No
3604,883,Amex,Credit,364278996069965,2020-02-01,191,YES,1,12500,2016-06-01,2016,No
5302,359,Amex,Credit,364647060276955,2020-04-01,223,YES,1,17200,2015-10-01,2015,No
2331,359,Mastercard,Debit,5012576433104478,2015-01-01,411,YES,1,31163,2014-03-01,2014,No
3567,359,Mastercard,Debit (Prepaid),5317204750431758,2024-05-01,412,YES,1,59,2013-06-01,2013,No
2489,359,Mastercard,Credit,5757079020713035,2024-06-01,544,NO,1,13500,2005-04-01,2009,No
3024,1921,Visa,Credit,4297525095541797,2022-05-01,49,YES,2,8900,2009-05-01,2010,No
3810,1921,Mastercard,Credit,5454401798231056,2024-12-01,360,YES,1,2900,2007-07-01,2012,No
1181,1921,Mastercard,Debit (Prepaid),5403639313421706,2020-04-01,283,YES,2,89,2009-02-01,2009,No
5137,651,Visa,Credit,4578235631297148,2023-09-01,285,YES,2,5200,2008-10-01,2009,No
5570,557,Mastercard,Debit,5755010791716629,2022-04-01,497,YES,2,6090,2009-11-01,2011,No
338,1071,Visa,Debit,4177638630189991,2020-11-01,393,YES,1,31072,2014-01-01,2014,No
1420,1071,Amex,Credit,326436217704163,2023-06-01,879,YES,2,11200,2020-02-01,2020,No
1662,1071,Mastercard,Debit (Prepaid),5799877051065572,2020-02-01,466,YES,1,38,2020-02-01,2020,No
74,1175,Mastercard,Debit,5479439443272548,2010-11-01,248,YES,2,10670,2005-01-01,2009,No
5067,1175,Visa,Credit,4503231152263501,2024-02-01,728,YES,2,5900,2006-10-01,2014,No
4904,1175,Amex,Credit,354026281245694,2017-09-01,67,YES,2,7600,2017-09-01,2017,No
5341,1175,Mastercard,Debit (Prepaid),5117972120762088,2022-05-01,969,YES,1,95,2019-10-01,2019,No
2132,1175,Visa,Credit,4909834750137607,2023-04-01,264,NO,1,5100,2006-03-01,2006,No
4627,1175,Visa,Debit,4708121064103290,2020-12-01,26,YES,1,1753,2006-09-01,2012,No
116,1175,Visa,Debit,4887547650218596,2024-03-01,281,YES,2,8427,2006-01-01,2014,No
5914,1936,Visa,Debit,4653215018449189,2014-09-01,624,YES,1,27006,2007-12-01,2007,No
3006,1936,Mastercard,Debit,5454198029567960,2023-08-01,161,YES,1,34348,2009-05-01,2010,No
5531,1936,Mastercard,Debit,5278876115993600,2008-12-01,948,YES,1,25659,2008-11-01,2011,No
2264,1936,Visa,Credit,4844646610537453,2020-08-01,174,YES,2,14500,2010-03-01,2010,No
5551,1936,Visa,Credit,4343987004496524,2024-09-01,81,YES,1,16400,2008-11-01,2008,No
3825,182,Visa,Debit,4166845388863489,2020-09-01,285,YES,2,9418,2007-07-01,2007,No
980,182,Mastercard,Debit,5021195779307065,2000-07-01,818,YES,1,20677,2000-02-01,2011,No
5532,468,Mastercard,Debit,5407924790398155,2021-08-01,69,YES,1,21900,2008-11-01,2011,No
4705,468,Amex,Credit,338642228553287,2024-08-01,678,NO,2,13100,2009-09-01,2009,No
3450,1651,Visa,Credit,4274011202694035,2022-06-01,289,YES,2,25400,2009-06-01,2012,No
4181,1651,Mastercard,Debit,5092747474352987,2011-02-01,356,YES,2,21177,2006-08-01,2007,No
1663,1714,Mastercard,Credit,5121470572571848,2022-06-01,529,YES,1,20700,2020-02-01,2020,No
1421,1714,Amex,Credit,310441130576257,2024-04-01,394,YES,2,12600,2020-02-01,2020,No
5533,1839,Mastercard,Debit,5960113726065282,2008-12-01,880,NO,2,15122,2008-11-01,2010,No
339,1585,Visa,Debit,4915076647608173,2023-08-01,63,NO,1,14708,2014-01-01,2014,No
2721,1585,Visa,Debit,4535134357521443,2022-03-01,877,YES,2,19197,2013-04-01,2013,No
6103,1585,Mastercard,Debit,5325994058715063,2022-04-01,617,YES,1,14830,2014-12-01,2014,No
4498,1245,Mastercard,Debit,5709693631749938,2021-10-01,320,YES,1,6631,1999-09-01,2012,No
6008,1245,Mastercard,Debit,5774873617908688,2024-08-01,550,YES,1,13910,2010-12-01,2016,No
4873,1245,Mastercard,Credit,5352138305305282,2024-05-01,190,YES,2,6900,2014-09-01,2014,No
5347,1245,Mastercard,Debit,5152221647441116,2020-10-01,628,YES,1,19955,1994-11-01,2007,No
5675,1245,Mastercard,Debit (Prepaid),5318319036148549,2024-08-01,577,YES,2,66,2012-11-01,2012,No
3451,1245,Visa,Credit,4110883178370891,2024-04-01,317,YES,1,9900,2009-06-01,2009,No
4759,732,Discover,Credit,6457800663577684,2012-01-01,285,YES,1,9200,2010-09-01,2010,No
5200,732,Mastercard,Debit,5810725153736837,2022-05-01,279,YES,1,9420,2010-10-01,2012,No
1115,732,Mastercard,Debit (Prepaid),5486503850400569,2021-05-01,264,NO,2,49,2007-02-01,2011,No
5948,732,Visa,Debit,4023270767899228,2020-04-01,32,YES,2,18535,2008-12-01,2008,No
5220,732,Visa,Debit,4442324693688145,2023-09-01,130,YES,1,10104,2010-10-01,2015,No
46,732,Visa,Debit (Prepaid),4820966230615076,2022-11-01,662,YES,2,63,2003-01-01,2010,No
625,342,Mastercard,Debit,5550802323458257,2022-09-01,862,YES,1,61407,2020-01-01,2020,No
2303,476,Mastercard,Credit,5187732819891507,2014-12-01,87,YES,3,10100,2012-03-01,2012,No
1070,476,Visa,Debit,4385795693863379,2024-06-01,806,YES,2,31535,2005-02-01,2009,No
5684,476,Mastercard,Debit,5531706766680785,2015-08-01,158,YES,1,21282,2013-11-01,2013,No
2666,164,Visa,Credit,4141753158398487,2022-03-01,11,YES,1,5100,2010-04-01,2011,No
3210,164,Mastercard,Debit,5220177364102104,2020-02-01,680,YES,1,14103,1999-06-01,2008,No
3748,164,Visa,Debit,4984493732494807,2022-07-01,688,YES,2,21847,2005-07-01,2011,No
5272,164,Mastercard,Debit,5175150411772712,2020-09-01,502,YES,1,28425,2013-10-01,2013,No
871,539,Visa,Debit,4236028748423167,2020-02-01,721,YES,1,4087,2020-01-01,2020,No
3648,40,Amex,Credit,389912068048719,2023-09-01,269,YES,2,8200,1998-07-01,2011,No
2437,40,Visa,Debit,4299508349741779,2021-09-01,579,YES,2,1462,2002-04-01,2013,No
1289,40,Visa,Debit (Prepaid),4569310605904110,2021-07-01,990,YES,2,58,2011-02-01,2011,No
2011,40,Mastercard,Debit,5488342944613905,2011-03-01,880,YES,2,142,1999-03-01,2014,No
4400,1,Visa,Debit,4843491272960882,2017-01-01,625,YES,1,18105,2012-08-01,2012,No
3682,1,Visa,Credit,4417513283605637,2014-04-01,84,YES,1,10900,2002-07-01,2013,No
4652,1,Visa,Credit,4419924074647230,2021-12-01,1,NO,1,12800,2007-09-01,2011,No
288,272,Visa,Debit,4058050157220596,2020-03-01,102,YES,1,2670,2011-01-01,2011,No
3120,272,Mastercard,Credit,5873495069998579,2018-10-01,162,YES,2,14700,2012-05-01,2012,No
626,272,Mastercard,Debit (Prepaid),5808136548740017,2023-07-01,131,YES,1,100,2020-01-01,2020,No
627,521,Mastercard,Debit,5351705189279027,2021-12-01,895,YES,2,1680,2020-01-01,2020,No
4890,988,Visa,Debit,4574140981154350,2016-08-01,627,YES,1,18579,2015-09-01,2015,No
3935,988,Mastercard,Credit,5595598905079193,2021-09-01,15,YES,1,13200,2010-07-01,2010,No
1422,988,Amex,Credit,381186607769548,2023-04-01,440,YES,2,1900,2020-02-01,2020,No
4384,988,Visa,Credit,4844474344137395,2024-07-01,601,YES,2,17100,2011-08-01,2011,No
3158,660,Visa,Debit,4522536096309018,2015-10-01,832,NO,1,16820,2014-05-01,2014,No
5185,660,Amex,Credit,340488847692793,2022-02-01,91,YES,1,12000,2010-10-01,2014,No
2343,1381,Mastercard,Debit,5936146704569186,2018-10-01,616,YES,1,21357,2015-03-01,2015,No
3738,1381,Mastercard,Debit,5382896062305963,2022-11-01,543,YES,1,22964,2005-07-01,2011,No
628,1381,Mastercard,Debit,5063833404835994,2024-12-01,954,YES,1,16769,2020-01-01,2020,No
5635,1381,Visa,Credit,4677022173671023,2016-06-01,438,YES,1,10100,2010-11-01,2010,No
2722,184,Visa,Debit,4266071650368100,2024-12-01,345,YES,1,20773,2013-04-01,2013,No
2475,184,Amex,Credit,337714799695315,2022-01-01,540,YES,1,15300,2005-04-01,2012,No
3936,184,Mastercard,Debit,5758058384603555,2023-01-01,365,YES,2,11160,2010-07-01,2010,No
3211,184,Mastercard,Debit (Prepaid),5279859317968599,2022-12-01,265,YES,2,110,1999-06-01,2017,No
4800,184,Visa,Debit,4762407160723213,2024-06-01,115,YES,2,8766,2010-09-01,2020,No
4935,184,Mastercard,Debit (Prepaid),5231369185894594,2021-01-01,156,YES,2,95,1998-10-01,2012,No
4701,1183,Visa,Credit,4985248597765518,2020-11-01,814,YES,2,9100,2008-09-01,2015,No
4727,1183,Mastercard,Debit,5983398661297116,2010-10-01,300,YES,2,15441,2009-09-01,2009,No
2858,1183,Mastercard,Debit,5382214816700100,2019-04-01,291,YES,2,12021,2004-05-01,2014,No
4211,1183,Mastercard,Debit,5662897470767553,2023-05-01,180,YES,1,8887,2007-08-01,2014,No
2279,905,Mastercard,Debit (Prepaid),5342080744210119,2023-05-01,335,YES,1,77,2011-03-01,2011,No
5053,905,Mastercard,Credit,5957980518521489,2024-07-01,963,YES,1,22500,2006-10-01,2008,No
5087,905,Mastercard,Debit,5932193694740182,2010-02-01,963,YES,1,19600,2007-10-01,2015,No
4329,905,Mastercard,Debit,5166666850423125,2020-09-01,693,YES,2,40019,2010-08-01,2017,No
53,905,Mastercard,Debit,5360731476529064,2023-12-01,898,NO,2,64321,2004-01-01,2007,No
3587,419,Visa,Debit,4298987544338030,2020-03-01,757,YES,1,16731,2014-06-01,2014,No
3854,419,Mastercard,Credit,5398766323081099,2022-06-01,391,YES,2,8800,2008-07-01,2008,No
3792,419,Visa,Debit,4514910575649849,2019-07-01,398,YES,1,12764,2006-07-01,2009,No
4111,419,Visa,Debit,4224737440603281,2022-02-01,580,NO,1,7943,2002-08-01,2005,No
3284,419,Visa,Debit,4580608927025365,2007-01-01,312,YES,2,18089,2004-06-01,2009,No
433,239,Discover,Credit,6640823761249853,2020-01-01,41,YES,1,13800,2020-01-01,2020,No
872,239,Visa,Debit,4808189634285184,2020-02-01,6,YES,2,20134,2020-01-01,2020,No
629,239,Mastercard,Debit (Prepaid),5675120465436915,2021-03-01,779,YES,2,55,2020-01-01,2020,No
630,239,Mastercard,Debit,5595112515226586,2020-02-01,994,YES,2,9279,2020-01-01,2020,No
1664,239,Mastercard,Debit,5615383905529869,2021-08-01,586,NO,2,21449,2020-02-01,2020,No
5230,1241,Discover,Credit,6694401699327793,2011-12-01,712,YES,1,16500,2011-10-01,2011,No
3501,1241,Visa,Debit,4617983811742101,2023-03-01,469,YES,2,9335,2010-06-01,2010,No
3724,1241,Visa,Debit,4041929159891556,2023-04-01,622,YES,2,14079,2004-07-01,2015,No
1928,383,Visa,Debit,4448354145874788,2020-02-01,333,YES,1,10367,2020-02-01,2020,No
3686,383,Amex,Credit,329374832925921,2024-05-01,926,YES,1,8200,2003-07-01,2012,No
1092,383,Mastercard,Debit,5932626353957306,2020-06-01,709,YES,2,13350,2006-02-01,2011,No
985,1816,Amex,Credit,346838160027794,2020-11-01,335,YES,1,10200,2001-02-01,2011,No
182,1816,Visa,Debit,4646403746633735,2015-04-01,115,YES,1,22648,2008-01-01,2015,No
275,1501,Mastercard,Debit,5365244955303244,2020-03-01,523,NO,1,17717,2011-01-01,2011,No
3683,1501,Visa,Credit,4841107746635167,2014-02-01,91,YES,1,8300,2002-07-01,2013,No
3872,1501,Visa,Debit,4983998587312958,2009-01-01,204,YES,2,25719,2008-07-01,2010,No
3855,497,Mastercard,Credit,5301383536207357,2022-09-01,114,YES,1,13200,2008-07-01,2017,No
3198,497,Visa,Credit,4627450737727003,2019-03-01,306,YES,2,12500,2017-05-01,2017,No
3879,497,Amex,Credit,314069788408541,2019-10-01,760,YES,1,15400,2009-07-01,2017,No
1452,497,Discover,Credit,6743630812425986,2020-02-01,577,YES,2,13900,2020-02-01,2020,No
2829,497,Mastercard,Debit,5019087087012500,2020-03-01,735,YES,1,16681,2002-05-01,2011,No
3452,497,Visa,Credit,4995171731187347,2024-07-01,745,YES,1,11800,2009-06-01,2012,No
873,893,Visa,Debit (Prepaid),4093550614245542,2021-09-01,874,YES,1,57,2020-01-01,2020,No
1665,893,Mastercard,Debit,5369571154373540,2021-04-01,867,YES,2,10573,2020-02-01,2020,No
1929,893,Visa,Debit,4039007832059779,2022-04-01,99,YES,1,17499,2020-02-01,2020,No
5862,44,Mastercard,Debit,5867037533677009,2020-09-01,272,YES,1,20015,2006-12-01,2006,No
2932,44,Mastercard,Debit,5336725167428422,2020-10-01,773,YES,2,9707,2007-05-01,2009,No
5748,44,Mastercard,Credit,5384043758789033,2022-05-01,151,YES,2,3400,1992-12-01,2007,No
4401,661,Amex,Credit,346401453739759,2023-07-01,552,YES,1,5300,2013-08-01,2013,No
5710,661,Mastercard,Debit,5742781603234912,2018-03-01,376,YES,2,22789,2015-11-01,2015,No
1345,661,Mastercard,Debit,5468889618070155,2024-03-01,110,YES,2,13193,2014-02-01,2014,No
3731,939,Discover,Credit,6329791307366566,2023-09-01,617,YES,1,1700,2005-07-01,2010,No
2028,939,Visa,Credit,4139421068502757,2017-12-01,782,YES,1,9000,2001-03-01,2009,No
276,947,Mastercard,Debit (Prepaid),5337242427884909,2020-07-01,389,YES,2,79,2011-01-01,2011,No
5534,947,Mastercard,Debit (Prepaid),5909236244923272,2019-01-01,964,YES,1,87,2008-11-01,2008,No
2620,947,Visa,Debit,4812303101695566,2017-11-01,113,YES,2,11254,2009-04-01,2009,No
2552,947,Visa,Debit,4005670530527551,2023-03-01,434,NO,1,11344,2007-04-01,2007,No
75,1749,Mastercard,Debit (Prepaid),5535901079667192,2020-02-01,480,NO,1,50,2005-01-01,2013,No
229,1749,Mastercard,Debit,5793881452789121,2019-06-01,784,YES,2,1213,2010-01-01,2010,No
3551,385,Mastercard,Debit,5399594843051418,2023-08-01,813,NO,1,29219,2012-06-01,2012,No
1321,385,Mastercard,Debit,5494762880839686,2020-03-01,915,YES,1,17907,2013-02-01,2013,No
2289,385,Visa,Debit,4874419326645327,2023-10-01,768,YES,2,24298,2011-03-01,2011,No
5124,385,Mastercard,Credit,5785799753329600,2023-07-01,527,YES,1,11700,2008-10-01,2011,No
973,385,Visa,Debit,4145833750383667,2003-07-01,790,YES,2,16227,1999-02-01,2015,No
2871,385,Visa,Debit,4573674903451245,2021-12-01,611,YES,2,7495,2004-05-01,2005,No
1290,385,Visa,Debit,4972542983783758,2020-03-01,383,YES,2,2210,2011-02-01,2014,No
874,67,Visa,Credit,4072857770457665,2022-06-01,889,YES,2,17300,2020-01-01,2020,No
1666,67,Mastercard,Debit,5118561237234384,2021-08-01,568,YES,2,3334,2020-02-01,2020,No
1226,1298,Mastercard,Debit,5818148628470967,2024-02-01,296,NO,2,10040,2010-02-01,2010,No
5221,1298,Visa,Credit,4657798649903405,2024-06-01,703,YES,2,8500,2010-10-01,2018,No
2386,913,Mastercard,Debit,5714757950966275,2020-09-01,805,YES,1,11646,2019-03-01,2019,No
3110,913,Visa,Credit,4526538061468985,2020-03-01,180,YES,1,6900,2011-05-01,2011,No
5899,913,Mastercard,Debit,5986384191582569,2014-10-01,786,YES,2,8230,2007-12-01,2014,No
2933,1634,Mastercard,Credit,5720852309018318,2023-11-01,885,YES,1,4400,2007-05-01,2014,No
2464,1634,Mastercard,Debit,5524436846278703,2020-07-01,697,YES,2,8638,2004-04-01,2014,No
2245,1634,Discover,Credit,6268030188636337,2020-09-01,717,YES,2,4700,2010-03-01,2011,No
4743,1634,Visa,Credit,4203303995031482,2024-01-01,367,YES,2,4100,2009-09-01,2009,No
1071,804,Visa,Credit,4302044080999932,2020-11-01,699,YES,1,8900,2005-02-01,2010,No
5986,804,Visa,Debit,4039102830415529,2017-04-01,14,YES,1,3905,2009-12-01,2010,No
17,804,Visa,Debit,4214048661117547,2022-07-01,799,YES,2,18744,2000-01-01,2010,No
213,804,Visa,Credit,4108680950969751,2012-08-01,988,NO,2,5400,2009-01-01,2011,No
2553,804,Visa,Debit,4554800858688588,2011-11-01,867,NO,1,14507,2007-04-01,2010,No
3602,1703,Visa,Credit,4562875268182118,2020-02-01,630,YES,2,8700,2015-06-01,2015,No
2969,1703,Mastercard,Credit,5745606898714105,2022-06-01,753,YES,2,10600,2008-05-01,2019,No
6078,1741,Visa,Debit,4921241302048112,2023-10-01,631,YES,1,11510,2012-12-01,2012,No
5571,1741,Mastercard,Debit,5427223810289124,2013-06-01,962,YES,1,15765,2009-11-01,2009,No
3025,1741,Visa,Debit (Prepaid),4148892255805747,2023-02-01,546,YES,1,56,2009-05-01,2010,No
1097,1741,Visa,Credit,4328552729246712,2021-12-01,102,YES,1,7300,2006-02-01,2013,No
1360,1741,Visa,Credit,4238757840498542,2022-12-01,551,YES,2,8500,2015-02-01,2015,No
3037,1741,Amex,Credit,345841340861008,2014-08-01,854,YES,1,7500,2010-05-01,2011,No
2595,1741,Amex,Credit,376643401959954,2022-04-01,75,YES,2,5900,2009-04-01,2009,No
2235,1741,Visa,Credit,4273861353237930,2021-11-01,246,YES,1,13600,2009-03-01,2013,No
5465,1741,Mastercard,Credit,5955551281858493,2024-01-01,860,YES,2,10700,2006-11-01,2010,No
4504,766,Mastercard,Debit,5981688151498054,2023-04-01,148,NO,1,6424,2000-09-01,2012,No
4499,766,Visa,Debit,4093339040695481,2020-08-01,907,YES,2,14248,1999-09-01,2010,No
2356,766,Mastercard,Credit,5341478430944116,2016-06-01,222,YES,2,5400,2016-03-01,2016,No
3811,472,Mastercard,Debit,5694959357776627,2023-11-01,837,YES,2,13448,2007-07-01,2011,No
3007,472,Mastercard,Debit (Prepaid),5761593258077977,2020-01-01,590,YES,2,44,2009-05-01,2013,No
3826,472,Visa,Credit,4956561609097121,2020-02-01,521,YES,2,11300,2007-07-01,2007,No
4307,472,Visa,Debit,4946047116321440,2012-11-01,975,YES,1,30622,2009-08-01,2009,No
2970,366,Mastercard,Debit,5887795279651150,2009-08-01,708,YES,2,12241,2008-05-01,2008,No
5258,366,Mastercard,Credit,5642012409120694,2018-08-01,823,YES,2,6200,2012-10-01,2012,No
986,366,Discover,Credit,6066458178590339,2023-08-01,653,YES,1,9500,2001-02-01,2014,No
4812,366,Mastercard,Debit,5936158679461560,2012-06-01,407,YES,2,23042,2011-09-01,2013,No
2934,366,Mastercard,Debit,5897249041445571,2021-02-01,103,YES,2,19019,2007-05-01,2011,No
5846,366,Visa,Credit,4960827175990590,2020-11-01,947,NO,2,2200,2005-12-01,2008,No
1072,366,Visa,Credit,4929393429782613,2021-10-01,648,YES,1,13700,2005-02-01,2012,No
875,1205,Visa,Credit,4265738429688779,2023-03-01,740,NO,2,13500,2020-01-01,2020,No
631,1205,Mastercard,Credit,5318920143610643,2021-03-01,389,YES,2,7800,2020-01-01,2020,No
1423,1205,Amex,Credit,358973431417109,2024-06-01,874,YES,1,13300,2020-02-01,2020,No
1667,1205,Mastercard,Debit,5443778159540147,2020-09-01,232,YES,1,24665,2020-02-01,2020,No
1668,1205,Mastercard,Debit,5493715627792702,2023-04-01,704,YES,2,28648,2020-02-01,2020,No
1078,1705,Discover,Credit,6835050350545859,2024-06-01,658,YES,1,7000,2006-02-01,2019,No
4628,1705,Visa,Debit,4758003951001274,2010-12-01,604,YES,1,1324,2006-09-01,2013,No
6009,1705,Mastercard,Debit,5151644017893999,2017-11-01,999,YES,2,8950,2010-12-01,2018,No
876,626,Visa,Debit,4887374207803058,2020-01-01,756,YES,2,43186,2020-01-01,2020,No
1669,626,Mastercard,Debit,5739105038876054,2022-12-01,372,YES,1,56434,2020-02-01,2020,No
3753,1638,Discover,Credit,6784378675449742,2020-10-01,364,NO,2,10000,2006-07-01,2008,No
4956,1638,Mastercard,Credit,5997976310447187,2024-07-01,645,YES,1,21300,2001-10-01,2015,No
4296,1638,Mastercard,Debit,5445308987864903,2021-10-01,190,YES,1,18281,2009-08-01,2009,No
4728,1638,Mastercard,Debit,5949659577533309,2020-05-01,808,YES,2,13297,2009-09-01,2011,No
3856,1638,Mastercard,Debit,5658039288966447,2024-10-01,549,YES,2,3485,2008-07-01,2011,No
5572,1953,Mastercard,Debit (Prepaid),5295801511323408,2020-04-01,135,YES,2,54,2009-11-01,2009,No
1424,1953,Amex,Credit,302031764623099,2020-11-01,654,YES,2,9900,2020-02-01,2020,No
1670,1953,Mastercard,Debit,5398962399583431,2020-07-01,114,YES,1,8257,2020-02-01,2020,No
5937,1771,Mastercard,Debit,5457266267877380,2023-07-01,138,YES,1,29078,2008-12-01,2009,No
2607,1771,Mastercard,Debit (Prepaid),5579600195785019,2024-04-01,50,YES,2,59,2009-04-01,2009,No
3098,1771,Mastercard,Debit,5154358829015666,2022-03-01,153,YES,1,27534,2011-05-01,2011,No
5847,931,Visa,Debit,4365224312490795,2022-05-01,190,YES,2,21652,2005-12-01,2012,No
2699,1190,Mastercard,Debit,5714691469447873,2020-07-01,319,YES,2,19919,2012-04-01,2012,No
5358,1190,Mastercard,Debit,5988682255641837,2022-11-01,66,YES,2,24272,1999-11-01,2011,No
1671,1190,Mastercard,Debit,5944674876283297,2024-08-01,993,NO,1,23805,2020-02-01,2020,No
1201,1190,Amex,Credit,347182989454327,2012-07-01,755,YES,2,13800,2010-02-01,2010,No
5771,1190,Mastercard,Debit (Prepaid),5127422537618977,2020-10-01,947,NO,2,27,2001-12-01,2017,No
4508,1190,Visa,Debit,4227482000380763,2022-07-01,795,YES,2,4653,2000-09-01,2007,No
632,1190,Mastercard,Credit,5116834896067442,2020-02-01,635,YES,2,9900,2020-01-01,2020,No
1227,371,Mastercard,Debit (Prepaid),5138905290496526,2024-07-01,348,YES,2,34,2010-02-01,2011,No
5495,371,Mastercard,Debit,5379424877140939,2016-01-01,683,YES,2,11861,2007-11-01,2013,No
3453,371,Visa,Debit,4175643298974575,2022-02-01,790,YES,2,27382,2009-06-01,2014,No
3134,371,Mastercard,Credit,5931001528763541,2018-12-01,471,YES,2,27600,2013-05-01,2013,No
2989,1404,Visa,Debit,4847424526739159,2020-02-01,326,YES,2,4906,2008-05-01,2008,No
4555,1404,Mastercard,Debit,5952597489933830,2020-05-01,895,YES,2,1993,2004-09-01,2014,No
1425,1970,Amex,Credit,355173462104949,2020-02-01,172,YES,1,14800,2020-02-01,2020,No
1672,1970,Mastercard,Debit,5062306533983208,2023-03-01,742,YES,2,2593,2020-02-01,2020,No
2411,1364,Visa,Credit,4696206742094892,2021-09-01,52,YES,2,0,2000-04-01,2011,No
54,1364,Mastercard,Debit,5673928924089109,2016-07-01,821,YES,2,0,2004-01-01,2008,No
3812,327,Mastercard,Credit,5035264823390216,2009-05-01,456,YES,1,14900,2007-07-01,2008,No
4170,327,Visa,Debit,4783291966220802,2022-03-01,215,YES,2,15720,2005-08-01,2011,No
3062,327,Mastercard,Debit,5683543220441253,2020-07-01,750,YES,2,9165,2010-05-01,2010,No
3063,327,Mastercard,Debit,5911738030583603,2021-06-01,479,YES,2,13322,2010-05-01,2010,No
5512,327,Visa,Debit,4711207147444250,2023-07-01,641,YES,2,11528,2007-11-01,2013,No
407,1337,Amex,Credit,372011647566495,2022-12-01,533,YES,1,9600,2020-01-01,2020,No
1673,1337,Mastercard,Debit,5980522152211543,2020-02-01,92,YES,2,13573,2020-02-01,2020,No
877,594,Visa,Debit,4689169737232285,2022-05-01,44,YES,1,11608,2020-01-01,2020,No
1674,594,Mastercard,Debit,5546505776191834,2024-10-01,791,YES,1,23699,2020-02-01,2020,No
633,594,Mastercard,Credit,5717740258290130,2022-09-01,312,YES,1,7700,2020-01-01,2020,No
3894,594,Mastercard,Debit,5691973692138971,2019-01-01,434,NO,2,6754,2009-07-01,2010,No
1930,594,Visa,Credit,4715212743807294,2021-02-01,636,YES,1,3500,2020-02-01,2020,No
1931,594,Visa,Debit,4785940182637905,2020-03-01,305,YES,1,14793,2020-02-01,2020,No
4366,1704,Mastercard,Debit,5236033792855943,2024-11-01,681,YES,2,44885,2011-08-01,2020,No
4729,1500,Mastercard,Credit,5662784777670002,2020-12-01,195,YES,2,14000,2009-09-01,2011,No
5034,1500,Visa,Debit,4388439055637377,2018-02-01,457,YES,2,18494,2005-10-01,2007,No
5180,1500,Visa,Credit,4969698736410401,2024-03-01,329,YES,2,14700,2009-10-01,2011,No
3166,1500,Mastercard,Debit (Prepaid),5751736349751599,2020-05-01,682,YES,1,69,2015-05-01,2015,No
634,923,Mastercard,Debit,5545102087160727,2020-02-01,128,YES,1,22234,2020-01-01,2020,No
878,923,Visa,Credit,4806703657992318,2023-02-01,394,YES,1,3600,2020-01-01,2020,No
289,1788,Visa,Debit,4762069063483783,2023-03-01,474,YES,2,26255,2011-01-01,2011,No
2538,1788,Mastercard,Debit,5129852007248820,2020-03-01,581,YES,2,5500,2007-04-01,2013,No
5751,1788,Visa,Debit,4757843891969384,1997-12-01,672,YES,1,12323,1996-12-01,2011,No
2700,1788,Mastercard,Credit,5277514275369878,2024-01-01,175,YES,2,7100,2012-04-01,2012,No
4277,129,Visa,Debit (Prepaid),4910995927794188,2010-09-01,581,YES,2,37,2008-08-01,2009,No
2190,1756,Mastercard,Credit,5253258810503866,2024-01-01,847,YES,1,19100,2008-03-01,2009,No
4259,1756,Mastercard,Credit,5151057837968132,2021-01-01,303,YES,2,11600,2008-08-01,2012,No
6060,197,Visa,Debit,4339137888179152,2014-06-01,503,YES,2,8144,2011-12-01,2012,No
1932,197,Visa,Debit (Prepaid),4897762471214014,2024-06-01,599,YES,2,53,2020-02-01,2020,No
1933,197,Visa,Credit,4021220662934810,2020-02-01,943,YES,2,8000,2020-02-01,2020,No
2357,197,Mastercard,Debit,5341022658860517,2024-12-01,542,YES,1,11919,2016-03-01,2016,No
1302,197,Mastercard,Debit,5237861402927606,2022-01-01,536,YES,1,17889,2012-02-01,2012,No
5853,219,Discover,Credit,6784663816408216,2022-10-01,850,YES,2,6300,2006-12-01,2006,No
4994,219,Visa,Credit,4968397264653215,2021-06-01,571,YES,2,7900,2003-10-01,2006,No
4609,219,Mastercard,Debit,5006759821122988,2020-06-01,152,YES,2,7995,2006-09-01,2006,No
2431,1820,Mastercard,Credit,5023190732647203,2022-01-01,785,YES,1,7900,2002-04-01,2013,No
2339,1820,Amex,Credit,344075477910403,2022-10-01,808,YES,1,5900,2015-03-01,2015,No
3937,1820,Mastercard,Debit,5243433372742995,2020-01-01,279,YES,1,18200,2010-07-01,2010,No
5201,1820,Mastercard,Debit,5414951977172238,2022-01-01,674,YES,1,16502,2010-10-01,2010,No
3535,1820,Visa,Debit,4111163314027068,2023-04-01,851,YES,1,16726,2011-06-01,2011,No
879,405,Visa,Debit,4011874239423525,2024-09-01,337,YES,2,4140,2020-01-01,2020,No
4171,726,Amex,Credit,364268721229101,2014-10-01,60,YES,1,9000,2006-08-01,2016,No
3391,726,Mastercard,Debit,5620945785367038,2022-12-01,723,YES,1,12868,2008-06-01,2011,No
3431,726,Mastercard,Debit,5932422810479250,2020-02-01,180,YES,1,27773,2009-06-01,2012,No
5535,20,Mastercard,Credit,5866750746796733,2014-01-01,754,YES,1,16400,2008-11-01,2008,No
376,20,Visa,Credit,4812182592435267,2022-02-01,213,YES,1,13000,2018-01-01,2018,No
1291,20,Visa,Debit,4326462005421386,2022-09-01,83,YES,1,16465,2011-02-01,2011,No
5011,20,Mastercard,Credit,5881351669070746,2021-03-01,834,YES,2,9000,2004-10-01,2011,No
3895,20,Mastercard,Debit,5648768892251580,2024-10-01,862,YES,2,14961,2009-07-01,2015,No
4995,20,Visa,Debit,4213518971978552,2023-08-01,66,YES,1,19791,2003-10-01,2014,No
3857,20,Mastercard,Debit,5375421607189929,2016-07-01,213,YES,1,15771,2008-07-01,2016,No
1228,20,Mastercard,Debit,5706360016972471,2024-04-01,34,YES,1,7702,2010-02-01,2010,No
2063,216,Mastercard,Debit,5099980998946055,2024-02-01,142,YES,1,18729,2004-03-01,2011,No
4367,216,Mastercard,Debit (Prepaid),5094200042825369,2023-10-01,696,NO,1,80,2011-08-01,2011,No
3404,216,Visa,Debit (Prepaid),4685370690710096,2024-03-01,450,YES,1,86,2008-06-01,2010,No
4260,293,Mastercard,Debit,5417249342822909,2020-06-01,471,NO,2,20138,2008-08-01,2011,No
1675,293,Mastercard,Debit,5972618168179479,2020-02-01,125,NO,1,21335,2020-02-01,2020,No
1676,293,Mastercard,Credit,5622260338088914,2022-03-01,353,YES,1,9300,2020-02-01,2020,No
1677,293,Mastercard,Credit,5113831870392064,2020-02-01,861,YES,1,12600,2020-02-01,2020,No
635,293,Mastercard,Debit,5253561686917610,2023-06-01,467,YES,1,12899,2020-01-01,2020,No
1678,1868,Mastercard,Credit,5892320192852356,2020-02-01,635,YES,2,13500,2020-02-01,2020,No
880,1868,Visa,Debit,4338567970725039,2024-09-01,800,YES,1,17432,2020-01-01,2020,No
4744,1996,Visa,Credit,4339413642488223,2012-12-01,77,NO,2,9700,2009-09-01,2017,No
4212,1996,Mastercard,Debit,5635628685160210,2024-12-01,168,YES,2,13016,2007-08-01,2015,No
2008,1996,Visa,Debit,4378499154074856,2004-09-01,181,YES,2,24459,1997-03-01,2009,No
3237,1171,Mastercard,Debit (Prepaid),5454433543896442,2023-06-01,8,YES,2,87,2002-06-01,2007,No
4213,1171,Mastercard,Credit,5496928595053350,2023-07-01,165,YES,2,13500,2007-08-01,2007,No
5354,1171,Visa,Debit (Prepaid),4958617093286807,2023-02-01,218,YES,2,89,1997-11-01,2003,No
4530,1171,Discover,Credit,6282899513197827,2021-11-01,66,YES,2,8300,2003-09-01,2011,No
5614,1171,Mastercard,Debit,5726460417448359,2021-01-01,26,YES,1,24481,2010-11-01,2010,No
5536,1154,Mastercard,Debit,5118842073296429,2017-01-01,143,NO,1,2808,2008-11-01,2013,No
3536,1154,Visa,Debit,4762563612895677,2014-11-01,466,YES,2,24835,2011-06-01,2011,No
4996,1154,Visa,Debit,4623545252878077,2004-12-01,186,YES,1,12078,2003-10-01,2018,No
2064,1154,Mastercard,Debit,5896338139736327,2022-05-01,578,YES,1,6257,2004-03-01,2014,No
3245,819,Visa,Credit,4067933636132210,2023-02-01,693,YES,1,8400,2002-06-01,2010,No
4424,819,Discover,Credit,6664949105585592,2020-08-01,79,YES,2,9900,2014-08-01,2014,No
1322,819,Mastercard,Debit,5196085406728700,2022-12-01,937,YES,1,11818,2013-02-01,2013,No
5303,1554,Discover,Credit,6427553403865846,2022-05-01,298,YES,2,11300,2015-10-01,2015,No
3813,1079,Mastercard,Debit,5744052952747615,2024-11-01,907,YES,1,8833,2007-07-01,2016,No
5826,1079,Amex,Credit,362822137135948,2022-10-01,44,YES,1,13400,2005-12-01,2010,No
2842,1079,Mastercard,Debit,5504827836625705,2024-02-01,847,YES,1,30753,2003-05-01,2008,No
1679,681,Mastercard,Debit,5385090311326949,2021-04-01,909,YES,2,735,2020-02-01,2020,No
2147,240,Mastercard,Debit,5555919926157136,2020-02-01,725,YES,1,17667,2007-03-01,2011,No
1680,240,Mastercard,Debit,5398809165910933,2020-02-01,379,YES,1,14665,2020-02-01,2020,No
4348,240,Visa,Debit,4266531803641466,2015-05-01,229,YES,2,14392,2010-08-01,2011,No
1323,751,Mastercard,Credit,5044418694504576,2021-07-01,693,YES,2,14900,2013-02-01,2013,No
5711,751,Mastercard,Debit,5368688278025209,2016-10-01,854,YES,1,19488,2015-11-01,2015,No
4745,751,Visa,Debit (Prepaid),4329543360913740,2009-10-01,540,YES,1,84,2009-09-01,2009,No
5552,751,Visa,Credit,4288018843262286,2016-01-01,627,YES,1,20100,2008-11-01,2015,No
6046,773,Mastercard,Debit (Prepaid),5767723037402333,2020-03-01,38,YES,1,101,2011-12-01,2011,No
2570,773,Mastercard,Debit,5364347373974586,2019-07-01,197,YES,1,11372,2008-04-01,2009,No
4011,773,Mastercard,Debit,5850047861986266,2017-04-01,450,YES,1,21448,2013-07-01,2013,No
4629,1294,Visa,Debit,4341572026253689,2020-03-01,774,YES,2,19691,2006-09-01,2011,No
2591,1294,Visa,Debit,4306973519740031,2024-05-01,139,YES,2,14477,2008-04-01,2008,No
2916,1567,Visa,Debit,4516862441362746,2013-06-01,641,YES,2,17559,2006-05-01,2006,No
3956,1567,Visa,Debit,4866682990431119,2023-10-01,818,YES,1,24302,2010-07-01,2010,No
5513,132,Visa,Debit,4143669555806355,2023-11-01,958,YES,2,8105,2007-11-01,2009,No
230,132,Mastercard,Debit (Prepaid),5935629380160008,2020-10-01,160,YES,2,59,2010-01-01,2011,No
2707,132,Visa,Credit,4832180811213555,2021-01-01,231,YES,2,0,2012-04-01,2012,No
2679,132,Mastercard,Debit,5959099643778594,2022-01-01,625,YES,2,15022,2011-04-01,2011,No
2884,512,Mastercard,Debit,5796522269741792,2021-12-01,918,YES,2,27677,2005-05-01,2006,No
1934,501,Visa,Debit,4033834745437547,2020-02-01,326,YES,1,11779,2020-02-01,2020,No
636,501,Mastercard,Credit,5119325503441474,2022-01-01,925,YES,1,9400,2020-01-01,2020,No
4261,178,Mastercard,Debit,5041406633994156,2023-01-01,155,YES,2,17206,2008-08-01,2010,No
4214,178,Mastercard,Debit,5907281274492244,2024-06-01,856,YES,1,18235,2007-08-01,2007,No
1681,178,Mastercard,Debit,5271523097116920,2020-12-01,148,YES,1,25376,2020-02-01,2020,No
2539,1077,Mastercard,Debit,5324493090826390,2014-11-01,819,YES,2,17034,2007-04-01,2007,No
4104,1077,Visa,Debit (Prepaid),4849525193834905,2020-05-01,704,YES,2,33,2001-08-01,2009,No
214,1077,Visa,Debit,4411367352091205,2020-04-01,508,YES,2,20114,2009-01-01,2009,No
2859,914,Mastercard,Debit,5608287824056674,2024-09-01,345,YES,2,21074,2004-05-01,2010,No
1274,914,Mastercard,Debit,5493872171755054,2016-12-01,757,YES,2,17522,2011-02-01,2011,No
5835,914,Mastercard,Debit,5130385664990830,2021-05-01,256,YES,2,18547,2005-12-01,2007,No
2148,914,Mastercard,Credit,5010223259259255,2022-07-01,664,YES,1,11700,2007-03-01,2012,No
5915,1840,Visa,Credit,4336242728631012,2020-10-01,263,YES,1,14600,2007-12-01,2008,No
3660,1840,Visa,Credit,4605343796235504,2022-03-01,188,YES,1,4600,2000-07-01,2011,No
6047,1840,Mastercard,Credit,5009312174031051,2022-07-01,172,YES,1,13200,2011-12-01,2011,No
3322,1840,Mastercard,Debit,5359109609282459,2023-05-01,933,YES,2,21701,2006-06-01,2007,No
4568,1840,Visa,Debit (Prepaid),4733359418335581,2021-09-01,67,YES,2,4,2004-09-01,2008,No
1,550,Mastercard,Credit,5278231764792292,2024-06-01,396,YES,1,11600,1994-01-01,2013,No
3478,550,Mastercard,Debit (Prepaid),5463279277464700,2021-01-01,63,YES,2,99,2010-06-01,2011,No
163,550,Mastercard,Credit,5413639113191403,2022-04-01,398,YES,2,4200,2008-01-01,2008,No
4857,550,Mastercard,Debit,5157919465684899,2017-02-01,587,YES,2,21988,2013-09-01,2013,No
881,1869,Visa,Debit,4525502702319981,2020-01-01,780,YES,2,12186,2020-01-01,2020,No
5045,977,Amex,Credit,325568769110415,2020-12-01,220,YES,1,8900,2006-10-01,2011,No
4402,977,Amex,Credit,322453324871897,2015-07-01,164,YES,2,4000,2013-08-01,2013,No
3026,977,Visa,Credit,4152641013108396,2023-06-01,561,YES,2,10200,2009-05-01,2009,No
1150,977,Mastercard,Debit,5352993424347809,2022-01-01,551,YES,2,5649,2008-02-01,2016,No
5101,977,Visa,Debit,4071488613985670,2020-08-01,661,YES,1,18934,2007-10-01,2013,No
2523,933,Amex,Credit,394004838665108,2024-01-01,400,YES,1,11500,2007-04-01,2010,No
1426,933,Amex,Credit,312591080633831,2022-04-01,910,YES,1,5100,2020-02-01,2020,No
4997,933,Visa,Debit (Prepaid),4708598144257742,2021-02-01,977,YES,1,57,2003-10-01,2009,No
2254,933,Mastercard,Credit,5583371284231665,2016-12-01,536,YES,1,11800,2010-03-01,2010,No
231,938,Mastercard,Credit,5664342346978782,2023-09-01,123,YES,1,12500,2010-01-01,2012,No
882,938,Visa,Debit (Prepaid),4454985129050191,2023-06-01,993,YES,2,116,2020-01-01,2020,No
1682,938,Mastercard,Debit,5248799897622190,2020-02-01,836,YES,2,17447,2020-02-01,2020,No
1935,622,Visa,Debit (Prepaid),4786118873835539,2020-02-01,119,YES,1,126,2020-02-01,2020,No
4884,622,Mastercard,Debit (Prepaid),5520515906391659,2015-10-01,769,YES,2,86,2015-09-01,2015,No
637,796,Mastercard,Debit,5680156886098555,2020-02-01,437,YES,2,12695,2020-01-01,2020,No
2314,796,Mastercard,Credit,5819556137893463,2019-06-01,933,YES,2,11800,2013-03-01,2013,No
638,796,Mastercard,Debit,5423464464264600,2022-11-01,264,NO,1,18800,2020-01-01,2020,No
4944,621,Mastercard,Debit,5103132578062947,2021-11-01,309,YES,1,1368,2000-10-01,2004,No
408,1038,Amex,Credit,335883869377870,2024-05-01,701,YES,1,8800,2020-01-01,2020,No
1683,1038,Mastercard,Credit,5218366662865531,2020-02-01,935,YES,2,8200,2020-02-01,2020,No
2509,1687,Mastercard,Debit,5818461677005751,2022-09-01,826,YES,2,2450,2006-04-01,2014,No
3193,1890,Mastercard,Debit,5696067026976484,2024-03-01,895,YES,2,10582,2017-05-01,2017,No
4308,544,Visa,Debit (Prepaid),4675676595760283,2023-01-01,456,YES,1,22,2009-08-01,2019,No
4309,810,Visa,Credit,4906111160520305,2022-08-01,595,YES,1,6900,2009-08-01,2010,No
4262,810,Mastercard,Debit,5250368406087297,2022-06-01,688,YES,2,12664,2008-08-01,2011,No
5517,810,Discover,Credit,6324447565023510,2008-12-01,928,YES,2,3700,2008-11-01,2011,No
2149,810,Mastercard,Debit,5991613423087630,2020-02-01,498,YES,1,15620,2007-03-01,2010,No
2414,810,Amex,Credit,310875942602694,2009-09-01,236,YES,2,10800,2001-04-01,2011,No
5254,810,Visa,Debit,4058117674791885,2021-10-01,881,YES,2,7014,2011-10-01,2011,No
1324,58,Mastercard,Debit,5850540702416613,2022-05-01,840,YES,2,23838,2013-02-01,2013,No
883,58,Visa,Debit,4744550421746165,2024-12-01,524,YES,1,17355,2020-01-01,2020,No
5496,1986,Mastercard,Debit,5235412796411233,2020-02-01,789,YES,1,16249,2007-11-01,2010,No
5443,1986,Visa,Debit,4696464603505748,2021-11-01,762,YES,2,14036,2005-11-01,2010,No
3064,1084,Mastercard,Debit,5424410190052621,2021-04-01,437,YES,1,19807,2010-05-01,2010,No
3232,1084,Amex,Credit,338539852038786,2017-05-01,921,YES,1,20900,2002-06-01,2011,No
5987,1084,Visa,Credit,4230182755483449,2020-05-01,741,YES,1,7400,2009-12-01,2009,No
3454,1084,Visa,Debit,4105025447291578,2023-07-01,810,YES,1,35268,2009-06-01,2009,No
3260,1349,Visa,Credit,4983219034734706,2021-10-01,787,YES,2,4600,2003-06-01,2003,No
5920,1349,Amex,Credit,387033663036057,2022-01-01,146,YES,1,6200,2008-12-01,2014,No
2089,1349,Mastercard,Debit,5370680073384833,2019-07-01,639,NO,2,4139,2005-03-01,2008,No
4310,1825,Visa,Debit,4588131276802665,2020-10-01,194,YES,1,23878,2009-08-01,2011,No
4182,1825,Mastercard,Credit,5003014471739100,2022-04-01,159,YES,2,10200,2006-08-01,2013,No
5636,1825,Visa,Debit (Prepaid),4946017526806506,2021-04-01,331,YES,2,48,2010-11-01,2014,No
5713,1825,Visa,Credit,4774719998524076,2021-09-01,912,YES,1,11300,2015-11-01,2015,No
4237,98,Amex,Credit,364639871761447,2024-11-01,54,YES,2,7700,2008-08-01,2010,No
4143,98,Visa,Credit,4502471811797983,2020-04-01,477,YES,1,8700,2004-08-01,2006,No
1128,615,Visa,Debit,4609580292509611,2021-08-01,303,YES,1,15338,2007-02-01,2011,No
5479,615,Amex,Credit,391140616580579,2021-04-01,207,YES,1,19900,2007-11-01,2011,No
4901,1488,Visa,Debit,4450244246196939,2023-05-01,339,YES,1,14249,2016-09-01,2016,No
1098,1488,Visa,Debit,4799094840755472,2011-03-01,152,YES,1,22124,2006-02-01,2010,No
5685,1488,Mastercard,Debit,5504145195168153,2022-04-01,611,YES,1,28580,2013-11-01,2013,No
2995,1488,Discover,Credit,6362095888524274,2020-02-01,180,YES,1,11900,2009-05-01,2011,No
1684,1488,Mastercard,Debit,5999258860780535,2024-06-01,737,YES,2,16731,2020-02-01,2020,No
4874,1488,Mastercard,Credit,5409789881160707,2021-04-01,252,NO,1,8500,2014-09-01,2014,No
3739,211,Mastercard,Debit,5751390473198116,2020-12-01,287,YES,2,12757,2005-07-01,2009,No
4746,211,Visa,Debit,4134647729232459,2020-08-01,517,YES,2,17013,2009-09-01,2009,No
1035,211,Mastercard,Debit,5266252138581561,2004-04-01,911,YES,2,11757,2004-02-01,2011,No
4730,1443,Mastercard,Debit,5449645261322618,2022-03-01,354,YES,2,16392,2009-09-01,2011,No
3749,1443,Visa,Credit,4982238579349184,2021-06-01,718,YES,1,8500,2005-07-01,2009,No
254,1443,Visa,Debit,4384381555415272,2018-06-01,608,YES,2,3973,2010-01-01,2016,No
3194,801,Mastercard,Debit,5933370673358517,2020-03-01,729,YES,2,15042,2017-05-01,2017,No
215,801,Visa,Credit,4237390837653269,2024-09-01,620,YES,1,8600,2009-01-01,2010,No
3366,801,Visa,Credit,4093859688530598,2022-07-01,643,YES,2,7100,2007-06-01,2007,No
3261,801,Visa,Debit,4116069421023162,2024-10-01,820,YES,2,9551,2003-06-01,2009,No
5772,801,Mastercard,Debit,5384803944238566,2020-08-01,811,YES,1,10311,2001-12-01,2006,No
4005,655,Amex,Credit,329049697835823,2017-01-01,852,YES,1,7700,2013-07-01,2013,No
4134,655,Mastercard,Debit,5775179305795307,2022-12-01,857,YES,2,11638,2004-08-01,2011,No
2133,655,Visa,Debit,4304623994462596,2023-09-01,750,YES,2,9285,2006-03-01,2011,No
1151,669,Mastercard,Debit,5816338605169387,2020-06-01,932,YES,1,11164,2008-02-01,2009,No
3793,669,Visa,Credit,4993477414094953,2024-10-01,698,YES,1,9900,2006-07-01,2011,No
4630,1726,Visa,Debit,4801854572462060,2011-09-01,591,YES,1,16750,2006-09-01,2012,No
1936,444,Visa,Debit (Prepaid),4897531644645196,2020-08-01,326,YES,1,80,2020-02-01,2020,No
1685,444,Mastercard,Debit,5084870986694899,2023-01-01,429,YES,1,12233,2020-02-01,2020,No
2236,418,Visa,Debit,4892957791439455,2009-10-01,711,YES,2,5216,2009-03-01,2009,No
639,418,Mastercard,Debit,5424759091285905,2024-09-01,971,YES,2,9082,2020-01-01,2020,No
434,418,Discover,Credit,6037017552543620,2024-03-01,945,YES,2,18100,2020-01-01,2020,No
1937,418,Visa,Credit,4474089244704703,2020-02-01,228,YES,1,11100,2020-02-01,2020,No
5591,242,Visa,Debit,4635113983149325,2024-09-01,511,YES,1,19158,2009-11-01,2010,No
5737,242,Mastercard,Debit,5431693041561231,2020-06-01,10,YES,1,19788,2018-11-01,2018,No
1229,242,Mastercard,Debit,5000761209331079,2021-02-01,797,YES,1,15259,2010-02-01,2010,No
2315,242,Mastercard,Debit,5250424530939349,2020-09-01,354,YES,2,19728,2013-03-01,2013,No
4144,242,Visa,Debit,4060108859418722,2009-08-01,710,YES,1,13530,2004-08-01,2011,No
2971,168,Mastercard,Debit,5417072753532786,2019-08-01,346,YES,1,142,2008-05-01,2012,No
1377,960,Visa,Debit,4008395642072931,2021-09-01,740,YES,1,16210,2017-02-01,2017,No
884,960,Visa,Credit,4641536059627815,2020-02-01,760,YES,1,15200,2020-01-01,2020,No
640,960,Mastercard,Debit,5863465955533497,2023-10-01,577,YES,2,24200,2020-01-01,2020,No
3351,1911,Mastercard,Debit (Prepaid),5958774087904387,2008-03-01,758,YES,1,82,2007-06-01,2009,No
4801,1911,Visa,Debit,4756126690850860,2020-06-01,872,YES,1,21057,2010-09-01,2010,No
4961,1911,Amex,Credit,360634127644380,2021-04-01,94,YES,1,8900,2002-10-01,2012,No
964,1911,Visa,Debit,4146154993993961,2022-09-01,26,NO,2,17789,1998-02-01,2019,No
3352,259,Mastercard,Debit,5738274444891252,2023-04-01,253,YES,2,14388,2007-06-01,2007,No
4569,259,Visa,Debit,4992225653748607,2024-08-01,385,YES,1,26582,2004-09-01,2005,No
358,259,Visa,Debit,4820068957704858,2023-05-01,694,YES,1,21619,2016-01-01,2016,No
3814,300,Mastercard,Debit,5809580055839541,2020-12-01,908,YES,1,32704,2007-07-01,2008,No
4494,1967,Mastercard,Debit (Prepaid),5369067205369598,2014-01-01,902,YES,1,70,1998-09-01,2006,No
2243,1967,Amex,Credit,315253583009303,2012-04-01,103,NO,1,23900,2010-03-01,2017,No
3367,1967,Visa,Debit,4738213924782743,2020-09-01,383,YES,2,38120,2007-06-01,2011,No
5088,1967,Mastercard,Debit,5718325041563276,2019-03-01,487,YES,1,5753,2007-10-01,2009,No
3463,434,Amex,Credit,386984033021293,2021-01-01,449,YES,2,15500,2010-06-01,2012,No
885,434,Visa,Debit,4006144248025423,2022-04-01,423,YES,2,21916,2020-01-01,2020,No
886,434,Visa,Debit,4400720809625437,2020-02-01,142,YES,1,25579,2020-01-01,2020,No
1021,1076,Mastercard,Debit,5612519597863979,2023-07-01,575,YES,1,16144,2003-02-01,2011,No
5742,1076,Mastercard,Debit,5085325105432052,2024-05-01,720,NO,1,12535,2019-11-01,2019,No
3027,1076,Visa,Credit,4579975371658952,2020-06-01,13,YES,2,7600,2009-05-01,2013,No
3858,1076,Mastercard,Debit,5288183247403846,2017-12-01,391,YES,1,14514,2008-07-01,2008,No
2358,1076,Mastercard,Credit,5410016015074479,2020-01-01,674,YES,2,7500,2016-03-01,2016,No
6033,723,Visa,Credit,4783560032101206,2022-12-01,606,YES,2,9700,2010-12-01,2011,No
6071,723,Mastercard,Debit,5984424268414258,2021-02-01,794,NO,1,18450,2012-12-01,2012,No
3368,723,Visa,Debit (Prepaid),4455523301338734,2021-05-01,617,YES,1,65,2007-06-01,2008,No
232,723,Mastercard,Debit,5737194797232030,2023-02-01,310,YES,2,13529,2010-01-01,2010,No
1206,723,Discover,Credit,6155749284043206,2023-12-01,616,YES,1,10300,2010-02-01,2013,No
3524,1398,Mastercard,Credit,5061425671526062,2022-09-01,21,NO,1,20100,2011-06-01,2012,No
200,1398,Mastercard,Debit (Prepaid),5446786190259541,2024-10-01,287,NO,2,61,2009-01-01,2016,No
5222,1398,Visa,Credit,4784578119131333,2018-09-01,526,YES,2,18100,2010-10-01,2010,No
4930,1398,Mastercard,Debit,5225250785593496,2024-12-01,71,YES,2,34731,1997-10-01,2011,No
216,1398,Visa,Debit,4290693805811514,2016-09-01,32,YES,1,23392,2009-01-01,2011,No
3008,1464,Mastercard,Debit (Prepaid),5930584948662061,2020-03-01,601,YES,2,52,2009-05-01,2012,No
3677,1464,Mastercard,Debit,5357083238089201,2020-06-01,131,YES,2,24129,2002-07-01,2018,No
3432,1505,Mastercard,Debit,5060989844010070,2021-02-01,181,NO,1,27847,2009-06-01,2011,No
1686,1505,Mastercard,Credit,5197842817300174,2022-12-01,763,YES,1,12100,2020-02-01,2020,No
2446,1130,Mastercard,Debit,5813380740656058,2021-02-01,778,YES,1,15847,2003-04-01,2010,No
92,1130,Amex,Credit,366703189364969,2024-01-01,3,YES,1,13500,2006-01-01,2010,No
4004,1130,Visa,Credit,4831171485300764,2022-07-01,704,YES,2,11400,2012-07-01,2012,No
2667,62,Visa,Debit,4511173067957927,2022-08-01,468,YES,2,5520,2010-04-01,2010,No
3369,62,Visa,Debit,4228336071745123,2023-06-01,445,NO,1,1559,2007-06-01,2010,No
3262,62,Visa,Debit,4129299581714216,2022-06-01,296,YES,2,11836,2003-06-01,2015,No
55,62,Mastercard,Debit,5966550024798424,2024-09-01,577,YES,1,19211,2004-01-01,2015,No
5138,62,Visa,Debit,4984630717840065,2019-08-01,910,YES,2,5909,2008-10-01,2012,No
2425,62,Visa,Debit,4888494328219559,2018-04-01,40,YES,2,16410,2001-04-01,2011,No
5142,1623,Amex,Credit,336043262314937,2020-04-01,467,YES,1,13300,2009-10-01,2009,No
4417,1623,Visa,Credit,4874803935373541,2015-11-01,840,YES,2,9300,2013-08-01,2013,No
1687,1623,Mastercard,Credit,5430424247547757,2020-02-01,262,YES,2,7200,2020-02-01,2020,No
6061,1416,Visa,Credit,4317393372526102,2022-07-01,837,YES,1,11900,2011-12-01,2011,No
4891,1416,Visa,Credit,4959412347021856,2023-04-01,714,YES,2,10500,2015-09-01,2015,No
2363,1416,Mastercard,Debit,5254338671695551,2018-08-01,492,YES,1,14865,2017-03-01,2017,No
3779,1416,Mastercard,Debit,5694994900500570,2020-06-01,517,YES,2,15298,2006-07-01,2009,No
3204,1416,Mastercard,Debit,5804559102457694,2020-06-01,32,YES,1,23481,1996-06-01,2012,No
2951,1416,Visa,Credit,4093144761309722,2022-01-01,231,YES,1,14700,2007-05-01,2014,No
3254,1416,Mastercard,Debit (Prepaid),5765279389616526,2024-07-01,43,YES,2,47,2003-06-01,2013,No
4644,1416,Mastercard,Debit,5804202825966463,2023-08-01,21,YES,1,22625,2007-09-01,2008,No
2160,1998,Visa,Debit (Prepaid),4969817527377037,2022-11-01,756,YES,1,110,2007-03-01,2007,No
4892,1998,Visa,Debit,4138210173016904,2021-06-01,76,YES,1,328,2015-09-01,2015,No
1258,1998,Visa,Credit,4573665962578726,2020-11-01,452,YES,2,100,2010-02-01,2011,No
3263,1299,Visa,Credit,4515199158031467,2021-10-01,329,YES,2,8800,2003-06-01,2016,No
3913,1299,Visa,Debit,4372530411325673,2020-11-01,694,YES,1,3942,2009-07-01,2016,No
6010,303,Mastercard,Debit,5505845036892827,2021-10-01,658,YES,1,32488,2010-12-01,2010,No
4194,303,Amex,Credit,387958574593201,2021-08-01,842,YES,1,20000,2007-08-01,2020,No
149,303,Amex,Credit,336029900720764,2020-10-01,696,NO,1,14500,2008-01-01,2011,No
4783,303,Mastercard,Debit,5064319723077999,2023-01-01,109,YES,1,25900,2010-09-01,2010,No
984,303,Visa,Credit,4077302487318693,2022-01-01,537,YES,1,14800,2000-02-01,2012,No
4824,303,Visa,Credit,4554398515333303,2023-02-01,112,YES,2,15600,2011-09-01,2011,No
2122,1138,Mastercard,Debit (Prepaid),5579265768450761,2020-02-01,223,YES,2,51,2006-03-01,2011,No
3139,1138,Visa,Credit,4103345732677836,2022-08-01,996,YES,2,5600,2013-05-01,2013,No
5292,1138,Mastercard,Debit,5788572539288230,2021-01-01,352,YES,2,13235,2014-10-01,2014,No
5801,1750,Visa,Debit (Prepaid),4999469198380755,2022-02-01,551,YES,2,33,2003-12-01,2010,No
3714,1750,Mastercard,Debit,5117465520730134,2020-04-01,950,YES,2,34675,2004-07-01,2018,No
4476,1117,Visa,Debit,4416198606646677,2020-12-01,143,YES,1,19824,2018-08-01,2018,No
1162,1117,Visa,Debit,4101718321165426,2020-02-01,388,YES,1,9827,2008-02-01,2009,No
3827,1322,Visa,Credit,4303989107608841,2024-07-01,515,YES,2,9700,2007-07-01,2009,No
366,878,Amex,Credit,314664594016772,2023-05-01,957,YES,2,5400,2018-01-01,2018,No
2770,878,Mastercard,Debit,5016370406985584,2018-03-01,313,YES,1,12079,2017-04-01,2017,No
2290,609,Visa,Debit,4162004533229299,2020-07-01,851,YES,2,19436,2011-03-01,2011,No
2892,609,Visa,Credit,4979556172920761,2024-08-01,507,YES,2,10600,2005-05-01,2005,No
4215,609,Mastercard,Credit,5396816689935407,2023-03-01,414,YES,1,9600,2007-08-01,2011,No
641,761,Mastercard,Debit,5269665726380864,2020-04-01,980,YES,1,17500,2020-01-01,2020,No
1688,761,Mastercard,Debit,5190760062981855,2020-03-01,810,YES,2,21797,2020-02-01,2020,No
1689,761,Mastercard,Credit,5705900872232418,2022-06-01,550,YES,1,16700,2020-02-01,2020,No
409,761,Amex,Credit,318070021444265,2022-12-01,160,YES,1,8800,2020-01-01,2020,No
4183,1313,Mastercard,Debit (Prepaid),5983193668955521,2021-05-01,265,YES,2,87,2006-08-01,2016,No
4135,1313,Mastercard,Credit,5533719099929402,2007-09-01,945,YES,2,6000,2004-08-01,2010,No
3750,1558,Visa,Debit,4836616684752344,2021-07-01,399,YES,2,10182,2005-07-01,2011,No
4747,1558,Visa,Debit,4114768485287188,2023-03-01,234,YES,1,2566,2009-09-01,2012,No
642,399,Mastercard,Debit,5104427511153647,2021-09-01,720,YES,1,25693,2020-01-01,2020,No
4970,399,Mastercard,Debit,5034696278823231,2020-11-01,154,YES,1,43122,2002-10-01,2011,No
3696,325,Mastercard,Debit,5416630687506723,2023-03-01,240,YES,2,5793,2003-07-01,2013,No
5035,325,Visa,Debit,4355016101875996,2023-07-01,864,YES,1,2950,2005-10-01,2014,No
4019,325,Discover,Credit,6635329128734622,2015-03-01,405,YES,1,6600,2014-07-01,2014,No
2344,325,Mastercard,Debit,5157654602857024,2021-01-01,61,YES,1,21378,2015-03-01,2015,No
2843,689,Mastercard,Debit,5132514461067101,2007-12-01,356,YES,1,29283,2003-05-01,2012,No
4486,1763,Visa,Debit,4680710047774163,2020-05-01,450,YES,1,12220,1993-09-01,2011,No
4297,1763,Mastercard,Debit,5300904662487175,2021-03-01,946,NO,1,30096,2009-08-01,2009,No
643,1763,Mastercard,Debit,5773517601936211,2020-02-01,656,YES,2,12068,2020-01-01,2020,No
644,717,Mastercard,Debit,5903210987711411,2024-10-01,288,YES,2,10039,2020-01-01,2020,No
1690,717,Mastercard,Debit (Prepaid),5709214226013916,2020-02-01,12,NO,2,66,2020-02-01,2020,No
645,717,Mastercard,Debit,5408447393977144,2020-02-01,466,YES,2,22043,2020-01-01,2020,No
887,717,Visa,Debit (Prepaid),4668401810025170,2022-06-01,651,YES,2,56,2020-01-01,2020,No
5738,717,Mastercard,Credit,5444281905653215,2023-09-01,74,YES,2,7100,2018-11-01,2018,No
145,884,Visa,Debit,4603341026600188,2012-05-01,611,YES,2,1112,2007-01-01,2013,No
2237,884,Visa,Debit,4219385006716246,2023-07-01,676,YES,2,8643,2009-03-01,2015,No
4748,884,Visa,Credit,4376956078073122,2020-11-01,45,YES,1,8800,2009-09-01,2012,No
1373,884,Mastercard,Debit (Prepaid),5457193458056810,2024-08-01,138,YES,2,68,2017-02-01,2017,No
1022,1701,Mastercard,Debit,5659646110824731,2016-07-01,243,YES,1,6949,2003-02-01,2008,No
5900,1701,Mastercard,Debit,5046483953202631,2021-11-01,440,YES,2,8169,2007-12-01,2007,No
3009,1701,Mastercard,Credit,5172226378448321,2022-12-01,648,YES,1,6400,2009-05-01,2010,No
646,117,Mastercard,Debit (Prepaid),5858496467111392,2023-09-01,491,NO,1,45,2020-01-01,2020,No
647,117,Mastercard,Debit,5207888548617783,2020-01-01,537,YES,2,14759,2020-01-01,2020,No
1691,117,Mastercard,Debit,5365464128698342,2021-03-01,127,YES,2,5372,2020-02-01,2020,No
5466,126,Mastercard,Debit,5877150082253441,2023-12-01,299,NO,1,12059,2006-11-01,2008,No
2191,126,Mastercard,Debit,5486956731385318,2013-11-01,963,YES,1,13823,2008-03-01,2011,No
5497,126,Mastercard,Debit,5110177937842500,2023-04-01,932,YES,1,13555,2007-11-01,2011,No
5872,126,Visa,Debit,4662466858823442,2024-05-01,280,YES,2,7991,2006-12-01,2009,No
2935,1051,Mastercard,Debit,5601903712765469,2020-02-01,584,YES,1,25935,2007-05-01,2012,No
1692,1051,Mastercard,Credit,5158541599253887,2021-10-01,471,YES,2,14100,2020-02-01,2020,No
5988,462,Visa,Debit,4340145979701817,2024-09-01,242,YES,1,18290,2009-12-01,2015,No
2397,462,Visa,Debit,4428689481735989,2022-03-01,698,YES,2,15322,1994-04-01,2009,No
1259,462,Visa,Debit (Prepaid),4262959598704280,2016-01-01,710,YES,1,22,2010-02-01,2013,No
3957,462,Visa,Credit,4955210270382749,2024-11-01,551,YES,2,5700,2010-07-01,2010,No
76,462,Mastercard,Debit,5131584971414266,2010-04-01,655,YES,2,26303,2005-01-01,2008,No
1938,1454,Visa,Credit,4268635785571601,2021-01-01,36,YES,2,12400,2020-02-01,2020,No
1164,1454,Amex,Credit,379047099954355,2023-11-01,178,YES,1,8200,2009-02-01,2009,No
4481,467,Mastercard,Debit,5318644266130472,2021-01-01,925,YES,2,31741,2019-08-01,2019,No
4278,467,Visa,Credit,4112282514083000,2021-07-01,619,YES,2,14500,2008-08-01,2010,No
3914,467,Visa,Credit,4622003534052016,2024-03-01,207,YES,2,11200,2009-07-01,2011,No
2324,1802,Visa,Credit,4642554061349246,2020-02-01,763,YES,2,8400,2013-03-01,2013,No
5836,1802,Mastercard,Debit,5189892950843584,2017-10-01,495,YES,2,36920,2005-12-01,2011,No
5125,1563,Mastercard,Debit,5018455451330735,2024-11-01,904,YES,3,1129,2008-10-01,2012,No
3479,1563,Mastercard,Credit,5377821284992062,2022-11-01,138,YES,1,2900,2010-06-01,2010,No
4030,1563,Visa,Debit,4720829352602343,2017-04-01,702,YES,2,11902,2014-07-01,2014,No
2054,1563,Visa,Debit,4793063304202945,2023-10-01,29,YES,1,9290,2003-03-01,2009,No
1427,1235,Amex,Credit,389499805815638,2024-02-01,391,YES,2,11500,2020-02-01,2020,No
1693,587,Mastercard,Debit (Prepaid),5209314764335788,2023-09-01,770,YES,1,28,2020-02-01,2020,No
1694,587,Mastercard,Debit,5893624216668665,2023-05-01,56,YES,2,10365,2020-02-01,2020,No
5259,709,Mastercard,Debit,5953738621410056,2022-12-01,144,YES,1,27123,2012-10-01,2012,No
6121,709,Mastercard,Debit,5585130631780942,2021-07-01,782,YES,2,26564,2016-12-01,2016,No
2747,709,Mastercard,Debit,5810782752163021,2021-10-01,359,YES,2,19915,2015-04-01,2015,No
888,1036,Visa,Debit,4431855128075923,2022-10-01,165,YES,1,17446,2020-01-01,2020,No
1939,1036,Visa,Debit,4732750497887754,2021-08-01,29,YES,2,7330,2020-02-01,2020,No
1292,372,Visa,Debit,4391595396891553,2020-07-01,346,YES,2,10876,2011-02-01,2011,No
64,929,Amex,Credit,375292277672255,2021-03-01,667,YES,2,36200,2005-01-01,2007,No
2821,253,Visa,Credit,4198207686929974,2021-03-01,480,YES,1,800,2001-05-01,2008,No
6143,253,Mastercard,Debit,5482273460029161,2024-07-01,79,NO,1,24690,2019-12-01,2019,No
146,1549,Visa,Debit (Prepaid),4402937579552709,2019-11-01,585,NO,2,85,2007-01-01,2018,No
4825,1549,Visa,Credit,4003846186083987,2024-08-01,474,YES,2,8800,2011-09-01,2011,No
3780,1549,Mastercard,Credit,5682264285595888,2020-04-01,798,YES,1,14200,2006-07-01,2009,No
3264,1549,Visa,Debit,4443781290442851,2020-06-01,841,NO,2,40920,2003-06-01,2015,No
4784,1549,Mastercard,Debit,5831664882961727,2023-09-01,915,YES,1,29936,2010-09-01,2011,No
5054,529,Mastercard,Debit (Prepaid),5951526923211192,2021-04-01,427,YES,1,73,2006-10-01,2009,No
5734,529,Visa,Debit,4915211682981554,2022-10-01,886,YES,1,18558,2017-11-01,2017,No
2621,529,Visa,Credit,4065997009484970,2024-01-01,446,YES,1,9300,2009-04-01,2013,No
3114,529,Amex,Credit,348640265728493,2024-06-01,591,YES,1,4500,2012-05-01,2012,No
183,1306,Visa,Debit,4840631262367435,2023-09-01,686,YES,2,17120,2008-01-01,2017,No
4610,1306,Mastercard,Credit,5600916670945192,2024-03-01,252,YES,1,0,2006-09-01,2010,No
5901,1798,Mastercard,Debit,5255777164020505,2022-04-01,678,YES,1,14162,2007-12-01,2015,No
4656,1798,Amex,Credit,356971060636319,2023-08-01,531,YES,1,9000,2008-09-01,2008,No
1940,389,Visa,Debit,4898395876038302,2021-07-01,574,YES,1,18699,2020-02-01,2020,No
1695,389,Mastercard,Debit,5854024331185026,2024-04-01,531,YES,2,13979,2020-02-01,2020,No
648,389,Mastercard,Debit,5520710322024815,2023-12-01,197,YES,1,22218,2020-01-01,2020,No
356,1829,Mastercard,Debit,5993983094110299,2021-01-01,784,NO,1,19884,2016-01-01,2016,No
649,1829,Mastercard,Credit,5693261287915412,2020-02-01,823,YES,1,10700,2020-01-01,2020,No
1696,1829,Mastercard,Credit,5344350231485244,2024-07-01,361,YES,1,6600,2020-02-01,2020,No
650,1392,Mastercard,Debit,5409055666511641,2021-03-01,923,NO,2,12014,2020-01-01,2020,No
889,1392,Visa,Debit,4351233548162610,2023-06-01,288,YES,2,8227,2020-01-01,2020,No
651,1392,Mastercard,Credit,5550873515782737,2022-07-01,556,YES,2,10100,2020-01-01,2020,No
1941,1949,Visa,Debit (Prepaid),4739715375933692,2021-08-01,229,YES,1,38,2020-02-01,2020,No
359,1881,Visa,Debit,4584347378978298,2021-03-01,249,YES,2,18548,2016-01-01,2016,No
1036,1881,Mastercard,Debit,5301585827591730,2004-03-01,529,YES,1,19030,2004-02-01,2007,No
2540,1881,Mastercard,Debit (Prepaid),5449948874033393,2009-10-01,208,YES,1,94,2007-04-01,2009,No
5318,1881,Visa,Debit,4524007081801504,2023-12-01,4,YES,1,17583,2016-10-01,2016,No
2554,1881,Visa,Debit,4592017788097897,2021-09-01,501,YES,1,20943,2007-04-01,2008,No
4653,1881,Visa,Credit,4908654507582365,2020-04-01,24,YES,2,15800,2007-09-01,2013,No
410,1706,Amex,Credit,348111868266561,2021-09-01,246,YES,1,7300,2020-01-01,2020,No
4420,1706,Amex,Credit,375447713582380,2016-01-01,91,YES,1,10600,2014-08-01,2014,No
3915,848,Visa,Debit,4354185735186651,2020-01-01,120,YES,1,19113,2009-07-01,2014,No
5423,848,Amex,Credit,349882494435592,2023-01-01,647,YES,1,13700,2005-11-01,2008,No
3938,1044,Mastercard,Debit,5934234383814305,2020-05-01,173,YES,2,16317,2010-07-01,2011,No
3065,1112,Mastercard,Credit,5783231256300889,2015-02-01,872,YES,1,6000,2010-05-01,2016,No
5848,1112,Visa,Debit,4087524697172925,2020-05-01,91,YES,2,4909,2005-12-01,2007,No
4330,1112,Mastercard,Debit,5622555186345236,2013-08-01,409,YES,2,14702,2010-08-01,2010,No
652,1112,Mastercard,Debit,5912994287217501,2020-06-01,291,YES,1,10896,2020-01-01,2020,No
653,1112,Mastercard,Debit,5626395550412597,2023-04-01,678,YES,1,3526,2020-01-01,2020,No
5202,1112,Mastercard,Debit,5329917409393426,2024-03-01,300,YES,2,10083,2010-10-01,2010,No
5432,802,Mastercard,Credit,5444299345162204,2024-02-01,480,YES,2,18300,2005-11-01,2014,No
2291,802,Visa,Credit,4637446539727375,2021-05-01,107,YES,2,21400,2011-03-01,2011,No
5293,802,Mastercard,Debit,5564701470778719,2024-10-01,739,YES,1,20886,2014-10-01,2014,No
5676,802,Mastercard,Debit,5907261370634843,2024-07-01,645,YES,1,27701,2012-11-01,2012,No
233,859,Mastercard,Credit,5753025722639048,2023-09-01,224,YES,2,8800,2010-01-01,2010,No
2304,859,Mastercard,Debit,5224418160535170,2021-07-01,724,YES,2,20354,2012-03-01,2012,No
4014,859,Visa,Debit,4318671654054716,2020-10-01,37,YES,2,14695,2013-07-01,2013,No
3480,859,Mastercard,Debit,5947211336145075,2024-03-01,807,YES,2,16783,2010-06-01,2011,No
5223,441,Visa,Debit,4135867565103066,2024-12-01,486,YES,1,21087,2010-10-01,2016,No
4433,879,Mastercard,Debit,5798962665831209,2024-09-01,304,YES,1,10966,2014-08-01,2014,No
4500,879,Visa,Debit,4988862076390748,2024-08-01,244,YES,2,12184,1999-09-01,2010,No
2192,879,Mastercard,Credit,5674236311971700,2024-03-01,955,YES,1,5100,2008-03-01,2015,No
1942,1437,Visa,Debit,4854757670875227,2020-02-01,239,YES,2,30404,2020-02-01,2020,No
6062,1437,Visa,Debit,4035380547578392,2022-04-01,750,YES,2,13193,2011-12-01,2011,No
4385,1437,Visa,Credit,4504840142387818,2023-07-01,344,YES,1,11400,2011-08-01,2019,No
5818,1437,Mastercard,Debit,5809285273861427,2021-05-01,79,YES,2,16959,2004-12-01,2014,No
3195,1413,Mastercard,Debit,5135176048333370,2024-09-01,832,YES,1,14927,2017-05-01,2017,No
2754,1413,Visa,Debit,4793567137334721,2024-12-01,45,NO,1,13760,2015-04-01,2015,No
2255,1413,Mastercard,Debit,5875822666213917,2021-04-01,269,YES,2,17023,2010-03-01,2011,No
1104,1413,Discover,Credit,6945679421971452,2020-10-01,816,YES,1,6500,2007-02-01,2014,No
4673,1413,Mastercard,Debit,5703901298391167,2010-11-01,436,YES,2,15562,2008-09-01,2016,No
1182,1710,Mastercard,Debit,5130947171604512,2023-12-01,342,YES,2,17611,2009-02-01,2011,No
3502,1710,Visa,Credit,4945896135256781,2021-05-01,82,YES,1,11700,2010-06-01,2014,No
1363,1710,Discover,Credit,6449625285546786,2020-11-01,985,YES,1,6600,2016-02-01,2016,No
3353,1037,Mastercard,Debit,5281988379479420,2020-04-01,313,YES,2,4230,2007-06-01,2008,No
1303,1037,Mastercard,Credit,5669892249102759,2013-06-01,518,YES,2,7500,2012-02-01,2012,No
654,966,Mastercard,Debit,5612228528720084,2022-10-01,458,YES,2,1077,2020-01-01,2020,No
655,107,Mastercard,Debit (Prepaid),5738671537483072,2021-09-01,427,YES,1,98,2020-01-01,2020,No
2150,107,Mastercard,Credit,5527178999283012,2007-09-01,561,YES,1,5500,2007-03-01,2015,No
2708,107,Visa,Credit,4710429105538737,2015-04-01,958,YES,2,5500,2012-04-01,2012,No
5349,107,Mastercard,Debit,5069297201755228,2022-10-01,922,NO,2,9898,1996-11-01,2011,No
255,107,Visa,Debit (Prepaid),4664388076567373,2022-03-01,796,NO,1,66,2010-01-01,2011,No
2065,1247,Mastercard,Debit,5287003468674175,2022-10-01,799,NO,2,13095,2004-03-01,2018,No
1073,1247,Visa,Debit,4022230098961139,2021-05-01,90,YES,1,30822,2005-02-01,2015,No
3370,1247,Visa,Debit,4303658032034982,2023-04-01,673,YES,2,16764,2007-06-01,2007,No
5837,1247,Mastercard,Credit,5064938627957332,2022-05-01,742,NO,2,5700,2005-12-01,2010,No
5686,1247,Mastercard,Debit,5905151932957268,2023-07-01,407,YES,1,18482,2013-11-01,2013,No
890,700,Visa,Debit (Prepaid),4940531959877089,2020-10-01,374,YES,2,33,2020-01-01,2020,No
891,1363,Visa,Debit,4429857777537289,2020-01-01,404,YES,2,21692,2020-01-01,2020,No
656,1363,Mastercard,Credit,5607389851323321,2023-04-01,557,YES,1,11200,2020-01-01,2020,No
657,10,Mastercard,Debit,5686764662723286,2022-03-01,113,YES,1,24602,2020-01-01,2020,No
3405,10,Visa,Debit,4236022081985704,2016-10-01,326,YES,2,44390,2008-06-01,2009,No
3296,1725,Mastercard,Debit,5197218235211418,2021-01-01,955,YES,2,30950,2005-06-01,2020,No
4998,1725,Visa,Debit,4193057506301353,2023-06-01,602,YES,1,4723,2003-10-01,2011,No
2238,1725,Visa,Debit,4872357106200453,2021-05-01,17,YES,1,12325,2009-03-01,2009,No
2814,1725,Mastercard,Debit (Prepaid),5566680974439314,2010-02-01,454,YES,2,15,2001-05-01,2009,No
4999,1725,Visa,Debit,4119268573253939,2022-09-01,247,YES,2,28166,2003-10-01,2015,No
3525,1725,Mastercard,Debit,5810332499908324,2024-12-01,932,YES,1,14056,2011-06-01,2011,No
6011,1145,Mastercard,Debit,5350628456401491,2024-11-01,382,YES,1,35169,2010-12-01,2012,No
4331,1145,Mastercard,Credit,5309736298494191,2022-03-01,728,YES,1,17500,2010-08-01,2011,No
5444,1145,Visa,Debit (Prepaid),4443040432064205,2012-03-01,861,YES,2,33,2005-11-01,2010,No
2844,864,Mastercard,Credit,5404748709503428,2021-10-01,943,NO,2,18300,2003-05-01,2008,No
3526,864,Mastercard,Credit,5766890677028200,2022-12-01,9,YES,3,5700,2011-06-01,2011,No
4802,864,Visa,Credit,4544774001344065,2024-09-01,527,YES,1,19100,2010-09-01,2015,No
3649,1357,Amex,Credit,336494766392092,2020-11-01,600,YES,2,11100,1998-07-01,2016,No
5615,1357,Mastercard,Debit,5546537643480546,2021-02-01,748,YES,2,2833,2010-11-01,2013,No
2990,1357,Visa,Debit,4580468046825266,2012-04-01,101,YES,1,12833,2008-05-01,2010,No
5105,1357,Amex,Credit,305833889455873,2024-07-01,198,YES,2,7500,2008-10-01,2008,No
65,1357,Amex,Credit,302737588175602,2020-04-01,900,YES,2,14600,2005-01-01,2014,No
4611,1357,Mastercard,Debit (Prepaid),5042598887023376,2017-08-01,909,YES,1,100,2006-09-01,2014,No
4488,1357,Amex,Credit,323578133531197,2022-06-01,404,YES,1,8000,1995-09-01,2003,No
1044,1344,Visa,Credit,4937394377002273,2021-05-01,20,YES,1,5300,2004-02-01,2007,No
1027,1344,Visa,Debit,4386594468368100,2023-03-01,765,YES,2,22601,2003-02-01,2010,No
1697,1252,Mastercard,Debit,5873838154222952,2020-02-01,759,YES,2,27556,2020-02-01,2020,No
1943,1252,Visa,Debit (Prepaid),4725811445977510,2020-08-01,276,YES,2,29,2020-02-01,2020,No
1698,935,Mastercard,Debit,5081978309209093,2022-01-01,860,YES,1,19753,2020-02-01,2020,No
658,935,Mastercard,Debit,5743528973419482,2020-11-01,702,YES,1,15527,2020-01-01,2020,No
892,935,Visa,Debit,4025612938343507,2020-09-01,547,NO,1,16056,2020-01-01,2020,No
4349,1748,Visa,Debit,4658834560157747,2020-03-01,222,YES,1,9272,2010-08-01,2011,No
4971,1123,Mastercard,Credit,5936059093647862,2020-07-01,739,YES,1,9000,2002-10-01,2010,No
3010,1123,Mastercard,Debit (Prepaid),5789926821361976,2021-04-01,833,YES,2,83,2009-05-01,2010,No
4350,1123,Visa,Debit,4292936340098046,2016-04-01,106,YES,2,1394,2010-08-01,2015,No
125,546,Amex,Credit,391488790203553,2020-06-01,195,YES,1,17900,2007-01-01,2010,No
4813,546,Mastercard,Debit,5928320194768562,2016-08-01,838,YES,2,2559,2011-09-01,2011,No
4495,546,Mastercard,Debit,5632931851516080,2023-10-01,688,YES,2,9285,1998-09-01,2013,No
3433,430,Mastercard,Debit (Prepaid),5203903413139239,2023-08-01,495,NO,2,130,2009-06-01,2009,No
4351,430,Visa,Credit,4781372317032583,2023-02-01,403,YES,1,13400,2010-08-01,2010,No
150,430,Amex,Credit,320312548990885,2013-08-01,628,YES,1,9200,2008-01-01,2009,No
5768,430,Visa,Credit,4148787669895828,2022-08-01,50,YES,1,17700,2000-12-01,2009,No
2860,430,Mastercard,Debit,5346827663529174,2024-10-01,54,NO,2,37634,2004-05-01,2006,No
2265,61,Visa,Credit,4759060378229068,2024-08-01,148,YES,1,25200,2010-03-01,2020,No
2622,61,Visa,Debit,4251438588647763,2021-03-01,177,YES,2,27878,2009-04-01,2011,No
3503,61,Visa,Debit,4873170994873047,2021-12-01,510,YES,2,19264,2010-06-01,2010,No
5036,1621,Visa,Credit,4601495519183808,2012-04-01,833,YES,1,17000,2005-10-01,2016,No
1053,1621,Mastercard,Debit,5822238075477046,2008-12-01,299,NO,2,14681,2005-02-01,2012,No
2709,1621,Visa,Credit,4035574637806082,2020-04-01,28,NO,3,25100,2012-04-01,2012,No
2316,1621,Mastercard,Debit,5252385354093904,2023-02-01,874,YES,2,54842,2013-03-01,2013,No
1944,413,Visa,Credit,4775884194235989,2020-02-01,411,YES,2,16900,2020-02-01,2020,No
893,413,Visa,Credit,4544713227326156,2020-12-01,4,YES,1,12800,2020-01-01,2020,No
1699,269,Mastercard,Debit (Prepaid),5701332239788541,2023-07-01,299,YES,1,86,2020-02-01,2020,No
5332,269,Visa,Debit (Prepaid),4847294655009003,2022-10-01,440,YES,1,61,2018-10-01,2018,No
1945,269,Visa,Debit (Prepaid),4119373610006563,2021-04-01,374,YES,1,55,2020-02-01,2020,No
265,37,Discover,Credit,6845375674595536,2024-02-01,943,YES,1,0,2011-01-01,2011,No
1230,37,Mastercard,Debit,5417518550067026,2022-12-01,737,YES,1,10608,2010-02-01,2010,No
1183,37,Mastercard,Debit,5345636299699533,2013-02-01,788,YES,1,16315,2009-02-01,2010,No
659,37,Mastercard,Debit,5503299875661525,2020-02-01,924,YES,1,20587,2020-01-01,2020,No
4044,1793,Amex,Credit,320032582560720,2020-09-01,917,YES,2,7300,2016-07-01,2016,No
290,1793,Visa,Debit (Prepaid),4525019658850214,2022-10-01,425,YES,2,60,2011-01-01,2011,No
4452,1793,Visa,Debit (Prepaid),4319964166566927,2023-01-01,205,NO,1,69,2015-08-01,2015,No
1700,1793,Mastercard,Debit (Prepaid),5538874717660586,2023-09-01,671,YES,1,90,2020-02-01,2020,No
5181,1846,Visa,Debit,4700227604701791,2012-10-01,163,YES,1,11714,2009-10-01,2014,No
1346,1846,Mastercard,Credit,5618611337229363,2021-12-01,114,NO,2,6400,2014-02-01,2014,No
2373,1846,Mastercard,Debit (Prepaid),5302877087935862,2018-08-01,213,YES,1,84,2018-03-01,2018,No
3297,1846,Mastercard,Credit,5762316813851481,2022-10-01,722,NO,1,6900,2005-06-01,2012,No
4899,116,Mastercard,Debit (Prepaid),5236777406383687,2020-10-01,234,YES,1,64,2016-09-01,2016,No
6072,116,Mastercard,Debit,5463788030135116,2024-12-01,236,YES,2,37377,2012-12-01,2012,No
5989,752,Visa,Debit,4571249574954358,2022-09-01,588,YES,2,11002,2009-12-01,2009,No
4105,752,Visa,Debit,4048255744655078,2020-07-01,307,NO,2,19765,2001-08-01,2009,No
2465,752,Mastercard,Credit,5971047131415221,2018-02-01,191,NO,1,12900,2004-04-01,2010,No
1701,1185,Mastercard,Debit,5802516154574090,2021-07-01,566,YES,1,22353,2020-02-01,2020,No
5990,683,Visa,Debit,4998445442709639,2021-03-01,899,YES,2,28696,2009-12-01,2009,No
4731,683,Mastercard,Credit,5587200077332468,2023-12-01,661,YES,1,20700,2009-09-01,2010,No
1054,683,Mastercard,Debit,5079107565180218,2023-02-01,905,YES,1,14868,2005-02-01,2013,No
4279,683,Visa,Debit (Prepaid),4206153698593049,2012-12-01,9,YES,1,78,2008-08-01,2008,No
6012,683,Mastercard,Debit,5521151206022377,2020-05-01,641,YES,2,1633,2010-12-01,2012,No
1428,903,Amex,Credit,330491125625090,2024-11-01,856,YES,1,15700,2020-02-01,2020,No
1702,903,Mastercard,Debit (Prepaid),5789086009227522,2023-04-01,492,YES,2,60,2020-02-01,2020,No
1946,903,Visa,Debit,4396300530343290,2023-08-01,768,YES,2,5222,2020-02-01,2020,No
1947,903,Visa,Debit,4316804623436512,2022-07-01,145,YES,1,14897,2020-02-01,2020,No
1703,903,Mastercard,Credit,5270606118993945,2021-12-01,99,YES,2,10500,2020-02-01,2020,No
5902,559,Mastercard,Debit,5579186804778775,2022-04-01,880,YES,1,17130,2007-12-01,2011,No
1093,559,Mastercard,Debit,5017284678566476,2022-05-01,246,YES,2,9852,2006-02-01,2012,No
2193,1338,Mastercard,Debit,5507680552446400,2020-09-01,227,YES,1,20479,2008-03-01,2008,No
2194,1338,Mastercard,Debit (Prepaid),5147068410331391,2011-09-01,725,YES,1,100,2008-03-01,2011,No
3099,75,Mastercard,Credit,5689040853282702,2021-10-01,551,YES,2,9200,2011-05-01,2011,No
2227,75,Mastercard,Debit,5122476616301895,2020-05-01,133,YES,1,17314,2009-03-01,2011,No
3781,75,Mastercard,Debit,5304039785163827,2023-09-01,849,YES,1,20605,2006-07-01,2011,No
4113,75,Discover,Credit,6798120561105479,2024-05-01,373,NO,2,9500,2003-08-01,2005,No
1453,861,Discover,Credit,6546589729646885,2020-02-01,99,YES,2,10600,2020-02-01,2020,No
4078,100,Mastercard,Debit,5561095552395447,2023-12-01,957,YES,1,34065,2019-07-01,2019,No
2571,100,Mastercard,Credit,5051745688370284,2016-03-01,195,YES,1,16200,2008-04-01,2013,No
2208,100,Visa,Debit (Prepaid),4730478240405316,2024-12-01,114,YES,2,2,2008-03-01,2010,No
1045,100,Visa,Debit,4084349539485967,2022-04-01,536,YES,1,26714,2004-02-01,2010,No
5000,100,Visa,Debit,4600429352082372,2020-01-01,674,YES,2,41084,2003-10-01,2012,No
3782,100,Mastercard,Debit,5706014273634676,2008-05-01,360,YES,2,11392,2006-07-01,2015,No
5903,100,Mastercard,Debit,5121412939946667,2022-10-01,799,YES,2,21205,2007-12-01,2011,No
3148,1140,Mastercard,Debit,5554081439634551,2022-07-01,695,YES,2,22409,2014-05-01,2014,No
660,1140,Mastercard,Debit,5911201546356823,2020-11-01,172,YES,1,26275,2020-01-01,2020,No
3873,1140,Visa,Debit (Prepaid),4351720469066759,2020-08-01,218,YES,1,74,2008-07-01,2011,No
2845,1140,Mastercard,Debit,5152235839088172,2023-07-01,469,NO,2,27298,2003-05-01,2007,No
2195,1140,Mastercard,Debit (Prepaid),5967896787942497,2024-08-01,949,YES,1,61,2008-03-01,2010,No
41,1140,Mastercard,Credit,5586713288069328,2022-07-01,232,YES,2,17000,2003-01-01,2009,No
411,531,Amex,Credit,334781877942824,2023-09-01,660,YES,1,6700,2020-01-01,2020,No
1948,531,Visa,Credit,4969893593143817,2022-10-01,58,YES,1,9600,2020-02-01,2020,No
894,531,Visa,Debit,4746520577856918,2020-07-01,959,YES,1,16350,2020-01-01,2020,No
1704,279,Mastercard,Credit,5201739490879007,2022-03-01,620,NO,2,8500,2020-02-01,2020,No
1949,279,Visa,Debit,4390973591646087,2020-02-01,260,YES,2,29078,2020-02-01,2020,No
1129,362,Visa,Debit,4385365268806508,2024-09-01,151,YES,2,11868,2007-02-01,2015,No
5474,362,Visa,Debit,4362821338983929,2024-09-01,272,YES,1,9708,2006-11-01,2013,No
3740,362,Mastercard,Debit,5846069874081323,2008-11-01,812,YES,2,16541,2005-07-01,2011,No
117,1458,Visa,Debit,4529699535483304,2021-05-01,329,YES,1,10982,2006-01-01,2011,No
5243,1458,Mastercard,Debit,5016909247780196,2020-06-01,479,NO,2,11094,2011-10-01,2011,No
895,1458,Visa,Credit,4733347153706598,2020-07-01,265,YES,2,8000,2020-01-01,2020,No
4814,1458,Mastercard,Debit,5793823082189569,2020-01-01,210,YES,1,7535,2011-09-01,2011,No
5741,976,Visa,Debit,4097569831392145,2022-07-01,289,YES,1,24296,2018-11-01,2018,No
6048,976,Mastercard,Debit,5966652632775568,2023-05-01,536,YES,1,20816,2011-12-01,2011,No
2169,976,Discover,Credit,6574776064588951,2022-06-01,509,YES,2,14700,2008-03-01,2019,No
3455,976,Visa,Debit,4440574696341642,2020-04-01,962,NO,2,17145,2009-06-01,2010,No
4501,976,Visa,Debit,4752612253568533,2022-08-01,162,YES,1,11391,1999-09-01,2015,No
5677,71,Mastercard,Debit (Prepaid),5017252384270871,2022-07-01,389,YES,2,69,2012-11-01,2012,No
3481,71,Mastercard,Credit,5344072434039629,2012-05-01,462,YES,2,9100,2010-06-01,2016,No
3354,375,Mastercard,Debit,5492294137017692,2012-08-01,745,YES,2,22137,2007-06-01,2007,No
5537,375,Mastercard,Debit,5673229210000459,2010-05-01,141,NO,1,13698,2008-11-01,2010,No
2608,375,Mastercard,Debit,5594766760079503,2020-01-01,541,YES,1,17598,2009-04-01,2009,No
4580,403,Mastercard,Debit,5523941420112539,2021-07-01,71,YES,1,6957,2005-09-01,2011,No
3988,983,Visa,Debit,4832794053001176,2021-11-01,588,YES,1,20839,2011-07-01,2011,No
5333,983,Visa,Debit,4481338830716771,2022-10-01,467,YES,1,28004,2018-10-01,2018,No
5573,983,Mastercard,Debit,5743016565516756,2009-12-01,138,YES,1,19114,2009-11-01,2010,No
6049,983,Mastercard,Debit,5146883948059613,2018-06-01,867,YES,2,13657,2011-12-01,2011,No
1023,983,Mastercard,Debit,5486627600298205,2022-07-01,125,YES,1,23404,2003-02-01,2010,No
2151,435,Mastercard,Debit,5329257764930749,2021-03-01,359,YES,2,4898,2007-03-01,2015,No
2609,435,Mastercard,Debit,5903653067942572,2020-09-01,25,NO,1,10654,2009-04-01,2010,No
2572,542,Mastercard,Credit,5606160450914606,2023-08-01,46,YES,2,6600,2008-04-01,2016,No
4979,542,Amex,Credit,333480454420533,2020-09-01,392,NO,1,8300,2003-10-01,2011,No
4195,542,Amex,Credit,379940351891689,2020-11-01,954,YES,2,12300,2007-08-01,2012,No
2025,542,Mastercard,Credit,5941275556386094,2024-03-01,128,YES,1,5500,2001-03-01,2010,No
4311,542,Visa,Credit,4888461276072573,2022-10-01,747,YES,1,5900,2009-08-01,2010,No
4263,1090,Mastercard,Debit,5839584564422187,2024-06-01,206,NO,1,26404,2008-08-01,2011,No
3619,1090,Mastercard,Debit,5620855750640306,2023-08-01,492,NO,1,18773,2017-06-01,2017,No
4312,1090,Visa,Debit,4539066236622195,2019-02-01,145,NO,2,21087,2009-08-01,2009,No
1293,1090,Visa,Credit,4667046973414964,2023-05-01,952,YES,2,14400,2011-02-01,2011,No
5445,1090,Visa,Credit,4973318740626868,2024-08-01,586,YES,1,11400,2005-11-01,2010,No
2799,60,Mastercard,Debit,5713112635487348,2020-02-01,796,YES,1,11159,1998-05-01,2015,No
4581,60,Mastercard,Debit,5409541769328200,2017-04-01,23,YES,1,10233,2005-09-01,2017,No
5475,60,Visa,Debit (Prepaid),4326714873054572,2024-05-01,692,YES,3,45,2006-11-01,2012,No
4544,60,Visa,Credit,4372866189717850,2020-11-01,785,YES,2,6400,2003-09-01,2010,No
4118,287,Mastercard,Debit,5384350370649513,2023-09-01,549,YES,1,14070,2003-08-01,2014,No
5783,287,Mastercard,Debit,5299823964392127,2023-12-01,273,NO,2,2159,2002-12-01,2006,No
3527,287,Mastercard,Debit,5291762862057509,2020-10-01,269,YES,1,26425,2011-06-01,2011,No
5498,1857,Mastercard,Debit,5642734548545159,2018-11-01,405,YES,2,66781,2007-11-01,2009,No
4418,1857,Visa,Debit,4568370619528049,2023-07-01,983,YES,1,47684,2013-08-01,2013,No
5089,1857,Mastercard,Credit,5571571366314376,2024-07-01,126,YES,1,27700,2007-10-01,2013,No
4015,1857,Visa,Credit,4915308819332544,2023-05-01,776,YES,2,10700,2013-07-01,2013,No
896,1857,Visa,Debit,4698439364398046,2021-02-01,414,YES,1,49679,2020-01-01,2020,No
2473,1291,Visa,Credit,4381113346368526,2023-11-01,51,YES,2,1900,2004-04-01,2011,No
5139,1291,Visa,Debit,4448948827886660,2021-01-01,687,YES,1,11885,2008-10-01,2011,No
4785,408,Mastercard,Debit,5335828686031643,2015-02-01,167,YES,2,785,2010-09-01,2010,No
4960,408,Visa,Credit,4749273777651489,2022-03-01,809,YES,2,6900,2001-10-01,2011,No
2515,408,Visa,Debit,4450794746298149,2018-12-01,502,YES,1,22457,2006-04-01,2010,No
3528,173,Mastercard,Debit,5072626821657978,2022-08-01,701,YES,2,14701,2011-06-01,2011,No
3916,173,Visa,Debit (Prepaid),4589358638611077,2023-03-01,207,YES,1,3,2009-07-01,2020,No
981,173,Mastercard,Debit,5659101740652440,2002-02-01,501,YES,2,23502,2000-02-01,2020,No
3066,173,Mastercard,Debit (Prepaid),5926977700240338,2021-12-01,508,YES,2,44,2010-05-01,2010,No
2228,1787,Mastercard,Debit,5686962857502766,2022-06-01,257,YES,1,27590,2009-03-01,2010,No
4826,1787,Visa,Debit,4230041150211486,2024-07-01,872,YES,1,37338,2011-09-01,2011,No
4645,1787,Mastercard,Credit,5409754518829059,2023-04-01,806,YES,1,15500,2007-09-01,2012,No
5849,1787,Visa,Debit,4420367772042775,2007-05-01,704,YES,2,33807,2005-12-01,2008,No
4978,1787,Visa,Debit,4063898777653037,2002-10-01,671,YES,2,24056,2002-10-01,2009,No
3207,1787,Visa,Credit,4616160672677136,2003-10-01,410,YES,2,11400,1998-06-01,2007,No
990,1800,Mastercard,Debit (Prepaid),5214165168049372,2011-10-01,254,YES,2,37,2001-02-01,2004,No
1130,1800,Visa,Credit,4275119808129751,2014-01-01,864,YES,1,11000,2007-02-01,2010,No
5538,438,Mastercard,Debit,5538862189927591,2023-12-01,664,YES,2,2307,2008-11-01,2010,No
2623,438,Visa,Debit,4763832977457199,2009-12-01,581,YES,2,10362,2009-04-01,2015,No
5265,1988,Visa,Debit,4359389213795356,2023-10-01,546,YES,1,37318,2012-10-01,2012,No
4216,1988,Mastercard,Credit,5056150001403124,2008-12-01,451,YES,1,22800,2007-08-01,2007,No
2161,1988,Visa,Debit,4169838718882754,2021-05-01,899,YES,1,57294,2007-03-01,2010,No
3100,1988,Mastercard,Debit,5565968548709329,2024-07-01,877,YES,2,30024,2011-05-01,2011,No
6063,1988,Visa,Credit,4610405635857644,2019-10-01,524,YES,2,37400,2011-12-01,2011,No
1705,1143,Mastercard,Debit,5313259691069761,2022-08-01,972,YES,2,21147,2020-02-01,2020,No
2610,1250,Mastercard,Debit,5249391871473894,2024-02-01,845,YES,1,11857,2009-04-01,2011,No
5446,1250,Visa,Debit,4453842040369230,2020-09-01,179,YES,1,21148,2005-11-01,2011,No
5419,1250,Visa,Credit,4481967137410492,2022-09-01,198,YES,1,7500,2004-11-01,2016,No
4352,1250,Visa,Debit,4009698492021262,2021-04-01,907,YES,2,16261,2010-08-01,2016,No
2904,1250,Mastercard,Debit,5695828176341633,2021-12-01,792,YES,2,14116,2006-05-01,2015,No
897,1767,Visa,Debit,4190381537189189,2024-03-01,939,YES,1,23677,2020-01-01,2020,No
898,1767,Visa,Debit (Prepaid),4495572757942995,2020-12-01,474,YES,3,69,2020-01-01,2020,No
201,1072,Mastercard,Debit,5840476864492037,2020-03-01,155,NO,1,6326,2009-01-01,2010,No
1706,1841,Mastercard,Debit,5207003416805344,2020-07-01,717,YES,2,12461,2020-02-01,2020,No
1374,1841,Mastercard,Debit,5987109951536861,2019-04-01,424,YES,2,17386,2017-02-01,2017,No
1950,1841,Visa,Credit,4076004030170552,2024-01-01,180,NO,2,11300,2020-02-01,2020,No
314,1202,Mastercard,Debit,5905486726598062,2014-10-01,426,YES,1,1,2013-01-01,2013,No
4438,1202,Visa,Debit,4367131765938550,2023-12-01,935,NO,2,1,2014-08-01,2014,No
2885,1202,Mastercard,Credit,5690597003085826,2024-01-01,546,YES,2,0,2005-05-01,2012,No
1951,235,Visa,Debit,4943014295329210,2024-06-01,641,YES,1,23069,2020-02-01,2020,No
1333,235,Visa,Debit,4870540675741457,2024-04-01,716,YES,1,15578,2013-02-01,2013,No
5126,235,Mastercard,Debit,5541258980261232,2015-06-01,131,YES,1,29648,2008-10-01,2011,No
6064,235,Visa,Credit,4112534725146358,2018-10-01,18,YES,1,25300,2011-12-01,2017,No
4757,1766,Amex,Credit,304236119500152,2020-08-01,954,YES,1,8200,2010-09-01,2012,No
3011,1766,Mastercard,Debit,5555216812366873,2023-05-01,871,YES,1,9257,2009-05-01,2009,No
3684,1766,Visa,Debit,4441595356669115,2021-07-01,849,YES,1,319,2002-07-01,2016,No
2066,1766,Mastercard,Debit,5960254965868032,2024-06-01,91,YES,1,5141,2004-03-01,2012,No
5665,1702,Visa,Debit,4765160616096366,2022-05-01,140,YES,2,23343,2011-11-01,2011,No
5244,1702,Mastercard,Debit,5754587881449040,2021-11-01,859,YES,2,18624,2011-10-01,2011,No
2755,1702,Visa,Debit,4044157806268502,2020-07-01,642,YES,1,15145,2015-04-01,2015,No
2701,1702,Mastercard,Debit,5717363470674555,2020-02-01,98,YES,2,22787,2012-04-01,2012,No
5749,1702,Visa,Debit (Prepaid),4937261009416652,2023-05-01,873,YES,1,94,1994-12-01,2011,No
4674,1142,Mastercard,Debit,5114438569807444,2020-02-01,461,YES,2,43984,2008-09-01,2013,No
4842,1142,Visa,Credit,4380226554679223,2022-09-01,593,YES,2,20600,2012-09-01,2012,No
4217,1142,Mastercard,Debit,5954583689426808,2022-11-01,655,YES,2,29144,2007-08-01,2010,No
4368,1653,Mastercard,Debit,5629986215875755,2024-11-01,116,YES,2,25613,2011-08-01,2016,No
1707,1982,Mastercard,Debit,5979667204791664,2020-02-01,983,YES,2,24954,2020-02-01,2020,No
3482,1982,Mastercard,Debit,5919565574478949,2024-10-01,306,YES,1,24638,2010-06-01,2010,No
899,1423,Visa,Credit,4824475251141291,2024-01-01,450,YES,2,3400,2020-01-01,2020,No
5863,48,Mastercard,Debit (Prepaid),5640392134523713,2021-05-01,10,YES,2,79,2006-12-01,2020,No
3456,48,Visa,Debit,4456924264973452,2024-03-01,483,YES,2,10099,2009-06-01,2013,No
1294,48,Visa,Debit,4441378583955445,2022-12-01,568,YES,2,15018,2011-02-01,2011,No
6110,1582,Mastercard,Debit,5266773834736915,2021-10-01,593,YES,2,31292,2015-12-01,2015,No
5637,656,Visa,Debit,4105075889994254,2024-06-01,789,YES,2,25639,2010-11-01,2010,No
900,500,Visa,Debit,4431266757000306,2024-09-01,45,YES,1,21955,2020-01-01,2020,No
901,500,Visa,Debit,4005162842417313,2020-03-01,501,YES,1,16319,2020-01-01,2020,No
661,500,Mastercard,Debit,5444994064603121,2021-01-01,632,YES,2,14679,2020-01-01,2020,No
4049,1862,Visa,Credit,4495571717001479,2023-09-01,778,YES,2,10200,2016-07-01,2016,No
1708,1850,Mastercard,Debit,5756191460540395,2022-07-01,627,YES,2,8653,2020-02-01,2020,No
4702,1808,Visa,Credit,4982389408699603,2021-08-01,536,YES,2,9100,2008-09-01,2008,No
1952,1808,Visa,Credit,4719950506919432,2021-06-01,185,YES,2,4100,2020-02-01,2020,No
662,1808,Mastercard,Credit,5855208922240897,2022-11-01,32,NO,2,10200,2020-01-01,2020,No
1184,1808,Mastercard,Debit,5651004451380046,2022-04-01,421,YES,2,12736,2009-02-01,2014,No
4264,277,Mastercard,Debit,5733757937326201,2023-12-01,487,YES,1,12930,2008-08-01,2008,No
4038,277,Mastercard,Debit,5898229848182386,2024-04-01,150,YES,1,12457,2015-07-01,2015,No
2350,277,Visa,Debit (Prepaid),4591853850857691,2020-10-01,593,YES,1,145,2015-03-01,2015,No
5362,277,Discover,Credit,6932038043726914,2020-03-01,285,YES,1,8600,2000-11-01,2014,No
5864,277,Mastercard,Debit,5948622774414299,2016-03-01,985,NO,2,14098,2006-12-01,2009,No
1953,1716,Visa,Credit,4031363218390318,2021-07-01,632,YES,1,8400,2020-02-01,2020,No
3552,516,Mastercard,Debit,5442707945484989,2021-11-01,434,YES,1,16679,2012-06-01,2012,No
2292,516,Visa,Debit,4949443440587519,2018-07-01,240,YES,1,13030,2011-03-01,2011,No
3406,516,Visa,Debit,4975809545606409,2020-07-01,799,YES,2,14611,2008-06-01,2008,No
1709,516,Mastercard,Debit,5777389371749147,2024-07-01,168,YES,2,11740,2020-02-01,2020,No
1710,620,Mastercard,Debit,5320405483471856,2021-05-01,18,YES,2,15927,2020-02-01,2020,No
4084,159,Mastercard,Debit,5290798363835308,2024-10-01,487,YES,1,14178,1995-08-01,2010,No
3223,159,Discover,Credit,6337572896253921,2014-08-01,827,YES,1,5900,2001-06-01,2016,No
3815,159,Mastercard,Debit,5502821682729694,2021-07-01,883,YES,2,13955,2007-07-01,2008,No
1099,478,Visa,Credit,4564555970607146,2022-07-01,200,YES,1,15600,2006-02-01,2011,No
77,478,Mastercard,Debit (Prepaid),5659072921204165,2023-11-01,602,YES,2,10,2005-01-01,2011,No
135,478,Mastercard,Debit,5833433820016742,2024-02-01,624,NO,3,19263,2007-01-01,2011,No
5315,772,Mastercard,Debit,5247649544056704,2021-09-01,162,YES,1,38814,2016-10-01,2016,No
4858,772,Mastercard,Debit,5073215069137256,2024-12-01,541,YES,1,15297,2013-09-01,2013,No
3678,772,Mastercard,Debit (Prepaid),5591003097918979,2023-05-01,390,YES,2,62,2002-07-01,2011,No
3323,1537,Mastercard,Debit (Prepaid),5031314717836444,2023-01-01,860,YES,2,51,2006-06-01,2006,No
3584,1429,Mastercard,Debit,5192728051393602,2024-06-01,461,YES,1,13201,2014-06-01,2014,No
3140,1429,Visa,Debit,4846690288981542,2015-03-01,677,YES,1,12353,2013-05-01,2013,No
3560,1429,Visa,Debit,4981608124910367,2024-02-01,782,YES,1,18223,2012-06-01,2012,No
2378,1429,Visa,Debit,4284692836848156,2020-02-01,396,YES,1,18757,2018-03-01,2018,No
15,1228,Mastercard,Debit,5047012325844667,2024-09-01,300,YES,1,5966,2000-01-01,2020,No
4332,1228,Mastercard,Credit,5961782216187026,2024-11-01,810,YES,1,7600,2010-08-01,2010,No
5273,1228,Mastercard,Debit,5898436387057618,2022-10-01,793,YES,1,17832,2013-10-01,2013,No
3333,1228,Visa,Debit,4200226929304953,2022-01-01,587,YES,1,17536,2006-06-01,2007,No
4419,1228,Visa,Debit,4499077671227490,2021-02-01,551,NO,1,30393,2013-08-01,2013,No
2162,991,Visa,Credit,4345940645469625,2007-08-01,391,YES,1,3100,2007-03-01,2008,No
902,1249,Visa,Credit,4554286438711298,2020-02-01,7,YES,2,8700,2020-01-01,2020,No
4162,1242,Mastercard,Credit,5684630456479793,2020-05-01,396,YES,1,6200,2005-08-01,2010,No
5102,1242,Visa,Credit,4243291135739492,2024-09-01,603,YES,1,7400,2007-10-01,2019,No
4472,1759,Mastercard,Debit,5582577330932323,2024-01-01,605,YES,2,14801,2018-08-01,2018,No
2893,1759,Visa,Credit,4174613161615032,2024-10-01,977,YES,2,11000,2005-05-01,2020,No
4478,1759,Amex,Credit,350118327144025,2020-05-01,754,YES,2,9900,2019-08-01,2019,No
377,1759,Visa,Debit,4056761456617104,2023-06-01,343,YES,2,15773,2018-01-01,2018,No
4232,1759,Visa,Debit,4076578011196322,2024-04-01,992,YES,1,18365,2007-08-01,2010,No
266,1759,Discover,Credit,6451744848809895,2023-10-01,409,YES,1,12300,2011-01-01,2011,No
4502,1058,Visa,Debit,4106850529116001,2020-06-01,205,YES,1,15721,1999-09-01,2011,No
1102,1058,Amex,Credit,303084720106463,2023-09-01,130,YES,1,7100,2007-02-01,2009,No
3588,1058,Visa,Credit,4970700220086771,2014-08-01,312,YES,2,8000,2014-06-01,2014,No
4102,1058,Mastercard,Credit,5643346576345182,2020-06-01,64,YES,1,7800,2001-08-01,2013,No
277,1730,Mastercard,Debit,5016922849464007,2020-12-01,869,YES,1,25429,2011-01-01,2011,No
357,1730,Mastercard,Debit,5618794869367731,2021-02-01,271,YES,1,16925,2016-01-01,2016,No
5281,1730,Visa,Debit,4084042364575576,2023-06-01,24,YES,1,19450,2013-10-01,2013,No
1711,1632,Mastercard,Debit,5694156503465821,2021-10-01,775,YES,2,2264,2020-02-01,2020,No
903,1632,Visa,Debit,4068545268912420,2020-01-01,884,YES,1,15914,2020-01-01,2020,No
1954,1632,Visa,Debit (Prepaid),4273210469600813,2022-02-01,536,YES,1,58,2020-02-01,2020,No
904,1632,Visa,Debit,4210851216153734,2024-05-01,812,NO,1,22944,2020-01-01,2020,No
5971,1224,Mastercard,Debit,5933813396302402,2023-01-01,824,NO,1,21908,2009-12-01,2009,No
3874,1224,Visa,Credit,4549441380872550,2022-03-01,975,YES,2,15700,2008-07-01,2011,No
905,1224,Visa,Credit,4425499865708805,2024-10-01,933,YES,1,0,2020-01-01,2020,No
2412,1224,Visa,Credit,4144495012148526,2024-05-01,73,YES,1,14800,2000-04-01,2007,No
2163,1940,Visa,Credit,4597650893698249,2020-02-01,245,YES,2,5700,2007-03-01,2010,No
3859,1940,Mastercard,Credit,5405403307724984,2020-02-01,44,YES,2,9100,2008-07-01,2008,No
4218,1940,Mastercard,Debit,5536863303144346,2024-05-01,575,YES,2,8993,2007-08-01,2010,No
5451,1940,Discover,Credit,6222030207999751,2023-06-01,688,YES,1,8000,2006-11-01,2009,No
3230,1940,Visa,Debit,4910409648688381,2021-02-01,257,NO,2,311,2001-06-01,2011,No
663,1132,Mastercard,Credit,5988513060276966,2020-11-01,754,YES,2,9700,2020-01-01,2020,No
1712,1132,Mastercard,Debit,5948144196319683,2021-07-01,785,YES,1,23399,2020-02-01,2020,No
217,895,Visa,Credit,4419165641059150,2023-11-01,167,YES,1,10300,2009-01-01,2013,No
3483,895,Mastercard,Debit,5670044732419726,2024-05-01,368,NO,2,12100,2010-06-01,2015,No
1116,895,Mastercard,Debit (Prepaid),5490867691921019,2018-10-01,222,YES,2,49,2007-02-01,2017,No
4333,1556,Mastercard,Debit,5225389722526534,2023-09-01,891,YES,2,24772,2010-08-01,2010,No
1955,1556,Visa,Credit,4965321363827916,2021-03-01,413,YES,2,15300,2020-02-01,2020,No
2972,1556,Mastercard,Debit (Prepaid),5497590243197280,2022-07-01,306,YES,2,55,2008-05-01,2008,No
412,1556,Amex,Credit,384780807062464,2020-02-01,476,YES,2,11200,2020-01-01,2020,No
664,1025,Mastercard,Credit,5098793947794736,2020-07-01,488,YES,2,7800,2020-01-01,2020,No
1713,1025,Mastercard,Debit,5948594944639664,2020-02-01,386,YES,1,13558,2020-02-01,2020,No
906,1025,Visa,Credit,4655114310829903,2021-09-01,146,YES,1,8500,2020-01-01,2020,No
1956,1025,Visa,Debit,4471238909033238,2022-02-01,368,YES,2,11237,2020-02-01,2020,No
2075,1972,Amex,Credit,382031359848619,2012-08-01,412,NO,2,6000,2005-03-01,2013,No
5539,1972,Mastercard,Debit,5891567010748213,2022-09-01,563,YES,1,957,2008-11-01,2012,No
5321,1972,Amex,Credit,337919115553710,2020-02-01,7,YES,2,4000,2017-10-01,2017,No
2466,1972,Mastercard,Credit,5566207489496526,2024-03-01,115,YES,1,4900,2004-04-01,2004,No
4041,86,Visa,Debit,4293438216088430,2022-04-01,847,YES,1,7967,2015-07-01,2015,No
3178,86,Mastercard,Debit,5738889921774670,2019-06-01,261,YES,2,12490,2016-05-01,2016,No
907,86,Visa,Debit,4640548373982017,2020-07-01,972,YES,2,9043,2020-01-01,2020,No
1957,344,Visa,Debit,4241836475964924,2022-12-01,229,YES,2,1663,2020-02-01,2020,No
665,344,Mastercard,Debit,5943892255232378,2022-06-01,355,YES,2,7283,2020-01-01,2020,No
666,344,Mastercard,Debit,5966316752263922,2021-01-01,442,YES,1,23750,2020-01-01,2020,No
164,1189,Mastercard,Credit,5194782740689024,2020-07-01,83,NO,1,8100,2008-01-01,2015,No
1958,1189,Visa,Credit,4745341098877385,2023-10-01,273,YES,2,11800,2020-02-01,2020,No
4556,1189,Mastercard,Credit,5739094385227541,2006-03-01,905,YES,1,15200,2004-09-01,2014,No
2067,1189,Mastercard,Debit,5721768564866906,2024-10-01,877,YES,2,1633,2004-03-01,2011,No
6115,921,Visa,Debit,4816027381867141,2023-11-01,163,YES,1,22704,2015-12-01,2015,No
3537,921,Visa,Debit,4226627955079711,2024-10-01,874,YES,1,24069,2011-06-01,2011,No
3457,921,Visa,Debit,4319734914723878,2020-05-01,720,YES,1,35073,2009-06-01,2009,No
4646,921,Mastercard,Debit,5607342055934669,2023-07-01,833,YES,2,17731,2007-09-01,2011,No
2541,921,Mastercard,Debit,5535356277127261,2021-04-01,557,YES,1,33980,2007-04-01,2010,No
3135,921,Mastercard,Debit,5415658075753990,2024-03-01,112,YES,1,41714,2013-05-01,2013,No
2718,921,Mastercard,Debit,5838395313903974,2024-06-01,439,NO,1,21466,2013-04-01,2013,No
4675,921,Mastercard,Debit,5570607538229113,2024-02-01,572,YES,1,30547,2008-09-01,2008,No
5873,393,Visa,Debit,4671202000865959,2024-02-01,89,YES,2,9752,2006-12-01,2008,No
1055,1254,Mastercard,Debit (Prepaid),5117804114696426,2022-10-01,845,YES,1,114,2005-02-01,2009,No
6013,1254,Mastercard,Debit,5488341441971894,2014-11-01,689,YES,2,14934,2010-12-01,2010,No
5616,1254,Mastercard,Debit,5141901041171975,2024-11-01,270,YES,1,20294,2010-11-01,2010,No
1959,1254,Visa,Debit,4086661906008902,2022-11-01,113,NO,2,20674,2020-02-01,2020,No
2510,1254,Mastercard,Credit,5807865206016117,2021-05-01,343,YES,2,14000,2006-04-01,2007,No
4145,212,Visa,Debit,4026278148154052,2023-02-01,204,YES,2,9310,2004-08-01,2009,No
908,212,Visa,Debit (Prepaid),4119163020411829,2022-01-01,989,YES,1,60,2020-01-01,2020,No
1074,212,Visa,Credit,4937595859195819,2009-01-01,747,YES,1,10200,2005-02-01,2008,No
2209,212,Visa,Debit,4960671625007782,2010-04-01,645,YES,2,9477,2008-03-01,2014,No
2418,212,Mastercard,Debit,5110273101457986,2024-08-01,532,YES,2,6795,2001-04-01,2009,No
4052,212,Amex,Credit,388351194080812,2023-07-01,188,YES,2,900,2017-07-01,2017,No
991,1262,Mastercard,Debit,5195133154490046,2020-07-01,542,YES,2,4747,2001-02-01,2012,No
3324,1262,Mastercard,Debit,5384973024512821,2022-04-01,569,YES,1,15702,2006-06-01,2007,No
2432,1262,Mastercard,Debit,5391743291218892,2017-01-01,80,YES,1,3955,2002-04-01,2013,No
3794,122,Visa,Credit,4233666699901617,2020-03-01,331,YES,2,8200,2006-07-01,2013,No
2447,122,Mastercard,Credit,5772574383321451,2020-09-01,678,YES,1,5500,2003-04-01,2010,No
2034,122,Mastercard,Debit,5654495599077092,2021-10-01,407,YES,3,15774,2002-03-01,2007,No
2134,122,Visa,Credit,4982421757560620,2023-10-01,669,YES,2,8800,2006-03-01,2015,No
1382,1118,Visa,Debit,4336190352382282,2024-10-01,795,NO,1,26206,2018-02-01,2018,No
5274,1118,Mastercard,Debit,5381899309871296,2021-04-01,179,YES,1,31113,2013-10-01,2013,No
667,1118,Mastercard,Credit,5416417426288753,2020-02-01,460,YES,1,21100,2020-01-01,2020,No
362,1118,Visa,Credit,4833091752929426,2023-06-01,461,YES,1,17100,2017-01-01,2017,No
1960,1118,Visa,Debit,4554382114845493,2020-06-01,561,YES,1,66287,2020-02-01,2020,No
329,974,Mastercard,Credit,5998212515012584,2020-08-01,214,YES,2,10900,2014-01-01,2014,No
1131,974,Visa,Debit,4938315510703910,2007-07-01,181,YES,1,36271,2007-02-01,2010,No
2905,1274,Mastercard,Debit,5679478018180576,2017-03-01,465,YES,2,5391,2006-05-01,2013,No
1075,1274,Visa,Debit,4799397143962163,2020-12-01,310,YES,2,17537,2005-02-01,2010,No
3200,1274,Amex,Credit,350211718386898,2024-12-01,981,YES,2,10700,2018-05-01,2018,No
3149,1274,Mastercard,Debit,5973716612118375,2023-09-01,38,YES,1,18573,2014-05-01,2014,No
1714,1274,Mastercard,Debit,5036985513287237,2024-10-01,867,YES,1,18019,2020-02-01,2020,No
24,1274,Visa,Debit,4181524038316536,2021-04-01,2,NO,2,15160,2001-01-01,2007,No
234,1453,Mastercard,Debit,5453158719013768,2011-11-01,732,YES,2,4136,2010-01-01,2010,No
1117,1453,Mastercard,Debit,5836173617667136,2024-11-01,80,YES,1,14561,2007-02-01,2015,No
668,337,Mastercard,Debit (Prepaid),5540235248298505,2024-01-01,40,YES,2,86,2020-01-01,2020,No
3227,1023,Mastercard,Credit,5072448935798666,2023-07-01,115,YES,2,17100,2001-06-01,2011,No
3603,1903,Visa,Credit,4785997992808667,2015-07-01,707,YES,2,12700,2015-06-01,2015,No
3568,1903,Mastercard,Debit,5809711099663265,2020-05-01,678,YES,1,54517,2013-06-01,2013,No
2973,1903,Mastercard,Credit,5961602906943584,2021-05-01,233,YES,2,14900,2008-05-01,2008,No
3085,604,Amex,Credit,359466340825605,2024-11-01,426,YES,1,16000,2011-05-01,2011,No
4369,604,Mastercard,Debit,5415760158214134,2020-02-01,464,NO,2,30713,2011-08-01,2016,No
3434,604,Mastercard,Debit,5400936415005056,2024-11-01,816,YES,2,33158,2009-06-01,2013,No
4280,604,Visa,Debit (Prepaid),4166400482648381,2022-03-01,843,YES,2,29,2008-08-01,2014,No
2503,1637,Amex,Credit,327172863977145,2022-05-01,496,YES,1,21700,2006-04-01,2014,No
5319,1637,Visa,Credit,4851037322315793,2022-05-01,485,YES,2,12500,2016-10-01,2016,No
256,1470,Visa,Debit,4474584531104236,2020-07-01,20,NO,2,3365,2010-01-01,2010,No
2280,1470,Mastercard,Debit,5190888323082478,2020-08-01,16,YES,1,14856,2011-03-01,2011,No
3392,1470,Mastercard,Debit,5205886351948913,2023-08-01,839,YES,1,5989,2008-06-01,2014,No
3896,1470,Mastercard,Debit,5794248541023903,2024-01-01,162,YES,3,4394,2009-07-01,2009,No
4050,1856,Visa,Debit (Prepaid),4561317376278700,2023-06-01,420,YES,1,85,2016-07-01,2016,No
3939,1856,Mastercard,Credit,5507421180744978,2018-07-01,551,YES,1,10600,2010-07-01,2013,No
257,1856,Visa,Debit,4766091276666910,2016-03-01,750,YES,2,3909,2010-01-01,2010,No
5949,1856,Visa,Debit,4548471036924768,2020-02-01,50,YES,1,1873,2008-12-01,2010,No
909,907,Visa,Debit,4764392547989876,2022-03-01,429,YES,1,19643,2020-01-01,2020,No
3783,907,Mastercard,Credit,5140249606034696,2022-05-01,989,YES,2,14700,2006-07-01,2008,No
5203,907,Mastercard,Credit,5725072000383307,2019-06-01,353,NO,1,8800,2010-10-01,2010,No
669,1923,Mastercard,Credit,5132540732340008,2022-05-01,14,NO,1,7900,2020-01-01,2020,No
2152,1923,Mastercard,Debit,5276877021810793,2014-05-01,149,YES,2,12653,2007-03-01,2012,No
2041,1923,Discover,Credit,6416258939868696,2022-05-01,101,NO,1,11400,2003-03-01,2014,No
3255,674,Mastercard,Credit,5098677498618637,2021-01-01,475,NO,1,6500,2003-06-01,2012,No
4786,674,Mastercard,Debit,5296739757506993,2021-02-01,637,YES,1,1407,2010-09-01,2018,No
2680,674,Mastercard,Debit,5317549941978668,2013-04-01,455,YES,2,11402,2011-04-01,2011,No
2405,674,Mastercard,Debit,5819861190837911,2021-03-01,395,YES,2,4501,1999-04-01,2015,No
5574,674,Mastercard,Debit,5615295761814830,2022-02-01,923,YES,1,1399,2009-11-01,2009,No
5348,674,Mastercard,Debit,5843734476551983,2020-10-01,170,YES,2,14466,1995-11-01,2007,No
47,674,Visa,Credit,4462302223450825,2003-04-01,869,YES,1,8000,2003-01-01,2008,No
910,1665,Visa,Debit,4397635828632081,2020-02-01,546,YES,1,31916,2020-01-01,2020,No
1961,548,Visa,Credit,4153185047549338,2021-08-01,585,YES,3,7800,2020-02-01,2020,No
1185,548,Mastercard,Debit,5154918786979440,2013-08-01,791,NO,1,570,2009-02-01,2010,No
6014,548,Mastercard,Debit,5364661395772182,2023-06-01,944,YES,2,13187,2010-12-01,2010,No
1715,548,Mastercard,Debit (Prepaid),5397077557835988,2020-02-01,796,YES,1,50,2020-02-01,2020,No
2651,209,Mastercard,Credit,5758229821813987,2020-06-01,759,YES,1,8900,2010-04-01,2010,No
3795,209,Visa,Debit,4305950987818748,2021-07-01,42,YES,2,10681,2006-07-01,2013,No
3218,209,Mastercard,Credit,5219421106437729,2023-11-01,66,NO,2,2500,2000-06-01,2011,No
258,209,Visa,Credit,4214239191578441,2020-05-01,231,YES,2,8700,2010-01-01,2010,No
5575,209,Mastercard,Debit,5814886393652127,2024-02-01,110,YES,2,10227,2009-11-01,2012,No
4676,209,Mastercard,Debit,5607093669748051,2021-12-01,968,YES,2,2507,2008-09-01,2010,No
2806,730,Visa,Credit,4498188620007875,2021-01-01,230,YES,2,19400,1999-05-01,2011,No
1118,730,Mastercard,Debit,5930455553645091,2023-08-01,617,NO,1,29268,2007-02-01,2010,No
4827,730,Visa,Debit,4893423769208595,2024-10-01,941,YES,2,10756,2011-09-01,2011,No
1716,670,Mastercard,Debit (Prepaid),5035031873988658,2021-08-01,144,YES,2,57,2020-02-01,2020,No
911,670,Visa,Debit,4556696236442252,2020-05-01,31,YES,2,10705,2020-01-01,2020,No
5334,627,Visa,Credit,4897586186180268,2021-08-01,424,YES,2,4200,2018-10-01,2018,No
2210,924,Visa,Credit,4463399619811654,2017-09-01,944,YES,2,5800,2008-03-01,2011,No
2739,894,Visa,Credit,4744158528922930,2020-02-01,983,YES,3,9300,2014-04-01,2014,No
4612,894,Mastercard,Debit (Prepaid),5173831902389247,2009-08-01,140,YES,1,56,2006-09-01,2009,No
2123,894,Mastercard,Credit,5835067819727201,2020-12-01,381,YES,1,8200,2006-03-01,2014,No
1717,1633,Mastercard,Debit (Prepaid),5081036961889402,2022-12-01,912,NO,2,78,2020-02-01,2020,No
3038,1633,Amex,Credit,356560829047775,2020-06-01,388,NO,1,15000,2010-05-01,2015,No
5012,1633,Mastercard,Debit,5356675809803132,2022-09-01,452,YES,1,11495,2004-10-01,2014,No
670,1633,Mastercard,Debit,5773754472145445,2024-08-01,145,YES,2,21982,2020-01-01,2020,No
671,1593,Mastercard,Debit,5271720303804197,2021-05-01,709,YES,1,20278,2020-01-01,2020,No
1718,1593,Mastercard,Debit,5846041795591669,2020-02-01,788,NO,2,13139,2020-02-01,2020,No
912,1593,Visa,Credit,4855885434237625,2022-10-01,943,YES,1,9900,2020-01-01,2020,No
1962,1593,Visa,Credit,4063394095029281,2023-03-01,599,YES,1,8900,2020-02-01,2020,No
2516,720,Visa,Debit,4289170168464518,2013-06-01,338,NO,1,4976,2006-04-01,2014,No
4136,720,Mastercard,Debit,5549447642972376,2021-08-01,647,YES,1,974,2004-08-01,2008,No
1963,720,Visa,Credit,4340313779939280,2024-04-01,147,YES,2,2000,2020-02-01,2020,No
2239,264,Visa,Credit,4277586046602277,2022-03-01,388,YES,2,10600,2009-03-01,2011,No
2729,827,Mastercard,Credit,5246519897413642,2024-05-01,408,YES,2,7100,2014-04-01,2014,No
2836,827,Visa,Credit,4995884742655533,2024-08-01,532,YES,1,6800,2002-05-01,2012,No
3897,827,Mastercard,Debit,5465225216105054,2024-08-01,675,YES,2,4887,2009-07-01,2015,No
4514,827,Mastercard,Debit,5447568212155022,2012-10-01,975,YES,2,8133,2001-09-01,2012,No
2815,414,Mastercard,Debit,5489310042170577,2022-02-01,555,YES,1,62703,2001-05-01,2007,No
3958,414,Visa,Credit,4565053725687198,2018-07-01,13,YES,1,23500,2010-07-01,2010,No
235,1439,Mastercard,Debit,5289852815253246,2017-11-01,351,YES,2,10707,2010-01-01,2010,No
6094,1439,Visa,Debit,4419147752018938,2022-11-01,287,YES,1,18945,2013-12-01,2013,No
2246,843,Discover,Credit,6423950301741311,2023-03-01,419,YES,2,6600,2010-03-01,2011,No
913,843,Visa,Debit (Prepaid),4509375731362461,2022-05-01,775,NO,1,57,2020-01-01,2020,No
4828,843,Visa,Debit,4761252332594713,2022-03-01,492,YES,1,11996,2011-09-01,2011,No
4370,843,Mastercard,Debit,5413297083203621,2021-10-01,231,YES,1,18026,2011-08-01,2011,No
184,843,Visa,Debit,4441719525815769,2017-03-01,895,YES,2,10495,2008-01-01,2011,No
4081,843,Visa,Debit,4941071237961739,2021-05-01,841,NO,2,9946,2019-07-01,2019,No
2592,1008,Visa,Debit,4341654408733205,2023-01-01,76,YES,2,20245,2008-04-01,2008,No
5850,1008,Visa,Credit,4921858287042321,2020-02-01,790,NO,1,5100,2005-12-01,2010,No
2325,1008,Visa,Debit,4402133040036554,2022-05-01,178,YES,1,36515,2013-03-01,2013,No
382,1008,Mastercard,Debit,5036845153057903,2024-12-01,88,YES,2,15306,2019-01-01,2019,No
4593,1008,Amex,Credit,398596768092162,2009-04-01,360,YES,1,20600,2006-09-01,2008,No
6036,1834,Amex,Credit,383502656475032,2022-06-01,767,YES,1,7300,2011-12-01,2011,No
1119,1834,Mastercard,Debit,5772577657126283,2023-06-01,335,YES,2,10348,2007-02-01,2014,No
5617,1834,Mastercard,Credit,5754024281243654,2016-03-01,279,YES,1,3300,2010-11-01,2010,No
1964,1126,Visa,Debit,4224143942174854,2022-03-01,4,YES,1,20318,2020-02-01,2020,No
672,881,Mastercard,Debit,5546049735690428,2020-05-01,380,YES,1,28163,2020-01-01,2020,No
4732,881,Mastercard,Debit (Prepaid),5266235435834793,2024-10-01,868,YES,2,63,2009-09-01,2011,No
4439,881,Visa,Debit,4822555770542502,2018-04-01,967,YES,1,31491,2014-08-01,2014,No
4287,881,Amex,Credit,372660473465347,2021-10-01,981,YES,1,22700,2009-08-01,2009,No
5714,679,Visa,Debit (Prepaid),4448597956443991,2016-11-01,934,YES,2,73,2015-11-01,2015,No
2894,679,Amex,Credit,326701965155978,2017-11-01,478,YES,1,9900,2006-05-01,2007,No
5972,679,Mastercard,Debit,5636168034745251,2021-04-01,14,YES,2,14713,2009-12-01,2011,No
3741,679,Mastercard,Debit,5508510790983933,2023-05-01,468,YES,2,2290,2005-07-01,2011,No
673,1333,Mastercard,Debit,5494418818088079,2020-01-01,181,NO,1,28203,2020-01-01,2020,No
674,1333,Mastercard,Credit,5917929365404113,2020-01-01,876,YES,1,30200,2020-01-01,2020,No
1719,1333,Mastercard,Debit,5664344247149202,2021-11-01,184,YES,2,3565,2020-02-01,2020,No
675,1333,Mastercard,Debit,5697326448769669,2020-06-01,916,YES,1,3565,2020-01-01,2020,No
1199,398,Visa,Debit,4801008002314220,2021-03-01,290,YES,1,17111,2009-02-01,2010,No
2012,398,Visa,Debit,4583760469208759,2021-08-01,812,YES,2,21264,1999-03-01,2009,No
5323,398,Mastercard,Debit,5449554854489393,2020-02-01,419,YES,1,15125,2017-10-01,2017,No
2337,398,Visa,Debit,4729603889258290,2020-02-01,830,YES,2,16472,2014-03-01,2014,No
676,151,Mastercard,Credit,5087990899424459,2021-11-01,691,NO,2,12800,2020-01-01,2020,No
1037,106,Mastercard,Debit,5810565047358846,2020-11-01,736,YES,2,11154,2004-02-01,2007,No
4654,106,Visa,Debit,4222334325515340,2007-11-01,364,YES,1,19419,2007-09-01,2010,No
2124,106,Mastercard,Credit,5416237939291680,2022-06-01,790,YES,2,9100,2006-03-01,2011,No
3484,106,Mastercard,Debit,5834792674235708,2022-05-01,402,YES,1,9471,2010-06-01,2011,No
5310,106,Visa,Debit,4144242905302080,2024-02-01,279,YES,2,10331,2015-10-01,2015,No
2794,1784,Mastercard,Credit,5862883052434843,2004-11-01,716,YES,1,15900,1997-05-01,2009,No
5330,1924,Mastercard,Credit,5986235068209756,2020-05-01,357,YES,1,5200,2018-10-01,2018,No
5739,671,Mastercard,Credit,5667713745804706,2020-02-01,982,YES,1,8600,2018-11-01,2018,No
5592,671,Visa,Credit,4711870612941812,2024-05-01,453,YES,1,8700,2009-11-01,2009,No
3485,1472,Mastercard,Debit,5352913241091954,2018-03-01,231,YES,1,25236,2010-06-01,2011,No
2196,1472,Mastercard,Credit,5653902794655714,2011-02-01,81,YES,2,10400,2008-03-01,2008,No
3393,1472,Mastercard,Debit (Prepaid),5403035493529596,2024-10-01,879,YES,2,38,2008-06-01,2013,No
4647,855,Mastercard,Debit (Prepaid),5419259287662190,2020-09-01,839,YES,1,106,2007-09-01,2010,No
3670,855,Visa,Debit,4730763214720586,2021-04-01,269,YES,1,15975,2001-07-01,2011,No
5916,855,Visa,Debit,4678510288563431,2023-12-01,404,YES,2,12188,2007-12-01,2011,No
5715,855,Visa,Debit,4118028917520417,2022-03-01,471,YES,2,11928,2015-11-01,2015,No
2702,855,Mastercard,Debit,5060743978360454,2021-08-01,638,YES,2,13841,2012-04-01,2012,No
4317,981,Amex,Credit,386475118033107,2024-03-01,151,YES,1,7500,2010-08-01,2011,No
3828,1030,Visa,Debit,4504121814259932,2013-09-01,420,YES,2,4269,2007-07-01,2009,No
2936,1030,Mastercard,Credit,5615880941381853,2024-02-01,761,YES,2,12600,2007-05-01,2011,No
2415,1030,Amex,Credit,335570840377948,2003-09-01,193,YES,1,16500,2001-04-01,2016,No
4677,1030,Mastercard,Debit,5943712275580272,2008-11-01,212,YES,1,19152,2008-09-01,2009,No
4072,384,Visa,Debit,4563075780122442,2024-02-01,522,YES,2,19349,2018-07-01,2018,No
4492,80,Visa,Debit,4749460533827117,2022-09-01,680,YES,2,1703,1997-09-01,2009,No
307,80,Visa,Credit,4281238011673204,2017-06-01,240,YES,2,2800,2012-01-01,2012,No
2689,80,Visa,Debit,4321023718227210,2024-02-01,881,YES,1,13569,2011-04-01,2011,No
3829,80,Visa,Credit,4290434433757609,2024-01-01,638,YES,1,10700,2007-07-01,2008,No
3917,80,Visa,Credit,4135572355155702,2022-06-01,582,YES,2,14500,2009-07-01,2009,No
5027,1331,Mastercard,Debit (Prepaid),5376013028883652,2021-09-01,68,YES,1,26,2005-10-01,2010,No
6130,205,Visa,Debit,4705599888998828,2021-05-01,524,YES,2,25621,2016-12-01,2016,No
3620,205,Mastercard,Debit,5751244963755467,2024-05-01,167,YES,1,12193,2017-06-01,2017,No
3639,205,Visa,Debit,4209063259747210,2018-07-01,375,YES,1,14247,2018-06-01,2018,No
2861,205,Mastercard,Debit,5624048822152519,2020-02-01,78,YES,2,14859,2004-05-01,2009,No
5037,1048,Visa,Credit,4729818901299083,2014-09-01,625,NO,2,13400,2005-10-01,2011,No
2048,1048,Mastercard,Credit,5923018656297645,2020-08-01,116,YES,2,12500,2003-03-01,2003,No
4509,1048,Amex,Credit,346055751406362,2009-12-01,56,YES,2,3800,2001-09-01,2009,No
2542,1048,Mastercard,Debit,5424466713085703,2014-06-01,575,YES,2,22527,2007-04-01,2011,No
677,1801,Mastercard,Debit,5588070685818037,2020-09-01,126,YES,1,7284,2020-01-01,2020,No
5266,1490,Visa,Debit,4020577124844597,2022-04-01,526,YES,1,22856,2012-10-01,2012,No
1369,1490,Visa,Debit,4033453235002124,2021-01-01,434,YES,1,20225,2016-02-01,2016,No
1965,1490,Visa,Debit,4585531601433102,2020-02-01,364,NO,1,15742,2020-02-01,2020,No
5950,1490,Visa,Credit,4751967279477590,2021-11-01,581,NO,1,11400,2008-12-01,2008,No
2524,818,Amex,Credit,368778866746348,2008-08-01,125,YES,1,6200,2007-04-01,2014,No
3728,818,Amex,Credit,378145015065628,2005-10-01,759,YES,2,500,2005-07-01,2009,No
5540,818,Mastercard,Credit,5719046765863775,2021-11-01,971,YES,1,7100,2008-11-01,2017,No
5874,818,Visa,Debit,4043732830819375,2022-03-01,390,YES,1,15522,2006-12-01,2015,No
992,818,Mastercard,Debit,5240774776973707,2023-09-01,370,YES,2,19640,2001-02-01,2010,No
5499,1463,Mastercard,Debit,5314535985439666,2020-06-01,410,YES,1,13930,2007-11-01,2010,No
3591,1463,Mastercard,Debit,5462773776307346,2021-02-01,951,YES,2,22357,2015-06-01,2015,No
5245,1463,Mastercard,Credit,5315038417328405,2022-01-01,772,YES,1,7700,2011-10-01,2011,No
3542,1463,Amex,Credit,386623237356858,2023-09-01,553,NO,1,5100,2012-06-01,2012,No
678,1835,Mastercard,Debit,5452922835345688,2020-01-01,969,YES,2,12191,2020-01-01,2020,No
2351,952,Visa,Debit,4295877159831914,2024-02-01,602,YES,1,58234,2015-03-01,2015,No
1275,952,Mastercard,Debit,5357953507565192,2021-07-01,726,YES,2,76966,2011-02-01,2011,No
3611,616,Mastercard,Credit,5046466769118356,2023-05-01,561,YES,2,4500,2016-06-01,2016,No
6050,638,Mastercard,Debit,5689155673355585,2024-07-01,698,YES,1,25551,2011-12-01,2011,No
2068,638,Mastercard,Debit,5648059407570222,2021-03-01,353,YES,2,21253,2004-03-01,2011,No
3394,638,Mastercard,Debit,5854204096882081,2023-12-01,551,YES,2,10274,2008-06-01,2008,No
4445,638,Amex,Credit,375716098483935,2015-11-01,431,YES,2,4800,2015-08-01,2015,No
914,638,Visa,Debit,4049373677960607,2023-12-01,739,YES,2,19934,2020-01-01,2020,No
1966,1366,Visa,Debit,4419528709052008,2022-09-01,578,YES,2,8829,2020-02-01,2020,No
315,1366,Mastercard,Credit,5244253968518286,2024-07-01,684,YES,2,12400,2013-01-01,2013,No
2374,1366,Mastercard,Debit,5148677955904141,2020-02-01,917,YES,1,17691,2018-03-01,2018,No
2974,443,Mastercard,Debit,5567990384490539,2013-05-01,643,YES,2,15317,2008-05-01,2013,No
6111,336,Mastercard,Debit,5118228142214662,2020-06-01,208,YES,1,19612,2015-12-01,2015,No
679,611,Mastercard,Debit,5797418937992891,2020-01-01,154,YES,2,10304,2020-01-01,2020,No
2364,973,Mastercard,Debit,5570742279358802,2021-02-01,20,YES,1,16229,2017-03-01,2017,No
5716,973,Visa,Debit,4515909883803900,2024-11-01,871,YES,1,8366,2015-11-01,2015,No
5706,973,Visa,Debit,4060618518013622,2023-06-01,39,YES,2,7688,2014-11-01,2014,No
3833,973,Amex,Credit,343206406411256,2024-09-01,201,YES,1,8300,2008-07-01,2015,No
680,632,Mastercard,Debit,5199637709729169,2022-05-01,927,YES,1,16557,2020-01-01,2020,No
3898,1918,Mastercard,Debit,5054406942161566,2024-08-01,161,YES,2,18627,2009-07-01,2015,No
1967,1827,Visa,Debit,4807723891729123,2022-08-01,174,YES,1,23156,2020-02-01,2020,No
3959,1827,Visa,Debit,4277161408897403,2024-02-01,419,YES,1,30041,2010-07-01,2011,No
5246,1827,Mastercard,Debit,5010004900517856,2024-02-01,908,YES,1,29137,2011-10-01,2011,No
4546,1827,Amex,Credit,359523053030416,2021-07-01,87,YES,1,10400,2004-09-01,2017,No
3395,1827,Mastercard,Credit,5765181164708255,2022-02-01,980,YES,2,13500,2008-06-01,2008,No
5727,1827,Mastercard,Debit,5002104504565119,2023-02-01,917,YES,1,17663,2016-11-01,2016,No
681,70,Mastercard,Debit,5458733371432885,2021-08-01,24,NO,2,30637,2020-01-01,2020,No
4464,672,Mastercard,Debit,5392188065665641,2021-10-01,452,NO,1,8540,2017-08-01,2017,No
3396,672,Mastercard,Debit,5302317645406586,2012-02-01,347,YES,1,9397,2008-06-01,2010,No
915,672,Visa,Debit,4723396292994912,2020-09-01,740,YES,1,12329,2020-01-01,2020,No
5001,672,Visa,Debit,4598597915590543,2020-01-01,17,YES,1,8333,2003-10-01,2007,No
5345,1461,Visa,Credit,4536458621990266,2020-09-01,102,YES,2,5200,2019-10-01,2019,No
2668,1461,Visa,Debit,4534127090202764,2010-08-01,827,YES,2,35757,2010-04-01,2011,No
2886,1461,Mastercard,Credit,5778899151304683,2015-03-01,908,NO,1,16600,2005-05-01,2015,No
4535,1461,Mastercard,Debit,5583589115477515,2020-06-01,661,YES,2,23754,2003-09-01,2018,No
2090,1461,Mastercard,Debit,5728689238652207,2024-10-01,532,YES,2,14480,2005-03-01,2009,No
103,1461,Mastercard,Debit,5625472759967842,2023-10-01,564,YES,2,6237,2006-01-01,2007,No
916,510,Visa,Credit,4061328991788690,2023-02-01,114,NO,1,9200,2020-01-01,2020,No
917,510,Visa,Debit,4497861134959245,2020-01-01,573,YES,2,14797,2020-01-01,2020,No
5638,256,Visa,Credit,4042007108574831,2023-02-01,177,YES,1,9400,2010-11-01,2013,No
3989,256,Visa,Debit (Prepaid),4868990994344273,2024-06-01,248,YES,2,50,2011-07-01,2011,No
6089,256,Mastercard,Credit,5764971120736645,2020-02-01,402,YES,2,1800,2013-12-01,2013,No
2850,256,Amex,Credit,343199188380745,2024-10-01,496,YES,1,12400,2004-05-01,2014,No
147,256,Visa,Credit,4577476596554924,2010-12-01,553,YES,2,14300,2007-01-01,2007,No
1276,256,Mastercard,Debit,5355715623674970,2024-12-01,956,YES,1,27489,2011-02-01,2011,No
1968,1410,Visa,Debit,4792996181300907,2022-01-01,998,YES,2,7846,2020-02-01,2020,No
1720,574,Mastercard,Credit,5943886556523564,2021-09-01,437,YES,2,12500,2020-02-01,2020,No
435,574,Discover,Credit,6741482633639648,2020-04-01,360,NO,2,10500,2020-01-01,2020,No
1721,574,Mastercard,Debit (Prepaid),5680672417239483,2020-02-01,195,YES,1,72,2020-02-01,2020,No
1722,574,Mastercard,Credit,5544918910984279,2020-05-01,158,YES,1,8800,2020-02-01,2020,No
6015,1837,Mastercard,Debit,5837775089417018,2011-01-01,189,YES,1,11199,2010-12-01,2010,No
259,1837,Visa,Debit,4205821347854727,2020-05-01,679,YES,1,8800,2010-01-01,2010,No
5275,1837,Mastercard,Debit (Prepaid),5825065723069699,2021-09-01,940,YES,1,83,2013-10-01,2013,No
2256,1837,Mastercard,Debit,5757614479800979,2024-11-01,657,NO,1,7217,2010-03-01,2010,No
5307,1974,Mastercard,Credit,5282787263853461,2022-09-01,115,YES,2,9000,2015-10-01,2015,No
278,1974,Mastercard,Debit,5805044569196975,2020-01-01,947,YES,1,15195,2011-01-01,2011,No
2257,1974,Mastercard,Debit,5522110015947841,2024-02-01,663,YES,1,14747,2010-03-01,2010,No
1723,30,Mastercard,Debit,5683330455656295,2020-02-01,447,YES,2,8998,2020-02-01,2020,No
1429,1270,Amex,Credit,340244443373002,2023-03-01,846,YES,2,20400,2020-02-01,2020,No
4313,1270,Visa,Debit,4554284422042742,2022-09-01,212,YES,2,13653,2009-08-01,2016,No
222,1815,Amex,Credit,371091834390039,2020-02-01,858,YES,2,17800,2010-01-01,2011,No
4582,1815,Mastercard,Debit (Prepaid),5200794681511676,2024-07-01,836,YES,2,52,2005-09-01,2015,No
4371,1815,Mastercard,Debit (Prepaid),5906678291020827,2023-09-01,935,YES,2,56,2011-08-01,2011,No
2035,1815,Mastercard,Debit,5159691137023059,2024-01-01,232,YES,2,3099,2002-03-01,2012,No
682,805,Mastercard,Debit,5991004678910438,2020-05-01,214,YES,1,11805,2020-01-01,2020,No
918,805,Visa,Debit,4256748017620071,2020-01-01,433,YES,1,17535,2020-01-01,2020,No
3233,464,Amex,Credit,352397360356465,2022-08-01,465,YES,2,18000,2002-06-01,2011,No
1724,1042,Mastercard,Debit (Prepaid),5849992280196253,2024-11-01,858,YES,2,95,2020-02-01,2020,No
2170,1579,Discover,Credit,6789723556516100,2020-09-01,817,YES,1,8200,2008-03-01,2014,No
11,1579,Mastercard,Debit,5927292790575653,2023-11-01,964,YES,2,2143,1999-01-01,2013,No
4163,1579,Mastercard,Debit,5184790316386758,2021-12-01,128,YES,2,6550,2005-08-01,2016,No
3976,1579,Mastercard,Credit,5148202936285148,2024-04-01,384,YES,2,12800,2011-07-01,2011,No
3830,1579,Visa,Debit,4707894398714464,2020-02-01,848,YES,1,15960,2007-07-01,2010,No
683,830,Mastercard,Credit,5930929069464452,2020-02-01,744,YES,2,19000,2020-01-01,2020,No
3899,830,Mastercard,Debit,5981196310914475,2016-06-01,143,YES,1,26575,2009-07-01,2011,No
4678,465,Mastercard,Credit,5613327518828278,2021-06-01,118,YES,2,5800,2008-09-01,2008,No
2433,465,Mastercard,Debit,5340964008686387,2021-05-01,458,YES,2,16047,2002-04-01,2011,No
4879,1954,Visa,Credit,4802501874295829,2024-04-01,196,YES,2,5900,2014-09-01,2014,No
2387,1954,Mastercard,Debit,5885722307882995,2024-05-01,538,YES,2,22722,2019-03-01,2019,No
316,1954,Mastercard,Debit,5544865210857672,2013-07-01,422,YES,2,21258,2013-01-01,2013,No
4749,959,Visa,Debit (Prepaid),4570842726552830,2020-07-01,4,YES,2,18,2009-09-01,2009,No
1231,959,Mastercard,Debit (Prepaid),5030524191307854,2023-08-01,680,YES,2,8,2010-02-01,2017,No
5693,1049,Visa,Debit,4967633206571164,2023-03-01,284,YES,2,14446,2013-11-01,2013,No
2816,1049,Mastercard,Credit,5582940861805001,2016-08-01,142,YES,1,10500,2001-05-01,2009,No
5823,1049,Visa,Debit,4788436311707750,2023-12-01,234,YES,2,13122,2004-12-01,2009,No
5553,1049,Visa,Debit,4606238393574333,2012-11-01,70,YES,1,24519,2008-11-01,2014,No
1310,1049,Visa,Credit,4661230447201577,2015-05-01,53,YES,1,9400,2012-02-01,2012,No
4265,1049,Mastercard,Debit,5145877040417123,2022-03-01,66,YES,2,12121,2008-08-01,2010,No
684,1925,Mastercard,Credit,5327121819423216,2021-11-01,101,NO,2,1300,2020-01-01,2020,No
685,1925,Mastercard,Credit,5867592323939058,2020-01-01,102,YES,1,17500,2020-01-01,2020,No
3940,1088,Mastercard,Credit,5759964167622790,2023-01-01,828,YES,1,10700,2010-07-01,2011,No
4574,1088,Amex,Credit,356216577809094,2023-01-01,298,YES,2,7300,2005-09-01,2010,No
6095,1088,Visa,Debit,4661688933459307,2016-06-01,432,YES,1,15194,2013-12-01,2013,No
4106,14,Visa,Credit,4493101815036488,2024-06-01,137,YES,1,5400,2001-08-01,2008,No
2076,14,Amex,Credit,336131482851954,2022-12-01,979,YES,2,14100,2005-03-01,2008,No
2164,14,Visa,Debit,4610833826779556,2018-04-01,523,YES,2,3899,2007-03-01,2008,No
5159,14,Mastercard,Debit (Prepaid),5644525290796847,2020-05-01,601,YES,1,22,2009-10-01,2010,No
3082,14,Visa,Debit,4124567693793737,2022-04-01,870,NO,1,16464,2010-05-01,2012,No
4266,162,Mastercard,Debit,5125647538274113,2022-05-01,824,YES,1,39591,2008-08-01,2011,No
5938,162,Mastercard,Debit,5099776027896183,2022-12-01,812,YES,1,39452,2008-12-01,2010,No
5694,162,Visa,Debit,4338781388247802,2014-03-01,826,YES,2,27266,2013-11-01,2013,No
2240,162,Visa,Credit,4524849172878282,2020-10-01,975,YES,2,15400,2009-03-01,2012,No
3569,162,Mastercard,Credit,5475237541011918,2014-02-01,774,YES,1,16700,2013-06-01,2013,No
5371,1692,Mastercard,Debit,5383177529361615,2020-03-01,716,YES,1,38048,2001-11-01,2007,No
5618,1692,Mastercard,Debit,5554581325182985,2022-01-01,904,YES,2,7564,2010-11-01,2013,No
3646,1692,Mastercard,Debit,5656878998719323,2023-11-01,789,YES,2,35203,1991-07-01,2010,No
5838,380,Mastercard,Credit,5764817007089895,2023-07-01,815,YES,2,10800,2005-12-01,2010,No
3538,380,Visa,Credit,4018146556727350,2023-05-01,544,NO,2,8000,2011-06-01,2011,No
4219,141,Mastercard,Debit,5815754119556359,2024-02-01,221,YES,1,4729,2007-08-01,2014,No
3028,141,Visa,Credit,4362354248365750,2021-01-01,283,YES,2,6400,2009-05-01,2009,No
5514,141,Visa,Credit,4620287459795673,2022-02-01,745,YES,1,9200,2007-11-01,2014,No
4073,141,Visa,Credit,4595319622489775,2018-08-01,349,NO,1,8000,2018-07-01,2018,No
2952,141,Visa,Debit,4385951951421354,2022-02-01,796,YES,2,17235,2007-05-01,2007,No
3941,1348,Mastercard,Debit,5372184619325693,2020-11-01,785,YES,2,1,2010-07-01,2010,No
3086,1348,Amex,Credit,313148408217973,2021-10-01,576,YES,2,0,2011-05-01,2011,No
2669,1348,Visa,Debit,4924159268930796,2010-09-01,790,YES,1,1,2010-04-01,2010,No
4042,1348,Visa,Debit,4139051015604116,2018-08-01,15,YES,1,1,2015-07-01,2015,No
4137,1348,Mastercard,Debit,5792498646569711,2024-12-01,554,YES,1,0,2004-08-01,2009,No
4982,1348,Discover,Credit,6283858533446011,2023-04-01,427,YES,1,0,2003-10-01,2007,No
6137,1256,Mastercard,Debit,5772730644295426,2021-10-01,852,YES,2,28850,2018-12-01,2018,No
5160,1256,Mastercard,Credit,5948729602096653,2015-06-01,95,YES,1,15700,2009-10-01,2010,No
236,1256,Mastercard,Debit (Prepaid),5018794058509930,2021-01-01,807,YES,2,79,2010-01-01,2011,No
6116,1256,Visa,Credit,4888697499810645,2020-01-01,276,YES,2,18500,2015-12-01,2015,No
1969,1690,Visa,Debit,4693555328780539,2022-05-01,281,YES,2,14495,2020-02-01,2020,No
686,1690,Mastercard,Debit,5487985553439546,2023-12-01,103,YES,2,15906,2020-01-01,2020,No
5717,169,Visa,Debit,4032033794787095,2022-07-01,167,YES,1,10194,2015-11-01,2015,No
5655,169,Mastercard,Debit (Prepaid),5746544800697198,2021-09-01,335,YES,2,91,2011-11-01,2011,No
3256,169,Mastercard,Debit,5995053751840192,2024-02-01,267,YES,1,12591,2003-06-01,2010,No
2317,169,Mastercard,Debit,5802870059687260,2022-07-01,990,NO,1,10574,2013-03-01,2013,No
4220,1955,Mastercard,Debit (Prepaid),5391951338573410,2020-01-01,356,YES,2,92,2007-08-01,2009,No
4184,1955,Mastercard,Debit,5751709126583195,2021-03-01,435,YES,1,7338,2006-08-01,2016,No
5712,1807,Mastercard,Debit,5678405303384008,2022-03-01,24,YES,2,26838,2015-11-01,2015,No
4123,1807,Visa,Debit,4963369225142746,2009-09-01,418,YES,1,38154,2003-08-01,2011,No
2823,1807,Amex,Credit,321246869185324,2020-08-01,300,YES,2,13200,2002-05-01,2014,No
165,1807,Mastercard,Debit (Prepaid),5207231566469664,2014-03-01,198,YES,1,89,2008-01-01,2015,No
2837,1807,Amex,Credit,342755409763060,2007-04-01,743,YES,2,3900,2003-05-01,2008,No
5875,102,Visa,Debit,4735775382501736,2024-07-01,45,YES,1,7676,2006-12-01,2010,No
3816,257,Mastercard,Debit,5723984491385619,2022-03-01,703,YES,2,13345,2007-07-01,2010,No
4386,257,Visa,Credit,4575711221736157,2024-11-01,777,YES,1,8000,2011-08-01,2011,No
5127,257,Mastercard,Debit (Prepaid),5756681783759529,2022-03-01,331,YES,2,87,2008-10-01,2012,No
104,257,Mastercard,Debit,5556746533263402,2024-10-01,516,YES,2,6395,2006-01-01,2014,No
687,911,Mastercard,Credit,5288171160215324,2023-01-01,828,YES,1,8900,2020-01-01,2020,No
2748,987,Mastercard,Debit (Prepaid),5929319761273570,2024-02-01,367,YES,1,69,2015-04-01,2015,No
4146,987,Visa,Debit,4783135306510626,2021-01-01,128,YES,1,18912,2004-08-01,2008,No
5090,987,Mastercard,Debit,5232731518306860,2021-09-01,971,YES,1,23021,2007-10-01,2011,No
373,987,Mastercard,Debit,5920175797699651,2021-08-01,420,YES,1,21985,2018-01-01,2018,No
919,101,Visa,Credit,4892534625652849,2023-12-01,286,YES,2,5300,2020-01-01,2020,No
237,1141,Mastercard,Debit,5787921795028281,2020-07-01,29,YES,2,2397,2010-01-01,2013,No
3817,1141,Mastercard,Credit,5626143345177540,2012-11-01,318,YES,2,2800,2007-07-01,2010,No
3624,1141,Visa,Debit,4145457087186133,2020-02-01,837,YES,1,10466,2017-06-01,2017,No
3269,1141,Amex,Credit,382984229682656,2012-12-01,950,NO,1,9400,2004-06-01,2011,No
5224,1141,Visa,Debit,4094653186833148,2023-06-01,298,YES,2,20161,2010-10-01,2010,No
1277,1682,Mastercard,Credit,5399068844339829,2024-09-01,512,YES,1,12600,2011-02-01,2015,No
2517,1682,Visa,Credit,4639536674901608,2024-01-01,981,NO,1,14300,2006-04-01,2007,No
3407,1682,Visa,Debit,4404150274692596,2022-03-01,155,YES,1,23452,2008-06-01,2011,No
238,1682,Mastercard,Credit,5970339574772530,2021-10-01,757,YES,2,13200,2010-01-01,2014,No
3408,1682,Visa,Credit,4892298386279580,2013-01-01,50,YES,1,13500,2008-06-01,2008,No
920,481,Visa,Credit,4880198318553266,2024-01-01,660,YES,1,17600,2020-01-01,2020,No
688,978,Mastercard,Debit,5950613249503517,2020-08-01,608,YES,2,16558,2020-01-01,2020,No
689,1550,Mastercard,Debit,5510529698460163,2024-12-01,410,YES,1,44717,2020-01-01,2020,No
1725,1550,Mastercard,Credit,5447265501719265,2021-11-01,636,NO,1,13700,2020-02-01,2020,No
690,1550,Mastercard,Debit,5679761417086761,2020-04-01,123,YES,2,14332,2020-01-01,2020,No
1970,1162,Visa,Debit,4716305740813495,2022-06-01,984,YES,1,15695,2020-02-01,2020,No
1454,1162,Discover,Credit,6492132286425890,2020-02-01,811,YES,1,13700,2020-02-01,2020,No
2365,172,Mastercard,Debit,5195057277840268,2020-10-01,855,YES,1,19600,2017-03-01,2017,No
3458,172,Visa,Debit,4366055356305424,2021-06-01,186,YES,1,17815,2009-06-01,2010,No
1232,172,Mastercard,Debit,5453650582708795,2015-11-01,531,YES,1,16373,2010-02-01,2010,No
31,892,Visa,Debit,4479062988731370,2021-11-01,628,YES,2,14340,2002-01-01,2009,No
5656,315,Mastercard,Debit (Prepaid),5956867363687567,2024-08-01,701,YES,1,109,2011-11-01,2011,No
1726,315,Mastercard,Debit,5046535005565011,2023-03-01,821,YES,1,16218,2020-02-01,2020,No
3121,315,Mastercard,Debit,5948980046719583,2024-05-01,710,YES,1,22115,2012-05-01,2012,No
3246,1739,Visa,Debit (Prepaid),4443766253735109,2024-04-01,361,YES,1,80,2002-06-01,2011,No
1727,836,Mastercard,Debit,5172517796855710,2020-02-01,817,NO,2,18261,2020-02-01,2020,No
2413,39,Visa,Debit,4660445166648632,2012-12-01,610,YES,1,1325,2000-04-01,2011,No
2039,39,Visa,Credit,4877727463431062,2023-01-01,537,YES,2,16900,2002-03-01,2007,No
413,155,Amex,Credit,304990666285186,2023-02-01,972,YES,2,6500,2020-01-01,2020,No
279,155,Mastercard,Credit,5689609387142035,2021-02-01,393,NO,1,7800,2011-01-01,2011,No
239,155,Mastercard,Debit,5290515548238201,2022-12-01,813,NO,1,9294,2010-01-01,2011,No
2281,155,Mastercard,Debit,5358949072497400,2011-12-01,324,YES,2,12163,2011-03-01,2011,No
3111,155,Visa,Debit,4972569366952714,2020-01-01,855,YES,2,14959,2011-05-01,2011,No
5793,155,Mastercard,Debit (Prepaid),5039304998585215,2023-11-01,721,YES,2,15,2003-12-01,2010,No
2026,1305,Mastercard,Debit,5735388999396191,2022-07-01,260,YES,1,18118,2001-03-01,2007,No
1260,1305,Visa,Debit,4804168677193110,2023-03-01,32,YES,2,22025,2010-02-01,2010,No
2229,1305,Mastercard,Credit,5216010288888583,2011-09-01,983,YES,1,9100,2009-03-01,2015,No
3409,1504,Visa,Debit,4320358361635021,2013-10-01,729,YES,2,16064,2008-06-01,2011,No
3486,1504,Mastercard,Credit,5039473078606416,2024-09-01,356,YES,1,6000,2010-06-01,2011,No
5373,1504,Visa,Debit,4951288736229807,2023-02-01,776,YES,2,7136,2001-11-01,2014,No
4963,1504,Discover,Credit,6418843769862227,2021-04-01,423,YES,1,3900,2002-10-01,2010,No
3977,1504,Mastercard,Debit,5508687277469967,2020-01-01,469,YES,1,8444,2011-07-01,2011,No
4119,1105,Mastercard,Debit,5256438428040603,2020-11-01,880,YES,2,12692,2003-08-01,2012,No
2036,1105,Mastercard,Debit,5772409732789359,2020-04-01,218,YES,2,9027,2002-03-01,2015,No
218,1105,Visa,Debit,4755440234138028,2020-10-01,584,YES,1,4507,2009-01-01,2019,No
691,1761,Mastercard,Debit,5237616749088430,2024-05-01,670,YES,1,17963,2020-01-01,2020,No
1971,1761,Visa,Credit,4717288923637339,2020-02-01,818,YES,1,12200,2020-02-01,2020,No
1728,1761,Mastercard,Debit,5990008776952532,2020-02-01,386,YES,2,1996,2020-02-01,2020,No
1729,215,Mastercard,Debit,5532144053662492,2021-01-01,154,YES,2,19998,2020-02-01,2020,No
1430,215,Amex,Credit,368046753984282,2020-02-01,882,YES,2,15600,2020-02-01,2020,No
1325,948,Mastercard,Debit,5196909207454962,2023-05-01,71,YES,1,13035,2013-02-01,2013,No
3083,948,Visa,Credit,4763339915481098,2023-06-01,488,YES,2,8300,2010-05-01,2010,No
1265,948,Amex,Credit,371833102197375,2024-07-01,591,YES,2,6200,2011-02-01,2011,No
5695,948,Visa,Debit,4948154067393861,2024-03-01,688,YES,2,11795,2013-11-01,2013,No
3376,948,Discover,Credit,6167888794302874,2011-05-01,138,YES,1,7900,2008-06-01,2013,No
1455,862,Discover,Credit,6666283868705517,2020-02-01,112,YES,1,12900,2020-02-01,2020,No
921,862,Visa,Debit,4223918113000039,2020-12-01,371,YES,2,6556,2020-01-01,2020,No
3167,862,Mastercard,Credit,5170494527481348,2022-05-01,731,NO,1,3800,2015-05-01,2015,No
5103,1514,Visa,Credit,4662421715985774,2021-10-01,439,YES,2,7800,2007-10-01,2008,No
3325,1514,Mastercard,Credit,5382732373960615,2016-02-01,56,YES,2,10900,2006-06-01,2012,No
78,1514,Mastercard,Debit,5602736350449912,2024-12-01,673,YES,1,1846,2005-01-01,2005,No
4679,1514,Mastercard,Debit (Prepaid),5222744542088596,2016-08-01,394,YES,1,76,2008-09-01,2015,No
4334,1514,Mastercard,Credit,5052545011580809,2020-07-01,940,NO,1,0,2010-08-01,2010,No
2390,1698,Visa,Credit,4936494163188301,2022-01-01,72,NO,1,13400,2019-03-01,2019,No
922,1698,Visa,Credit,4209685692130280,2020-01-01,565,YES,1,15800,2020-01-01,2020,No
5639,1698,Visa,Debit,4949964634585996,2011-06-01,341,YES,1,14744,2010-11-01,2010,No
436,1316,Discover,Credit,6193476799412108,2020-02-01,669,YES,1,8700,2020-01-01,2020,No
692,1316,Mastercard,Debit,5196434400831396,2022-01-01,696,YES,1,12088,2020-01-01,2020,No
330,1316,Mastercard,Credit,5242129479868764,2024-11-01,288,YES,2,4700,2014-01-01,2014,No
1972,1316,Visa,Debit,4930615029109805,2024-01-01,514,YES,2,11983,2020-02-01,2020,No
1730,1316,Mastercard,Debit,5894488780147229,2020-02-01,182,YES,1,11557,2020-02-01,2020,No
693,1831,Mastercard,Debit,5889682038601562,2020-02-01,815,YES,1,12152,2020-01-01,2020,No
437,1831,Discover,Credit,6125317256925478,2023-10-01,681,YES,2,11100,2020-01-01,2020,No
2293,889,Visa,Credit,4476864861762314,2022-09-01,669,YES,1,14700,2011-03-01,2011,No
4522,526,Mastercard,Debit (Prepaid),5754706935084019,2021-06-01,827,NO,1,52,2002-09-01,2013,No
5204,526,Mastercard,Debit,5427548263390254,2016-12-01,736,YES,1,3224,2010-10-01,2013,No
5917,526,Visa,Debit,4186305659535998,2020-11-01,674,YES,2,23001,2007-12-01,2013,No
2091,526,Mastercard,Debit,5507762507273350,2022-01-01,170,YES,1,23652,2005-03-01,2014,No
5500,526,Mastercard,Debit (Prepaid),5763661322183411,2020-09-01,688,YES,1,86,2007-11-01,2013,No
5091,231,Mastercard,Debit (Prepaid),5133503724511818,2021-08-01,528,YES,2,80,2007-10-01,2011,No
4221,231,Mastercard,Debit,5443684097691863,2022-10-01,473,YES,1,26097,2007-08-01,2011,No
5718,231,Visa,Debit,4551009502548949,2023-05-01,466,YES,1,11032,2015-11-01,2015,No
2474,231,Visa,Credit,4632232168339378,2020-01-01,970,YES,1,8900,2004-04-01,2011,No
414,231,Amex,Credit,310400555625656,2020-02-01,226,YES,2,4700,2020-01-01,2020,No
5255,910,Visa,Debit,4925413173106257,2022-05-01,460,YES,1,10523,2011-10-01,2011,No
1431,910,Amex,Credit,327604676331354,2020-02-01,199,YES,1,8900,2020-02-01,2020,No
3918,876,Visa,Debit,4967103653953670,2021-05-01,962,YES,1,6489,2009-07-01,2013,No
5773,876,Mastercard,Debit,5497742793973953,2020-09-01,24,NO,2,9146,2001-12-01,2012,No
5342,1509,Mastercard,Debit (Prepaid),5014318785325420,2024-03-01,622,YES,1,66,2019-10-01,2019,No
2352,1509,Visa,Debit,4417739183409950,2023-01-01,990,NO,1,18138,2015-03-01,2015,No
1347,1509,Mastercard,Debit,5352211789998935,2021-02-01,443,YES,1,23238,2014-02-01,2014,No
5276,1509,Mastercard,Debit,5410637796399201,2022-09-01,983,YES,1,20706,2013-10-01,2013,No
3685,1509,Visa,Credit,4762138266799478,2022-08-01,495,YES,2,12100,2002-07-01,2010,No
5696,1422,Visa,Debit,4363891861741725,2020-03-01,662,YES,2,19781,2013-11-01,2013,No
4983,1422,Discover,Credit,6967609497983390,2023-03-01,334,YES,2,9300,2003-10-01,2012,No
3212,1422,Mastercard,Debit,5267551356380608,2022-12-01,984,NO,2,5451,1999-06-01,2012,No
5515,1422,Visa,Debit,4103248264872952,2016-02-01,23,YES,2,6491,2007-11-01,2013,No
923,1400,Visa,Credit,4051081191440795,2023-02-01,42,YES,1,6900,2020-01-01,2020,No
415,1400,Amex,Credit,383475654382335,2024-05-01,835,NO,2,6100,2020-01-01,2020,No
3796,492,Visa,Debit,4837452802436823,2022-05-01,288,YES,1,16905,2006-07-01,2008,No
1002,1516,Mastercard,Debit,5503001623065365,2020-04-01,552,YES,1,47153,2002-02-01,2006,No
3960,1516,Visa,Debit,4776377960241200,2022-12-01,190,YES,2,25010,2010-07-01,2010,No
5973,1649,Mastercard,Debit,5178473684405564,2022-12-01,562,YES,1,232,2009-12-01,2010,No
4410,1649,Mastercard,Credit,5012197802964363,2016-02-01,674,YES,2,100,2013-08-01,2013,No
3697,1649,Mastercard,Debit (Prepaid),5855938431811539,2017-04-01,656,YES,1,80,2003-07-01,2011,No
1432,1573,Amex,Credit,337444224350580,2022-12-01,542,YES,2,3300,2020-02-01,2020,No
3326,583,Mastercard,Debit,5799169833597049,2021-01-01,85,YES,1,3483,2006-06-01,2013,No
343,583,Amex,Credit,345109128105029,2024-02-01,963,YES,2,13900,2015-01-01,2015,No
3238,1811,Mastercard,Debit,5158280368787690,2024-10-01,616,YES,1,70187,2002-06-01,2011,No
291,1811,Visa,Debit,4077584980284629,2021-12-01,84,NO,2,7821,2011-01-01,2014,No
3355,1811,Mastercard,Debit,5978884065247077,2024-10-01,708,YES,2,96637,2007-06-01,2007,No
4894,1811,Discover,Credit,6977627305195042,2022-03-01,233,YES,2,44200,2016-09-01,2016,No
2165,1811,Visa,Debit (Prepaid),4065795089404702,2023-08-01,765,NO,1,68,2007-03-01,2007,No
331,1811,Mastercard,Debit (Prepaid),5320344964229690,2021-01-01,628,YES,1,54,2014-01-01,2014,No
3978,1811,Mastercard,Debit,5879372260390616,2022-05-01,403,YES,1,62519,2011-07-01,2011,No
3141,1811,Visa,Debit,4910341780863441,2022-11-01,246,YES,1,87408,2013-05-01,2013,No
202,1054,Mastercard,Debit,5913847569907564,2024-03-01,237,YES,2,15100,2009-01-01,2009,No
3860,1054,Mastercard,Debit,5349556696203116,2024-05-01,875,YES,1,2303,2008-07-01,2011,No
924,1054,Visa,Credit,4295192613583548,2023-03-01,349,YES,2,9000,2020-01-01,2020,No
5921,1678,Amex,Credit,356005165062230,2021-10-01,507,YES,1,12600,2008-12-01,2008,No
3435,1678,Mastercard,Debit,5240082203312523,2021-05-01,393,YES,1,25027,2009-06-01,2009,No
4680,1678,Mastercard,Debit,5127936739014860,2023-01-01,896,YES,1,30424,2008-09-01,2011,No
1731,333,Mastercard,Debit,5689212244021237,2022-08-01,924,YES,2,14304,2020-02-01,2020,No
5311,1412,Visa,Debit,4621223878831288,2016-06-01,682,YES,2,19081,2015-10-01,2015,No
5687,1412,Mastercard,Debit,5395339623143984,2020-09-01,501,YES,2,17401,2013-11-01,2013,No
3067,1412,Mastercard,Credit,5135678062479808,2021-07-01,505,YES,1,12800,2010-05-01,2016,No
3942,1412,Mastercard,Debit (Prepaid),5670005225763179,2015-07-01,698,YES,1,42,2010-07-01,2011,No
3436,1412,Mastercard,Debit,5818161374881413,2014-06-01,212,NO,2,10404,2009-06-01,2010,No
3715,177,Mastercard,Debit,5517723360584005,2013-07-01,347,YES,1,39422,2004-07-01,2009,No
2681,177,Mastercard,Credit,5237138657431099,2023-09-01,589,YES,1,11900,2011-04-01,2011,No
1152,177,Mastercard,Debit,5974924187009496,2022-06-01,102,YES,2,4880,2008-02-01,2010,No
3653,177,Mastercard,Debit,5764898909630971,2020-04-01,255,YES,2,25392,1998-07-01,2014,No
694,390,Mastercard,Credit,5591895053896003,2020-02-01,836,YES,1,18500,2020-01-01,2020,No
695,390,Mastercard,Debit (Prepaid),5076996431094044,2022-01-01,241,YES,1,57,2020-01-01,2020,No
3539,1577,Visa,Credit,4816860056537332,2022-11-01,197,YES,1,10100,2011-06-01,2014,No
3437,1577,Mastercard,Debit,5764651900129904,2024-03-01,596,YES,1,2037,2009-06-01,2013,No
3504,1577,Visa,Debit,4991364969575729,2021-01-01,244,YES,2,21999,2010-06-01,2015,No
2394,1577,Mastercard,Debit,5557499918915420,2021-01-01,576,YES,2,15793,1994-04-01,2012,No
4090,1609,Mastercard,Debit,5675256776194426,2021-01-01,833,NO,1,28844,1998-08-01,2011,No
4681,1609,Mastercard,Debit,5595385125014567,2023-08-01,519,YES,1,34023,2008-09-01,2008,No
5992,1609,Amex,Credit,335445013271477,2022-09-01,999,YES,1,19400,2010-12-01,2013,No
3510,1609,Amex,Credit,339792898644120,2023-06-01,936,YES,1,16100,2011-06-01,2011,No
2353,1762,Visa,Credit,4300321753140483,2022-08-01,628,YES,2,18400,2015-03-01,2015,No
3410,917,Visa,Debit,4191974309505453,2018-01-01,802,YES,2,17314,2008-06-01,2014,No
2887,917,Mastercard,Debit,5404392353169210,2020-10-01,819,YES,1,20999,2005-05-01,2007,No
5068,917,Visa,Debit,4475946693710004,2006-11-01,530,YES,2,7199,2006-10-01,2013,No
2652,1717,Mastercard,Debit,5089930923373798,2020-08-01,17,YES,1,23956,2010-04-01,2010,No
6122,1717,Mastercard,Debit,5773396250865734,2019-02-01,800,YES,2,17695,2016-12-01,2016,No
1383,1717,Visa,Debit,4246551286869282,2022-08-01,593,YES,2,22765,2018-02-01,2018,No
363,1717,Visa,Debit,4515082319612545,2020-02-01,194,YES,1,15934,2017-01-01,2017,No
3029,1355,Visa,Debit,4107644655969763,2017-10-01,870,YES,1,9295,2009-05-01,2009,No
3068,1355,Mastercard,Debit,5164840016148969,2023-08-01,26,YES,2,7112,2010-05-01,2014,No
166,1668,Mastercard,Debit,5550568534248004,2024-07-01,941,YES,2,23712,2008-01-01,2009,No
4185,1668,Mastercard,Debit,5549004168547038,2021-02-01,29,YES,1,33471,2006-08-01,2011,No
4893,1668,Visa,Debit,4982899751098466,2020-02-01,864,YES,1,23240,2015-09-01,2015,No
4440,1668,Visa,Debit,4249726842929939,2022-07-01,917,YES,1,18828,2014-08-01,2014,No
4803,1668,Visa,Credit,4161722287532690,2010-10-01,265,YES,1,14000,2010-09-01,2016,No
1153,1668,Mastercard,Debit (Prepaid),5921304090510635,2022-07-01,404,YES,2,20,2008-02-01,2017,No
5260,1293,Mastercard,Debit,5037463911586202,2021-05-01,117,YES,1,16339,2012-10-01,2012,No
696,1293,Mastercard,Debit,5078145607261496,2021-07-01,614,YES,2,23902,2020-01-01,2020,No
925,1597,Visa,Debit,4777168194473448,2024-12-01,558,YES,2,38025,2020-01-01,2020,No
926,1597,Visa,Credit,4696113920786154,2020-07-01,495,YES,2,22900,2020-01-01,2020,No
697,1597,Mastercard,Debit,5452689036471935,2024-07-01,803,YES,1,24682,2020-01-01,2020,No
927,202,Visa,Credit,4269419419379307,2024-02-01,906,YES,2,6200,2020-01-01,2020,No
1973,493,Visa,Debit,4097047880363971,2024-10-01,652,YES,2,9241,2020-02-01,2020,No
1261,361,Visa,Credit,4972676446491092,2022-06-01,555,NO,2,11500,2010-02-01,2010,No
5839,361,Mastercard,Debit,5710919174207434,2021-09-01,13,NO,1,14958,2005-12-01,2009,No
4703,361,Visa,Debit (Prepaid),4394875861818282,2021-03-01,15,YES,2,20,2008-09-01,2008,No
5055,361,Mastercard,Debit,5615301359229492,2008-06-01,29,NO,1,4581,2006-10-01,2009,No
260,1659,Visa,Debit,4419460752105618,2023-02-01,113,YES,1,18116,2010-01-01,2010,No
3438,1659,Mastercard,Debit,5642115649403351,2020-03-01,731,YES,1,23082,2009-06-01,2009,No
185,1659,Visa,Credit,4199299822093543,2015-09-01,515,YES,2,19100,2008-01-01,2008,No
5056,1659,Mastercard,Debit,5479463619359581,2023-08-01,700,YES,2,23740,2006-10-01,2014,No
959,1659,Mastercard,Debit,5499930396917667,2021-11-01,570,YES,1,22242,1996-02-01,2012,No
3540,1659,Visa,Credit,4445565501557714,2020-09-01,474,YES,2,12700,2011-06-01,2011,No
1974,289,Visa,Credit,4570269578447082,2024-02-01,74,YES,2,5000,2020-02-01,2020,No
698,289,Mastercard,Debit,5118294961901335,2020-01-01,713,YES,1,7640,2020-01-01,2020,No
148,737,Visa,Debit,4400094918183273,2020-06-01,700,NO,1,6789,2007-01-01,2009,No
6144,737,Mastercard,Credit,5413710543564908,2024-10-01,454,YES,1,6600,2019-12-01,2019,No
5013,1733,Mastercard,Debit,5918070737334540,2023-09-01,879,YES,2,898,2004-10-01,2007,No
6016,278,Mastercard,Debit,5601819028761095,2023-05-01,832,NO,1,137669,2010-12-01,2010,No
2518,278,Visa,Credit,4309358602980982,2023-08-01,207,YES,1,58100,2006-04-01,2011,No
3919,278,Visa,Credit,4744339709686056,2020-06-01,810,YES,2,49300,2009-07-01,2010,No
6123,278,Mastercard,Debit,5945500533879840,2023-01-01,428,YES,1,92828,2016-12-01,2016,No
5619,278,Mastercard,Credit,5079922576804283,2022-10-01,242,YES,2,55300,2010-11-01,2010,No
699,618,Mastercard,Debit (Prepaid),5390553032149250,2024-02-01,292,NO,2,71,2020-01-01,2020,No
2282,618,Mastercard,Debit,5120169290018670,2022-02-01,784,YES,1,11591,2011-03-01,2011,No
4372,618,Mastercard,Debit,5538394493237764,2019-07-01,115,YES,1,8633,2011-08-01,2011,No
3411,618,Visa,Debit,4377250779161296,2024-02-01,393,YES,1,12496,2008-06-01,2010,No
2937,753,Mastercard,Debit (Prepaid),5333013779987101,2009-01-01,836,YES,2,4,2007-05-01,2009,No
1311,753,Visa,Credit,4033661530367499,2023-01-01,95,YES,2,8000,2012-02-01,2012,No
5644,753,Discover,Credit,6268816898046008,2022-05-01,829,YES,1,8600,2011-11-01,2011,No
5697,489,Visa,Debit (Prepaid),4550158721667391,2020-05-01,764,YES,1,71,2013-11-01,2013,No
5069,489,Visa,Debit,4691816721269524,2023-11-01,564,YES,2,11347,2006-10-01,2009,No
4233,489,Visa,Credit,4392345136564007,2024-01-01,539,YES,1,8800,2007-08-01,2012,No
4051,489,Visa,Credit,4174000010311703,2023-07-01,922,YES,1,14700,2016-07-01,2016,No
2991,90,Visa,Debit,4086714175586108,2010-05-01,977,YES,2,9661,2008-05-01,2015,No
1100,90,Visa,Debit,4224384711964351,2015-03-01,585,YES,2,26872,2006-02-01,2015,No
1233,90,Mastercard,Debit (Prepaid),5454320123258478,2020-03-01,429,YES,1,102,2010-02-01,2010,No
4682,1264,Mastercard,Debit,5666750494047679,2023-04-01,756,NO,1,10767,2008-09-01,2008,No
1732,1264,Mastercard,Debit,5482357093415075,2024-11-01,625,YES,1,14393,2020-02-01,2020,No
1975,18,Visa,Debit (Prepaid),4940092514148148,2024-01-01,337,YES,2,62,2020-02-01,2020,No
118,376,Visa,Credit,4472791439889132,2020-10-01,900,YES,2,25300,2006-01-01,2009,No
1262,376,Visa,Debit,4961188850895805,2021-08-01,629,NO,1,28884,2010-02-01,2015,No
4704,376,Visa,Debit,4061229587825801,2024-08-01,127,YES,1,2696,2008-09-01,2013,No
325,376,Visa,Credit,4846362912981071,2013-03-01,650,YES,1,9200,2013-01-01,2013,No
5576,579,Mastercard,Debit,5481399554489218,2019-08-01,754,NO,2,21005,2009-11-01,2010,No
2197,218,Mastercard,Debit,5932064740893460,2023-01-01,263,NO,1,18689,2008-03-01,2009,No
167,218,Mastercard,Credit,5226320820755917,2020-04-01,569,YES,1,9300,2008-01-01,2008,No
2846,218,Mastercard,Debit,5721088827990781,2022-07-01,570,YES,2,9789,2003-05-01,2013,No
240,218,Mastercard,Debit,5031033208388940,2024-03-01,565,YES,2,11694,2010-01-01,2012,No
4091,218,Visa,Debit,4366735799878155,2023-06-01,763,YES,1,11592,1998-08-01,2015,No
6017,218,Mastercard,Credit,5102494493150212,2014-12-01,615,YES,1,8100,2010-12-01,2010,No
4465,218,Mastercard,Debit,5212081047458870,2021-11-01,836,YES,1,11647,2017-08-01,2017,No
1976,1320,Visa,Debit,4417317940986636,2022-04-01,598,NO,1,10693,2020-02-01,2020,No
4859,42,Mastercard,Debit,5585235709223011,2020-09-01,555,YES,1,10776,2013-09-01,2013,No
2824,42,Discover,Credit,6638748785809862,2021-06-01,943,YES,1,6300,2002-05-01,2011,No
2742,42,Discover,Credit,6128331852366832,2019-02-01,56,YES,2,5600,2015-04-01,2015,No
4592,1170,Visa,Credit,4192874179326162,2021-07-01,680,YES,1,7900,2005-09-01,2009,No
4353,1170,Visa,Debit,4206608050110882,2021-11-01,873,YES,2,19442,2010-08-01,2010,No
2573,1531,Mastercard,Credit,5697281977143652,2024-02-01,18,YES,2,7500,2008-04-01,2008,No
928,1275,Visa,Credit,4084600800745908,2021-11-01,121,YES,2,2000,2020-01-01,2020,No
1977,1275,Visa,Debit,4749157487981215,2024-10-01,568,YES,1,10800,2020-02-01,2020,No
4092,26,Amex,Credit,386220220724226,2017-09-01,281,NO,2,3900,1999-08-01,2010,No
4868,1937,Visa,Credit,4478591356446764,2024-10-01,207,YES,2,5500,2013-09-01,2013,No
3,1937,Visa,Credit,4289888672554714,2020-04-01,736,YES,2,16400,1995-01-01,2015,No
4193,1937,Visa,Debit (Prepaid),4418492072049483,2021-05-01,868,YES,2,53,2006-08-01,2012,No
1186,1937,Mastercard,Debit,5016047912098598,2013-11-01,561,NO,1,17883,2009-02-01,2017,No
3327,1937,Mastercard,Debit,5663910895753021,2024-08-01,385,YES,2,12212,2006-06-01,2006,No
3030,1177,Visa,Credit,4375233416487695,2023-11-01,566,YES,1,15800,2009-05-01,2015,No
4164,1177,Mastercard,Credit,5350464215817716,2024-12-01,315,YES,1,26400,2005-08-01,2008,No
4860,1177,Mastercard,Debit,5167461508736953,2021-09-01,218,YES,2,25993,2013-09-01,2013,No
4016,1177,Visa,Debit (Prepaid),4031671355735386,2022-05-01,372,YES,2,59,2013-07-01,2013,No
3529,1032,Mastercard,Debit (Prepaid),5759154405195541,2023-08-01,644,YES,2,8,2011-06-01,2011,No
1056,1032,Mastercard,Debit,5147349032162324,2020-07-01,325,NO,2,1955,2005-02-01,2013,No
3961,397,Visa,Debit,4398726361408174,2022-09-01,592,YES,1,7159,2010-07-01,2011,No
3179,397,Mastercard,Debit,5166788218031494,2021-10-01,167,YES,1,12172,2016-05-01,2016,No
2574,397,Mastercard,Debit,5748345653201805,2021-01-01,704,YES,2,10889,2008-04-01,2010,No
2543,566,Mastercard,Credit,5124181575265453,2020-02-01,308,YES,2,10800,2007-04-01,2010,No
3122,566,Mastercard,Debit (Prepaid),5019509763985509,2013-12-01,156,YES,1,58,2012-05-01,2012,No
3439,566,Mastercard,Credit,5578674156872455,2023-02-01,118,YES,1,11000,2009-06-01,2009,No
4547,566,Amex,Credit,304564349597311,2024-11-01,170,YES,2,12700,2004-09-01,2008,No
5577,566,Mastercard,Credit,5588638647228889,2012-09-01,525,YES,1,10100,2009-11-01,2009,No
3247,1581,Amex,Credit,335921476257243,2022-02-01,743,NO,1,11300,2003-06-01,2007,No
2519,1581,Visa,Debit,4564719638698318,2020-12-01,446,YES,1,26596,2006-04-01,2015,No
5541,1581,Mastercard,Debit,5862160658521395,2023-01-01,117,YES,2,1807,2008-11-01,2013,No
5374,1581,Discover,Credit,6494282265479617,2024-07-01,471,YES,1,9700,2002-11-01,2005,No
5840,1581,Mastercard,Credit,5607170404260670,2020-03-01,51,YES,1,12300,2005-12-01,2010,No
5666,1332,Visa,Debit,4692209881034936,2024-10-01,841,YES,1,40914,2011-11-01,2011,No
2406,1332,Visa,Debit,4733764906350562,2021-09-01,982,YES,1,21749,1999-04-01,2008,No
4880,1332,Visa,Debit,4318258273065778,2024-10-01,152,YES,1,39491,2014-09-01,2014,No
2166,1648,Visa,Debit,4721815072237153,2021-06-01,106,YES,2,97352,2007-03-01,2019,No
2624,1648,Visa,Debit,4559856655520965,2021-04-01,475,NO,2,5921,2009-04-01,2010,No
5388,1648,Mastercard,Debit,5283029601327772,2023-10-01,972,YES,2,54057,2003-11-01,2012,No
1187,1648,Mastercard,Debit,5489127405017818,2021-02-01,287,NO,2,64565,2009-02-01,2019,No
5282,1648,Visa,Credit,4699987716360968,2022-06-01,973,YES,1,36700,2013-10-01,2013,No
4787,17,Mastercard,Debit,5112841703970154,2022-06-01,367,YES,1,7175,2010-09-01,2017,No
4962,17,Amex,Credit,396239738941168,2024-10-01,814,YES,1,2800,2002-10-01,2011,No
2520,349,Visa,Credit,4957171481250708,2023-08-01,860,YES,2,3600,2006-04-01,2006,No
4314,349,Visa,Debit,4848387288995352,2020-09-01,393,YES,1,30348,2009-08-01,2010,No
4843,1200,Visa,Credit,4993894078039979,2022-06-01,784,YES,2,6000,2012-09-01,2012,No
3505,228,Visa,Credit,4213207721993381,2023-01-01,746,YES,1,1700,2010-06-01,2010,No
4545,484,Visa,Debit,4597915385582398,2006-07-01,864,YES,2,10755,2003-09-01,2020,No
5794,484,Mastercard,Debit,5814688468697564,2023-11-01,196,YES,2,61262,2003-12-01,2016,No
3662,484,Amex,Credit,385811228095330,2013-01-01,173,YES,1,0,2001-07-01,2009,No
1733,1099,Mastercard,Credit,5805568930094664,2023-06-01,887,YES,2,3500,2020-02-01,2020,No
3196,1480,Mastercard,Credit,5677473176452050,2018-01-01,686,YES,2,7100,2017-05-01,2017,No
1188,1449,Mastercard,Debit (Prepaid),5154212510711021,2022-09-01,821,YES,2,51,2009-02-01,2013,No
241,1449,Mastercard,Debit,5134527149271246,2022-02-01,755,YES,2,11457,2010-01-01,2016,No
1003,1449,Mastercard,Debit,5925144583646101,2023-06-01,273,NO,2,1563,2002-02-01,2011,No
5707,1417,Visa,Debit,4755309590277505,2021-07-01,531,YES,2,37325,2014-11-01,2014,No
2975,1417,Mastercard,Credit,5790469227539261,2022-10-01,1,NO,1,14200,2008-05-01,2016,No
3397,1417,Mastercard,Debit,5164497134993115,2021-09-01,490,YES,1,28815,2008-06-01,2015,No
1234,1417,Mastercard,Debit (Prepaid),5082923874323795,2021-02-01,774,YES,2,85,2010-02-01,2010,No
3920,1417,Visa,Debit,4551485171901900,2018-11-01,892,YES,2,15285,2009-07-01,2009,No
280,267,Mastercard,Debit,5625635561969960,2023-07-01,310,YES,2,10636,2011-01-01,2011,No
326,267,Visa,Debit,4771456546451310,2015-10-01,970,YES,1,12891,2013-01-01,2013,No
4411,267,Mastercard,Debit,5404831533605189,2021-10-01,72,YES,1,11885,2013-08-01,2013,No
5389,373,Mastercard,Debit,5435311573918660,2017-02-01,45,YES,2,2849,2003-11-01,2012,No
4750,373,Visa,Debit,4623830121488860,2023-08-01,233,YES,1,3867,2009-09-01,2009,No
261,373,Visa,Debit,4139199465174934,2021-10-01,9,YES,2,6688,2010-01-01,2016,No
2817,373,Mastercard,Debit,5422145957568718,2020-12-01,242,YES,2,8021,2001-05-01,2018,No
2283,1772,Mastercard,Debit,5306745473896520,2022-05-01,271,YES,1,27201,2011-03-01,2011,No
5918,1772,Visa,Credit,4148318094287271,2020-12-01,313,YES,2,12800,2007-12-01,2009,No
56,1772,Mastercard,Debit (Prepaid),5993362497379576,2020-03-01,94,YES,2,96,2004-01-01,2011,No
5657,1772,Mastercard,Debit,5626378456369424,2023-05-01,982,NO,2,16426,2011-11-01,2011,No
1978,1418,Visa,Credit,4402488714330108,2021-11-01,627,YES,1,9100,2020-02-01,2020,No
4516,1774,Visa,Debit,4296121621030187,2023-01-01,314,YES,1,14546,2001-09-01,2008,No
2003,1774,Discover,Credit,6974497425701266,2020-12-01,192,YES,1,8400,1997-03-01,2013,No
5578,1774,Mastercard,Debit,5500175661325557,2020-10-01,43,YES,2,10815,2009-11-01,2020,No
5939,1774,Mastercard,Credit,5647089735442965,2021-03-01,480,NO,1,4000,2008-12-01,2012,No
2407,964,Visa,Debit,4086633692001413,2020-05-01,881,YES,1,11254,1999-04-01,2018,No
2593,964,Visa,Debit,4842195195266314,2020-09-01,497,YES,2,2271,2008-04-01,2008,No
2811,964,Visa,Debit,4780096957038020,2007-12-01,604,YES,2,6311,2000-05-01,2013,No
294,964,Amex,Credit,340045632784763,2020-02-01,218,YES,1,13700,2012-01-01,2012,No
4885,72,Mastercard,Credit,5428221818543241,2024-09-01,953,YES,1,14300,2015-09-01,2015,No
1734,6,Mastercard,Credit,5070662282651105,2020-02-01,516,YES,2,14600,2020-02-01,2020,No
2366,1527,Mastercard,Credit,5801798801399788,2021-06-01,527,YES,2,7100,2017-03-01,2017,No
203,1433,Mastercard,Debit,5346665102858338,2024-01-01,734,YES,1,4534,2009-01-01,2010,No
4485,1433,Visa,Credit,4889540259167879,2021-07-01,890,YES,2,4200,2019-08-01,2019,No
5841,1433,Mastercard,Debit,5895798485445131,2024-05-01,48,NO,1,27117,2005-12-01,2005,No
2544,1785,Mastercard,Debit,5356557830959677,2023-04-01,125,NO,2,14404,2007-04-01,2015,No
2153,1785,Mastercard,Debit,5456509634452108,2012-08-01,557,YES,2,6360,2007-03-01,2016,No
2037,1785,Mastercard,Debit,5176036831889983,2020-11-01,119,YES,1,4701,2002-03-01,2017,No
4079,1476,Mastercard,Debit,5086512779429782,2024-05-01,613,YES,1,13793,2019-07-01,2019,No
3553,1476,Mastercard,Debit,5568197772676119,2012-12-01,676,YES,1,27569,2012-06-01,2012,No
264,1476,Amex,Credit,351118771819506,2021-05-01,551,YES,1,10400,2011-01-01,2011,No
3990,455,Visa,Debit,4325994913282358,2021-02-01,114,NO,1,14959,2011-07-01,2011,No
4064,455,Visa,Debit,4573359573640504,2022-10-01,267,YES,2,19713,2017-07-01,2017,No
348,455,Mastercard,Debit (Prepaid),5146076432064543,2022-03-01,662,YES,1,90,2015-01-01,2015,No
1433,1553,Amex,Credit,321390295697853,2020-02-01,287,YES,2,15500,2020-02-01,2020,No
929,1553,Visa,Credit,4037574014013949,2023-05-01,634,NO,1,19200,2020-01-01,2020,No
930,532,Visa,Debit,4766814724627532,2020-06-01,723,YES,1,16610,2020-01-01,2020,No
3142,532,Visa,Debit,4777234942221867,2023-06-01,559,YES,1,21793,2013-05-01,2013,No
931,532,Visa,Debit,4175156104515816,2022-07-01,655,NO,1,15261,2020-01-01,2020,No
292,532,Visa,Debit,4092634167714573,2024-04-01,721,YES,1,25919,2011-01-01,2011,No
57,1092,Mastercard,Debit,5575214152731773,2016-01-01,88,YES,2,4546,2004-01-01,2010,No
1456,1092,Discover,Credit,6731998965120910,2022-07-01,82,YES,2,9600,2020-02-01,2020,No
1979,1819,Visa,Debit,4086123102379526,2024-04-01,744,YES,1,9238,2020-02-01,2020,No
1735,1819,Mastercard,Debit,5674572566243618,2022-10-01,702,YES,2,15474,2020-02-01,2020,No
3834,528,Amex,Credit,308644614282116,2022-07-01,930,YES,2,9500,2008-07-01,2015,No
25,528,Visa,Debit,4287552229905456,2003-04-01,482,YES,1,7030,2001-01-01,2011,No
5161,528,Mastercard,Debit (Prepaid),5200521526888417,2020-05-01,493,YES,2,25,2009-10-01,2010,No
3150,328,Mastercard,Debit,5900781818896314,2024-08-01,694,YES,2,15125,2014-05-01,2014,No
1263,328,Visa,Credit,4737448001688514,2020-06-01,626,YES,2,13200,2010-02-01,2010,No
4186,328,Mastercard,Debit (Prepaid),5097151873275379,2006-09-01,617,YES,2,130,2006-08-01,2014,No
364,1282,Visa,Debit,4470396121935962,2023-11-01,109,YES,1,13193,2017-01-01,2017,No
4815,1282,Mastercard,Debit,5359387075130556,2020-05-01,975,YES,1,16187,2011-09-01,2011,No
4945,783,Mastercard,Debit,5359252107099592,2020-10-01,401,YES,2,1627,2000-10-01,2013,No
105,783,Mastercard,Credit,5084097673104529,2007-10-01,908,YES,2,5600,2006-01-01,2008,No
5795,783,Mastercard,Credit,5637704480335686,2024-09-01,146,YES,1,9600,2003-12-01,2016,No
1434,1325,Amex,Credit,337243144975638,2020-07-01,64,YES,1,89900,2020-02-01,2020,No
1435,1325,Amex,Credit,366279021724239,2024-07-01,517,YES,2,44100,2020-02-01,2020,No
1980,687,Visa,Debit,4418732012686610,2020-02-01,79,YES,2,19446,2020-02-01,2020,No
2266,1693,Visa,Credit,4745663916245954,2023-08-01,938,NO,2,29900,2010-03-01,2017,No
5940,1693,Mastercard,Debit,5128104617797218,2017-03-01,726,YES,1,33506,2008-12-01,2011,No
932,1542,Visa,Debit,4170170540626885,2023-07-01,65,YES,1,20971,2020-01-01,2020,No
2906,1542,Mastercard,Debit (Prepaid),5712463929886788,2020-06-01,814,YES,2,65,2006-05-01,2009,No
4829,36,Visa,Debit,4887792862892213,2019-06-01,31,YES,2,18808,2011-09-01,2013,No
1736,36,Mastercard,Debit,5402670262764803,2021-07-01,292,NO,2,8723,2020-02-01,2020,No
2611,360,Mastercard,Debit,5641208271147811,2016-12-01,668,YES,2,28003,2009-04-01,2009,No
2719,360,Mastercard,Debit,5168276651669097,2022-07-01,939,YES,2,15972,2013-04-01,2013,No
4441,360,Visa,Debit,4005308847294610,2018-10-01,106,YES,1,22342,2014-08-01,2014,No
3592,360,Mastercard,Debit,5008326450243575,2020-04-01,382,NO,1,21058,2015-06-01,2015,No
700,555,Mastercard,Debit (Prepaid),5826140028493879,2021-04-01,787,YES,2,26,2020-01-01,2020,No
1981,136,Visa,Debit,4270247503047583,2023-08-01,977,NO,1,24605,2020-02-01,2020,No
701,136,Mastercard,Debit,5941060191494195,2021-11-01,888,YES,2,23529,2020-01-01,2020,No
1982,136,Visa,Debit,4451428446253891,2023-01-01,354,YES,2,20780,2020-02-01,2020,No
2710,603,Visa,Credit,4958653958330137,2022-11-01,821,YES,2,3900,2012-04-01,2012,No
5205,1794,Mastercard,Debit,5320717372996306,2024-07-01,264,YES,2,4392,2010-10-01,2017,No
3069,329,Mastercard,Credit,5376701080589928,2020-10-01,991,YES,1,12300,2010-05-01,2013,No
1362,329,Amex,Credit,337550322941360,2024-04-01,449,YES,2,11100,2016-02-01,2016,No
4082,329,Visa,Debit (Prepaid),4336821790834583,2020-11-01,943,YES,2,93,2019-07-01,2019,No
4788,329,Mastercard,Credit,5028747805927867,2024-07-01,278,YES,1,9500,2010-09-01,2015,No
5824,1181,Visa,Credit,4895717164008273,2022-11-01,687,YES,1,12000,2004-12-01,2011,No
136,1181,Mastercard,Debit,5627821887128376,2020-07-01,309,YES,2,11999,2007-01-01,2015,No
3642,1181,Mastercard,Credit,5772874140116142,2021-01-01,811,YES,2,0,2019-06-01,2019,No
5842,1181,Mastercard,Debit,5107765857429099,2021-09-01,77,YES,2,18991,2005-12-01,2011,No
1094,1181,Mastercard,Debit,5141288066109648,2024-10-01,209,YES,1,27146,2006-02-01,2011,No
32,598,Visa,Debit (Prepaid),4405540956453724,2024-10-01,340,YES,2,32,2002-01-01,2009,No
2040,598,Visa,Debit,4706797634213663,2023-04-01,754,YES,2,19103,2002-03-01,2011,No
2361,598,Visa,Credit,4497075414603384,2021-10-01,609,YES,2,11400,2016-03-01,2016,No
5038,990,Visa,Debit (Prepaid),4573104032868370,2023-10-01,912,YES,1,75,2005-10-01,2007,No
2267,1777,Visa,Credit,4287715741686227,2020-12-01,945,YES,1,12700,2010-03-01,2020,No
5014,1777,Mastercard,Debit (Prepaid),5863932577604198,2023-05-01,815,YES,1,61,2004-10-01,2012,No
1207,1777,Discover,Credit,6890958566283018,2018-08-01,17,YES,2,24400,2010-02-01,2011,No
4557,1777,Mastercard,Debit,5523521756936715,2023-02-01,646,YES,2,32895,2004-09-01,2005,No
1057,1777,Mastercard,Credit,5283200338474521,2006-09-01,183,YES,1,14300,2005-02-01,2010,No
702,998,Mastercard,Credit,5867990216480062,2023-11-01,890,NO,1,9400,2020-01-01,2020,No
703,998,Mastercard,Debit,5278235755391641,2024-01-01,334,YES,1,11364,2020-01-01,2020,No
2917,1872,Visa,Debit,4579828689268319,2023-07-01,234,YES,1,24308,2006-05-01,2011,No
5819,1872,Mastercard,Debit,5728624930968573,2011-07-01,308,YES,1,26328,2004-12-01,2005,No
2918,1872,Visa,Debit,4168297207560528,2018-06-01,37,YES,1,21655,2006-05-01,2009,No
308,1872,Visa,Debit,4656088751958530,2022-01-01,257,YES,1,23300,2012-01-01,2012,No
3962,1872,Visa,Credit,4481314542302614,2023-05-01,653,YES,1,15900,2010-07-01,2013,No
4267,1872,Mastercard,Credit,5747096332409894,2023-03-01,145,YES,2,8500,2008-08-01,2011,No
933,1743,Visa,Debit (Prepaid),4938575047755879,2020-09-01,779,YES,1,60,2020-01-01,2020,No
1983,1743,Visa,Debit,4706273875998303,2021-02-01,662,NO,2,15234,2020-02-01,2020,No
934,1743,Visa,Debit,4756674643883046,2022-10-01,215,YES,2,30870,2020-01-01,2020,No
935,1743,Visa,Debit,4596537044879993,2021-03-01,466,YES,1,30155,2020-01-01,2020,No
2781,1000,Mastercard,Debit,5864857498399320,2020-03-01,31,YES,1,23088,2018-04-01,2018,No
1737,1708,Mastercard,Debit,5932803595236806,2024-12-01,567,YES,2,23397,2020-02-01,2020,No
704,1708,Mastercard,Credit,5768193861918367,2022-03-01,263,YES,2,9100,2020-01-01,2020,No
936,799,Visa,Credit,4632633126868484,2020-02-01,343,YES,2,6600,2020-01-01,2020,No
2284,799,Mastercard,Credit,5608087801127195,2020-02-01,715,YES,2,7000,2011-03-01,2011,No
3650,144,Amex,Credit,367474243774504,2001-12-01,558,YES,1,11600,1998-07-01,2009,No
1436,144,Amex,Credit,375207905449012,2022-12-01,512,YES,2,0,2020-02-01,2020,No
4457,144,Mastercard,Debit,5962520384384662,2022-11-01,627,YES,2,14699,2016-08-01,2016,No
5247,144,Mastercard,Debit,5891798640440029,2022-07-01,370,YES,2,20289,2011-10-01,2011,No
1235,781,Mastercard,Debit,5724812856736556,2024-12-01,821,YES,2,16474,2010-02-01,2010,No
1984,781,Visa,Debit,4441537373999689,2020-02-01,193,YES,2,3356,2020-02-01,2020,No
937,781,Visa,Debit,4130215809450765,2020-02-01,602,YES,2,14679,2020-01-01,2020,No
4388,781,Discover,Credit,6308521512097419,2020-08-01,770,YES,2,4300,2012-08-01,2012,No
5390,1572,Mastercard,Debit,5146038421358947,2021-09-01,676,YES,1,946,2003-11-01,2015,No
5092,1572,Mastercard,Debit,5024268943997814,2024-04-01,101,YES,2,7720,2007-10-01,2007,No
3151,1572,Mastercard,Credit,5536644643614485,2015-08-01,627,YES,2,3500,2014-05-01,2014,No
2775,793,Visa,Credit,4030904159290027,2023-04-01,880,YES,1,13700,2017-04-01,2017,No
4234,793,Visa,Credit,4707721125348403,2024-02-01,530,YES,1,16700,2007-08-01,2007,No
938,1681,Visa,Credit,4585094832412488,2021-08-01,873,YES,1,18800,2020-01-01,2020,No
2545,1179,Mastercard,Debit,5575263233323319,2020-04-01,712,YES,2,15518,2007-04-01,2011,No
4466,1179,Visa,Debit,4381450999997195,2024-10-01,135,YES,2,27313,2017-08-01,2017,No
2612,1179,Mastercard,Debit,5517928534321046,2022-06-01,283,YES,1,21989,2009-04-01,2009,No
4760,1179,Discover,Credit,6340588661070812,2020-02-01,737,YES,1,12900,2010-09-01,2013,No
5128,1179,Mastercard,Debit,5037612210257223,2021-10-01,213,YES,2,20026,2008-10-01,2010,No
5283,114,Visa,Debit,4997086356987452,2023-03-01,106,YES,2,10676,2013-10-01,2013,No
3398,114,Mastercard,Debit,5563288095981743,2023-07-01,711,YES,2,27447,2008-06-01,2010,No
3070,114,Mastercard,Debit,5471501151275219,2019-01-01,875,YES,2,16617,2010-05-01,2011,No
939,114,Visa,Debit,4406180094358834,2020-09-01,386,YES,2,12173,2020-01-01,2020,No
1738,271,Mastercard,Debit,5758903151118803,2021-12-01,876,NO,1,2105,2020-02-01,2020,No
6112,1107,Mastercard,Debit,5678186427083264,2023-04-01,765,YES,1,16678,2015-12-01,2015,No
3698,1107,Mastercard,Debit,5259128969401805,2020-03-01,719,YES,1,14123,2003-07-01,2006,No
1985,1107,Visa,Debit,4779897441663920,2023-07-01,172,YES,1,11281,2020-02-01,2020,No
8,1107,Mastercard,Credit,5462760953855576,2021-09-01,665,NO,2,10300,1998-01-01,2006,No
2872,1107,Visa,Debit (Prepaid),4218945513492403,2020-04-01,609,YES,2,102,2004-05-01,2011,No
6079,517,Visa,Debit,4529198706544196,2019-12-01,956,YES,1,11254,2012-12-01,2012,No
5335,517,Visa,Debit,4624298880024351,2023-05-01,695,NO,2,10703,2018-10-01,2018,No
106,517,Mastercard,Credit,5781831200471526,2021-04-01,342,YES,1,5000,2006-01-01,2016,No
1739,517,Mastercard,Debit,5814657967124433,2021-09-01,53,YES,2,8002,2020-02-01,2020,No
2268,624,Visa,Debit,4428221393352281,2012-01-01,800,YES,2,18969,2010-03-01,2010,No
1326,624,Mastercard,Debit,5620777347987312,2019-04-01,203,YES,1,12931,2013-02-01,2013,No
2992,1215,Visa,Debit,4052977938644536,2008-07-01,922,YES,2,18112,2008-05-01,2011,No
5476,1992,Visa,Debit,4599537074421924,2021-06-01,352,YES,1,13034,2006-11-01,2006,No
5327,1992,Visa,Debit (Prepaid),4735444171765440,2021-04-01,440,YES,1,71,2017-10-01,2017,No
1132,1992,Visa,Debit,4346364600707726,2021-05-01,819,YES,1,10374,2007-02-01,2007,No
4442,1992,Visa,Debit,4464255837780501,2016-09-01,11,YES,1,13382,2014-08-01,2014,No
3797,1992,Visa,Debit,4169528920281151,2020-02-01,372,YES,1,11063,2006-07-01,2011,No
705,968,Mastercard,Credit,5013961450307351,2020-03-01,831,YES,2,700,2020-01-01,2020,No
5974,19,Mastercard,Debit (Prepaid),5885996845393849,2023-02-01,676,YES,2,55,2009-12-01,2011,No
1133,1605,Visa,Debit,4607163659779577,2024-01-01,954,YES,1,18358,2007-02-01,2010,No
3231,1605,Visa,Credit,4050809280792654,2022-10-01,906,YES,1,8700,2001-06-01,2010,No
5975,1605,Mastercard,Debit,5242747753340318,2009-12-01,558,YES,2,1966,2009-12-01,2011,No
3123,463,Mastercard,Debit,5043650081401232,2017-11-01,56,YES,1,13257,2012-05-01,2012,No
5746,463,Visa,Debit,4049537564126777,2019-12-01,952,YES,1,20297,2019-11-01,2019,No
1986,1365,Visa,Credit,4868636850065871,2023-04-01,143,YES,2,7500,2020-02-01,2020,No
3328,809,Mastercard,Debit,5751825449090351,2018-10-01,741,YES,1,31696,2006-06-01,2015,No
1202,590,Amex,Credit,361343872480844,2010-09-01,837,YES,2,7400,2010-02-01,2012,No
262,590,Visa,Debit,4770207045170231,2022-11-01,959,NO,2,7644,2010-01-01,2010,No
2555,1904,Visa,Credit,4906330160441425,2021-06-01,740,NO,1,13600,2007-04-01,2011,No
2575,1904,Mastercard,Debit (Prepaid),5018139436441141,2022-11-01,978,YES,1,40,2008-04-01,2011,No
3656,1904,Mastercard,Debit (Prepaid),5560959222277430,2007-08-01,327,YES,2,61,2000-07-01,2013,No
1004,1904,Mastercard,Debit,5660745375245497,2022-07-01,27,YES,1,7597,2002-02-01,2005,No
2498,1904,Visa,Credit,4424092813863775,2024-07-01,996,NO,2,9900,2005-04-01,2006,No
1120,545,Mastercard,Debit,5500745251339739,2021-12-01,290,YES,2,7898,2007-02-01,2014,No
6140,545,Amex,Credit,312560176162838,2020-02-01,667,YES,1,12700,2019-12-01,2019,No
5802,545,Visa,Debit,4026064532527532,2018-04-01,850,NO,1,34329,2003-12-01,2010,No
2125,789,Mastercard,Debit,5733951015747886,2021-08-01,629,NO,1,25206,2006-03-01,2018,No
4523,789,Mastercard,Debit (Prepaid),5358041053681348,2021-10-01,787,YES,1,89,2002-09-01,2012,No
2269,789,Visa,Debit,4466987531926977,2024-04-01,542,YES,3,15143,2010-03-01,2014,No
3071,742,Mastercard,Credit,5867727546265982,2010-10-01,868,YES,2,12700,2010-05-01,2010,No
4751,742,Visa,Debit (Prepaid),4021365419633529,2024-04-01,489,YES,2,53,2009-09-01,2009,No
3900,742,Mastercard,Debit (Prepaid),5451240838028180,2023-07-01,89,YES,2,67,2009-07-01,2016,No
3943,742,Mastercard,Debit,5524375174709990,2020-04-01,727,NO,2,22839,2010-07-01,2015,No
706,612,Mastercard,Debit,5184750031787695,2024-05-01,395,YES,1,17252,2020-01-01,2020,No
2294,612,Visa,Debit,4414457303374738,2024-03-01,962,YES,1,19103,2011-03-01,2011,No
4031,612,Visa,Debit,4622792344518889,2020-05-01,682,NO,1,15619,2014-07-01,2014,No
2375,612,Mastercard,Debit,5288684620224628,2020-02-01,742,YES,1,17512,2018-03-01,2018,No
186,612,Visa,Credit,4446204059905464,2020-11-01,745,YES,1,9300,2008-01-01,2008,No
3512,612,Discover,Credit,6459832607723477,2021-03-01,613,YES,2,9300,2011-06-01,2011,No
4925,612,Mastercard,Debit,5116412114054866,2021-01-01,641,YES,1,13584,2019-09-01,2019,No
1437,536,Amex,Credit,361660199951264,2020-02-01,359,YES,2,8300,2020-02-01,2020,No
940,536,Visa,Credit,4177943531666106,2024-10-01,935,YES,1,7000,2020-01-01,2020,No
707,536,Mastercard,Debit (Prepaid),5274198815905606,2020-01-01,614,YES,1,80,2020-01-01,2020,No
941,536,Visa,Debit,4868987724427798,2020-02-01,851,YES,1,3678,2020-01-01,2020,No
708,536,Mastercard,Debit,5979708797094587,2020-02-01,245,YES,1,5826,2020-01-01,2020,No
1438,523,Amex,Credit,321786749835899,2024-03-01,747,YES,2,8200,2020-02-01,2020,No
2713,523,Discover,Credit,6364215863625390,2023-10-01,14,YES,1,13000,2013-04-01,2013,No
3612,523,Mastercard,Debit,5690509651153906,2022-05-01,573,YES,2,20430,2016-06-01,2016,No
709,523,Mastercard,Credit,5008598572977474,2020-02-01,232,YES,1,8300,2020-01-01,2020,No
2771,928,Mastercard,Debit,5578069135826637,2019-07-01,703,YES,1,10882,2017-04-01,2017,No
3572,928,Visa,Debit,4323438857314993,2022-03-01,40,YES,1,19454,2013-06-01,2013,No
3152,928,Mastercard,Debit,5075857376370680,2020-02-01,982,YES,1,19624,2014-05-01,2014,No
1203,928,Amex,Credit,322674119450622,2012-08-01,250,YES,1,8700,2010-02-01,2010,No
710,928,Mastercard,Credit,5253140087088071,2020-12-01,945,YES,1,8000,2020-01-01,2020,No
4528,928,Visa,Debit,4565738687713649,2020-03-01,549,YES,1,14540,2002-09-01,2002,No
4335,928,Mastercard,Credit,5170430476017818,2023-06-01,817,YES,1,7300,2010-08-01,2013,No
3506,1642,Visa,Credit,4941217468452968,2015-03-01,160,YES,2,12200,2010-06-01,2010,No
3573,1642,Visa,Credit,4222423291346252,2021-01-01,67,YES,1,5000,2013-06-01,2013,No
5206,1642,Mastercard,Credit,5451362125568437,2020-03-01,365,YES,1,11200,2010-10-01,2010,No
6034,1642,Visa,Credit,4759687155885583,2016-07-01,34,NO,2,11200,2010-12-01,2011,No
4281,1642,Visa,Debit,4680328184934192,2012-12-01,377,YES,1,26730,2008-08-01,2010,No
332,495,Mastercard,Credit,5678554364408518,2017-07-01,255,YES,2,11500,2014-01-01,2014,No
1740,495,Mastercard,Debit,5622967893451771,2022-10-01,227,YES,2,16747,2020-02-01,2020,No
2521,495,Visa,Debit,4337361376136363,2011-09-01,943,YES,1,11574,2006-04-01,2009,No
137,495,Mastercard,Debit,5291637236164085,2008-06-01,568,NO,1,13772,2007-01-01,2009,No
2625,166,Visa,Debit,4539775091869861,2021-02-01,740,YES,1,271,2009-04-01,2012,No
5284,166,Amex,Credit,395311275502832,2022-05-01,56,YES,2,16100,2014-10-01,2014,No
1741,166,Mastercard,Debit,5733441683735973,2020-02-01,667,YES,2,11039,2020-02-01,2020,No
4836,1277,Mastercard,Credit,5685035507383249,2017-08-01,135,YES,2,19800,2012-09-01,2012,No
2714,718,Discover,Credit,6596755789941875,2024-11-01,931,YES,2,5700,2013-04-01,2013,No
5796,718,Mastercard,Credit,5003485851351776,2011-03-01,861,NO,1,7200,2003-12-01,2012,No
1189,718,Mastercard,Debit (Prepaid),5164766009976950,2020-09-01,691,YES,2,11,2009-02-01,2013,No
711,1962,Mastercard,Debit,5422341110559659,2021-10-01,939,YES,2,45373,2020-01-01,2020,No
3371,1962,Visa,Credit,4415046745142821,2011-06-01,166,NO,1,21000,2007-06-01,2015,No
3798,1962,Visa,Debit,4343665057958607,2021-08-01,665,YES,1,43287,2006-07-01,2013,No
2594,1962,Visa,Debit,4452357307336469,2021-07-01,260,YES,1,42176,2008-04-01,2008,No
2126,1962,Mastercard,Debit,5322921857948894,2022-03-01,534,YES,2,19789,2006-03-01,2010,No
2198,133,Mastercard,Debit,5241330528442158,2022-07-01,436,YES,1,24508,2008-03-01,2009,No
4683,133,Mastercard,Debit,5386540540263311,2024-03-01,26,YES,1,25197,2008-09-01,2011,No
6113,682,Mastercard,Credit,5512081974916797,2022-10-01,765,YES,2,9300,2015-12-01,2015,No
6145,682,Visa,Debit,4605950682175499,2020-08-01,517,YES,1,16047,2019-12-01,2019,No
5162,795,Mastercard,Debit,5902542975328331,2023-12-01,983,YES,1,27795,2009-10-01,2014,No
4357,795,Discover,Credit,6917280872761373,2020-04-01,315,YES,2,16100,2011-08-01,2011,No
5904,1849,Mastercard,Debit,5576035087378479,2023-05-01,481,YES,2,14027,2007-12-01,2014,No
1011,1849,Discover,Credit,6737538441360610,2024-08-01,595,YES,1,10600,2003-02-01,2007,No
3661,1732,Visa,Debit,4044316472139410,2023-12-01,596,YES,2,26995,2000-07-01,2009,No
712,167,Mastercard,Credit,5226870809361787,2020-01-01,75,YES,1,10400,2020-01-01,2020,No
1742,167,Mastercard,Credit,5067574894573935,2023-09-01,755,YES,2,11400,2020-02-01,2020,No
942,167,Visa,Credit,4742301691992776,2022-01-01,16,YES,2,11900,2020-01-01,2020,No
1987,1496,Visa,Debit,4414714260971092,2021-09-01,462,YES,1,29065,2020-02-01,2020,No
713,1496,Mastercard,Debit (Prepaid),5483078601827876,2023-07-01,594,YES,2,55,2020-01-01,2020,No
943,1496,Visa,Debit (Prepaid),4749171976917258,2020-01-01,187,YES,1,89,2020-01-01,2020,No
1743,853,Mastercard,Credit,5994692166168768,2020-03-01,708,YES,2,22800,2020-02-01,2020,No
6096,237,Visa,Credit,4187289847634833,2021-04-01,798,NO,2,4300,2013-12-01,2013,No
3574,237,Visa,Debit,4145423192370462,2021-02-01,398,NO,1,38900,2013-06-01,2013,No
4238,769,Discover,Credit,6514958752973692,2012-11-01,261,NO,1,9500,2008-08-01,2009,No
1744,769,Mastercard,Debit,5648870697869377,2020-02-01,686,YES,2,17633,2020-02-01,2020,No
3298,2,Mastercard,Credit,5191615123045322,2020-11-01,485,YES,1,7400,2005-06-01,2011,No
3593,2,Mastercard,Debit,5458954548704072,2024-07-01,47,YES,1,9001,2015-06-01,2015,No
2576,2,Mastercard,Debit,5077942665919872,2023-08-01,127,NO,2,9669,2008-04-01,2011,No
6073,2,Mastercard,Debit,5617443939610345,2024-08-01,813,YES,2,16491,2012-12-01,2012,No
2919,2,Visa,Credit,4809764397537147,2013-12-01,939,YES,1,7800,2006-05-01,2012,No
3153,313,Mastercard,Debit,5401966281135701,2023-02-01,737,YES,2,12183,2014-05-01,2014,No
4804,313,Visa,Credit,4142618269549473,2022-12-01,716,YES,1,8900,2010-09-01,2016,No
714,1624,Mastercard,Debit,5141201123047050,2023-10-01,639,NO,1,13558,2020-01-01,2020,No
1988,1624,Visa,Credit,4562385865984516,2023-06-01,2,YES,1,12600,2020-02-01,2020,No
1745,958,Mastercard,Debit,5505033368140306,2023-10-01,281,YES,1,10742,2020-02-01,2020,No
944,958,Visa,Credit,4393681534654146,2020-02-01,748,YES,2,8100,2020-01-01,2020,No
945,958,Visa,Debit,4454771454125736,2024-10-01,884,YES,1,12240,2020-01-01,2020,No
2938,989,Mastercard,Credit,5696485046042913,2024-02-01,764,YES,1,28000,2007-05-01,2007,No
4613,989,Mastercard,Debit,5545483213832558,2020-06-01,645,NO,1,19843,2006-09-01,2015,No
4354,989,Visa,Debit,4353181605005049,2021-02-01,19,YES,2,4707,2010-08-01,2010,No
3039,989,Amex,Credit,309385388804488,2024-01-01,251,YES,1,16200,2010-05-01,2010,No
3643,989,Mastercard,Debit (Prepaid),5331189129913282,2020-10-01,359,YES,1,58,2019-06-01,2019,No
4124,989,Visa,Credit,4119849353170305,2020-02-01,170,YES,2,21600,2003-08-01,2015,No
2511,989,Mastercard,Debit,5676028749684108,2022-01-01,678,YES,2,4707,2006-04-01,2015,No
3979,989,Mastercard,Debit,5270284172540389,2024-05-01,714,YES,3,27178,2011-07-01,2011,No
2976,1562,Mastercard,Credit,5819630613408765,2023-03-01,727,YES,2,8100,2008-05-01,2014,No
168,1562,Mastercard,Debit,5980129246400404,2024-02-01,42,YES,2,16815,2008-01-01,2014,No
3459,1562,Visa,Debit (Prepaid),4881855799456128,2022-02-01,637,YES,1,0,2009-06-01,2012,No
2907,1983,Mastercard,Credit,5268892141706910,2023-03-01,905,YES,1,51900,2006-05-01,2009,No
3399,1983,Mastercard,Credit,5634102457746992,2020-02-01,250,YES,1,17700,2008-06-01,2009,No
2653,1983,Mastercard,Debit,5340780229634197,2023-07-01,257,YES,1,47211,2010-04-01,2010,No
191,1091,Amex,Credit,386478516235378,2024-03-01,172,NO,2,17800,2009-01-01,2009,No
1384,1091,Visa,Debit,4330882727770787,2019-10-01,22,YES,1,29685,2018-02-01,2018,No
3507,1091,Visa,Credit,4724864981660920,2024-08-01,403,NO,1,12700,2010-06-01,2013,No
3334,1091,Visa,Debit,4561951091545890,2022-08-01,691,YES,1,21744,2006-06-01,2011,No
2013,759,Visa,Credit,4417109828447309,2002-05-01,812,YES,2,15500,1999-03-01,2013,No
3716,759,Mastercard,Debit,5418111837859479,2022-05-01,529,YES,2,23154,2004-07-01,2012,No
2230,759,Mastercard,Debit,5864938158181063,2012-03-01,438,YES,2,8747,2009-03-01,2009,No
3101,759,Mastercard,Debit,5565412921641370,2024-09-01,992,YES,1,25059,2011-05-01,2011,No
2069,779,Mastercard,Credit,5333842700329565,2018-04-01,191,YES,2,14200,2004-03-01,2010,No
119,779,Visa,Debit,4906021631955321,2024-01-01,889,YES,2,18888,2006-01-01,2014,No
1058,779,Mastercard,Debit,5260501863539748,2023-10-01,797,NO,2,3099,2005-02-01,2013,No
4558,779,Mastercard,Debit,5948253675276941,2021-11-01,348,YES,2,10656,2004-09-01,2011,No
3299,779,Mastercard,Debit,5510063639324759,2012-06-01,587,YES,2,12698,2005-06-01,2010,No
4282,105,Visa,Credit,4359575208295254,2022-09-01,939,YES,1,10200,2008-08-01,2012,No
4443,105,Visa,Credit,4835239816888340,2015-04-01,368,YES,2,10100,2014-08-01,2014,No
3460,105,Visa,Credit,4754007965044975,2021-01-01,604,YES,1,10700,2009-06-01,2013,No
1103,105,Amex,Credit,327833439977815,2012-06-01,215,YES,2,6100,2007-02-01,2008,No
2499,105,Visa,Credit,4956654746579365,2023-10-01,15,YES,2,8800,2005-04-01,2014,No
3632,1618,Mastercard,Debit,5677315632040269,2020-01-01,927,YES,1,21280,2018-06-01,2018,No
5363,1618,Mastercard,Debit (Prepaid),5658794762166757,2023-03-01,663,YES,1,111,2000-11-01,2010,No
3031,1618,Visa,Debit,4788096167141165,2024-01-01,88,YES,1,26608,2009-05-01,2009,No
5729,1618,Visa,Debit,4032385619436581,2022-03-01,88,YES,2,37619,2016-11-01,2016,No
3239,1168,Mastercard,Debit,5809446324429038,2020-09-01,480,YES,1,25422,2002-06-01,2008,No
5300,1237,Visa,Debit,4967614598666288,2020-12-01,790,YES,2,16053,2014-10-01,2014,No
2017,1237,Amex,Credit,304727353948890,2022-07-01,930,YES,1,8400,2001-03-01,2014,No
3944,1237,Mastercard,Debit,5293034450657206,2021-09-01,829,YES,1,14385,2010-07-01,2012,No
5163,1237,Mastercard,Debit,5908634356288234,2020-12-01,276,YES,2,1607,2009-10-01,2011,No
2092,1237,Mastercard,Debit (Prepaid),5295399317930837,2015-12-01,543,YES,2,51,2005-03-01,2007,No
3372,1237,Visa,Debit,4925352341824320,2023-09-01,570,YES,2,5646,2007-06-01,2019,No
4283,699,Visa,Debit,4015359680044238,2021-10-01,867,YES,1,20887,2008-08-01,2008,No
3285,699,Amex,Credit,361232830727034,2022-08-01,626,YES,1,9500,2005-06-01,2005,No
3875,699,Visa,Debit,4029109059179282,2024-08-01,637,YES,2,8960,2008-07-01,2014,No
4012,646,Mastercard,Debit,5084129042406429,2022-05-01,379,YES,2,15822,2013-07-01,2013,No
6090,646,Mastercard,Debit,5171925674822493,2023-08-01,349,YES,1,17057,2013-12-01,2013,No
2093,646,Mastercard,Credit,5417194878972795,2021-04-01,638,YES,2,14500,2005-03-01,2019,No
715,499,Mastercard,Debit,5637089823683604,2023-01-01,543,YES,2,14146,2020-01-01,2020,No
716,499,Mastercard,Debit,5024262627226050,2020-03-01,539,YES,1,22392,2020-01-01,2020,No
5976,1403,Mastercard,Debit,5997533760937121,2013-09-01,563,YES,2,21084,2009-12-01,2015,No
2830,1403,Mastercard,Debit,5658918047471971,2024-03-01,179,YES,2,11889,2002-05-01,2014,No
5433,631,Mastercard,Credit,5693300103257697,2009-10-01,646,YES,1,8600,2005-11-01,2006,No
4355,631,Visa,Debit,4085525339324208,2023-09-01,988,YES,1,1740,2010-08-01,2010,No
4515,631,Mastercard,Debit,5364261943325012,2022-06-01,255,YES,1,16908,2001-09-01,2013,No
2818,631,Mastercard,Debit,5164138227100839,2022-07-01,553,YES,1,15591,2001-05-01,2012,No
3784,631,Mastercard,Debit,5093862705639584,2008-05-01,697,YES,2,20974,2006-07-01,2007,No
717,631,Mastercard,Credit,5317076130104741,2022-05-01,81,YES,1,7200,2020-01-01,2020,No
2596,631,Amex,Credit,354553734129805,2024-02-01,512,NO,1,8500,2009-04-01,2010,No
4138,1070,Mastercard,Debit,5588241759620390,2022-08-01,902,YES,1,28666,2004-08-01,2010,No
718,1070,Mastercard,Debit,5077019023912414,2022-02-01,452,NO,2,24334,2020-01-01,2020,No
2923,1070,Amex,Credit,331661418672228,2020-02-01,340,YES,2,13100,2007-05-01,2013,No
4684,1070,Mastercard,Debit (Prepaid),5003507127783509,2011-01-01,406,YES,2,53,2008-09-01,2012,No
2908,1070,Mastercard,Debit,5485919338552938,2021-11-01,934,YES,1,16898,2006-05-01,2013,No
5072,1070,Amex,Credit,310908674378136,2021-02-01,334,YES,2,9600,2007-10-01,2008,No
2455,291,Amex,Credit,348934344491613,2005-04-01,705,YES,2,6800,2004-04-01,2010,No
3221,291,Amex,Credit,352221649550364,2024-10-01,412,YES,2,9900,2001-06-01,2006,No
169,291,Mastercard,Debit (Prepaid),5900191366508128,2018-08-01,94,YES,2,52,2008-01-01,2011,No
5774,738,Mastercard,Credit,5997676532243287,2020-08-01,937,YES,2,19600,2001-12-01,2013,No
2270,738,Visa,Credit,4975397225900594,2022-10-01,633,YES,2,19300,2010-03-01,2010,No
1989,738,Visa,Debit,4554612997314669,2020-10-01,551,YES,1,42253,2020-02-01,2020,No
204,738,Mastercard,Debit,5186294128669152,2023-06-01,648,YES,1,21997,2009-01-01,2011,No
5140,142,Visa,Debit,4245753102284802,2020-02-01,47,YES,2,20902,2008-10-01,2015,No
1046,142,Visa,Debit,4849801141196819,2021-01-01,469,YES,2,2284,2004-02-01,2017,No
1990,1375,Visa,Credit,4750738672953674,2022-03-01,97,YES,1,19800,2020-02-01,2020,No
719,1375,Mastercard,Debit,5317755409759521,2020-06-01,472,YES,1,18364,2020-01-01,2020,No
5827,459,Amex,Credit,394462670377525,2018-05-01,988,YES,1,6500,2005-12-01,2016,No
5620,459,Mastercard,Debit,5455692825493528,2024-05-01,886,YES,2,1200,2010-11-01,2010,No
3170,459,Visa,Credit,4702160782866812,2022-07-01,32,YES,1,6300,2015-05-01,2015,No
1991,459,Visa,Debit,4702909631016695,2024-08-01,296,YES,1,13496,2020-02-01,2020,No
3625,459,Visa,Debit,4777682501119860,2022-03-01,841,NO,2,10636,2017-06-01,2017,No
120,459,Visa,Credit,4115517902859173,2020-02-01,685,YES,1,7000,2006-01-01,2018,No
1457,281,Discover,Credit,6057750888394995,2022-10-01,941,YES,2,10000,2020-02-01,2020,No
4453,281,Visa,Credit,4027267585799417,2020-02-01,614,YES,2,5700,2015-08-01,2015,No
946,498,Visa,Debit,4308818013677927,2020-02-01,200,YES,1,9845,2020-01-01,2020,No
720,498,Mastercard,Debit,5762905101107710,2024-01-01,55,YES,2,13597,2020-01-01,2020,No
3667,55,Mastercard,Credit,5654301247931831,2015-10-01,534,YES,1,10300,2001-07-01,2017,No
4505,55,Mastercard,Debit,5279944889030781,2007-09-01,556,YES,2,17775,2000-09-01,2008,No
3980,55,Mastercard,Debit,5603953556223249,2021-07-01,279,YES,2,6056,2011-07-01,2011,No
3265,55,Visa,Debit,4806234146608194,2020-08-01,750,YES,1,1736,2003-06-01,2012,No
5865,55,Mastercard,Debit,5124868578530623,2022-05-01,482,YES,1,20573,2006-12-01,2014,No
6037,1370,Discover,Credit,6423896642709968,2024-12-01,893,YES,1,18400,2011-12-01,2011,No
4957,1370,Mastercard,Debit,5831867303465557,2024-07-01,88,YES,2,12610,2001-10-01,2007,No
170,1370,Mastercard,Debit,5848792320156293,2020-08-01,354,YES,2,10471,2008-01-01,2010,No
3464,1370,Amex,Credit,354174665165986,2023-02-01,490,YES,2,25100,2010-06-01,2010,No
721,897,Mastercard,Credit,5648920659581656,2022-03-01,9,YES,2,10200,2020-01-01,2020,No
4458,897,Mastercard,Debit,5039518885202193,2022-09-01,731,NO,1,13460,2016-08-01,2016,No
1992,262,Visa,Debit,4258875940264453,2022-04-01,889,NO,1,9765,2020-02-01,2020,No
722,262,Mastercard,Credit,5184235869070087,2023-09-01,200,YES,1,5900,2020-01-01,2020,No
1746,262,Mastercard,Debit (Prepaid),5922455636977986,2021-09-01,516,YES,1,62,2020-02-01,2020,No
723,1781,Mastercard,Debit,5205146873846149,2020-03-01,412,YES,1,10673,2020-01-01,2020,No
6018,1781,Mastercard,Debit,5271577810389285,2023-11-01,444,NO,2,14959,2010-12-01,2013,No
3032,1781,Visa,Debit,4421074314274468,2015-10-01,365,YES,2,4924,2009-05-01,2013,No
5554,457,Visa,Credit,4765720927158180,2020-06-01,635,YES,1,12900,2008-11-01,2010,No
3129,457,Amex,Credit,323995995043195,2021-03-01,845,YES,2,4300,2013-05-01,2013,No
4222,457,Mastercard,Debit,5325429814066263,2024-07-01,405,YES,2,16134,2007-08-01,2010,No
3751,457,Visa,Credit,4827782115726481,2023-07-01,26,YES,2,7900,2005-07-01,2006,No
2740,160,Visa,Debit,4052223642085368,2020-11-01,695,YES,1,15204,2014-04-01,2014,No
1747,160,Mastercard,Debit,5043025719349382,2022-10-01,212,YES,2,12282,2020-02-01,2020,No
4914,160,Mastercard,Debit (Prepaid),5097177024373449,2020-03-01,487,YES,1,79,2017-09-01,2017,No
3072,1655,Mastercard,Debit,5129559258430452,2015-02-01,315,YES,2,22679,2010-05-01,2010,No
947,1655,Visa,Credit,4848478019868044,2020-02-01,877,YES,1,5500,2020-01-01,2020,No
1236,1655,Mastercard,Credit,5273827620362753,2012-12-01,361,YES,1,8400,2010-02-01,2013,No
1208,984,Discover,Credit,6617667813539645,2022-06-01,357,YES,2,6900,2010-02-01,2015,No
2796,984,Visa,Debit,4735265751138652,2022-08-01,484,YES,1,14217,1997-05-01,2013,No
4088,984,Mastercard,Debit,5466783111172182,2024-02-01,259,YES,1,9226,1997-08-01,2015,No
3836,984,Discover,Credit,6286867412246582,2020-02-01,286,YES,2,4000,2008-07-01,2008,No
121,984,Visa,Credit,4163142253525850,2024-05-01,949,YES,2,10600,2006-01-01,2015,No
724,1329,Mastercard,Debit (Prepaid),5809675483353806,2020-04-01,851,YES,1,69,2020-01-01,2020,No
725,1329,Mastercard,Debit,5049740310754292,2024-11-01,203,NO,2,10964,2020-01-01,2020,No
1748,1329,Mastercard,Debit,5586967087960864,2023-07-01,920,NO,1,8651,2020-02-01,2020,No
3154,1329,Mastercard,Debit,5371618774432893,2017-07-01,17,YES,1,9800,2014-05-01,2014,No
3461,1535,Visa,Credit,4086767707930248,2019-06-01,906,YES,2,9200,2009-06-01,2009,No
187,1535,Visa,Debit,4315296241283753,2021-08-01,887,YES,1,17231,2008-01-01,2008,No
948,1220,Visa,Debit,4448638660853564,2022-05-01,705,YES,2,21782,2020-01-01,2020,No
949,833,Visa,Debit,4243196015563986,2020-01-01,369,YES,1,16736,2020-01-01,2020,No
1749,833,Mastercard,Debit,5886331202952827,2023-04-01,569,YES,1,16986,2020-02-01,2020,No
2577,295,Mastercard,Debit,5606664610863321,2024-04-01,859,YES,2,5521,2008-04-01,2015,No
2101,1434,Visa,Debit,4683529333850689,2023-01-01,987,YES,2,27776,2005-03-01,2009,No
5776,1434,Amex,Credit,340472738242121,2021-05-01,594,YES,1,10800,2002-12-01,2012,No
3594,1434,Mastercard,Credit,5582873367992936,2016-05-01,523,YES,1,4300,2015-06-01,2015,No
5765,1434,Mastercard,Credit,5894846894284597,2020-10-01,560,YES,1,11300,2000-12-01,2010,No
1750,208,Mastercard,Debit,5973418253600951,2023-05-01,54,YES,1,31164,2020-02-01,2020,No
4980,208,Amex,Credit,331642499814393,2020-08-01,68,YES,1,13900,2003-10-01,2003,No
2426,208,Visa,Debit,4455787437333576,2023-11-01,216,YES,2,23834,2001-04-01,2014,No
5640,1909,Visa,Debit,4129826777465625,2021-11-01,941,YES,1,9599,2010-11-01,2010,No
4017,1909,Visa,Debit,4928809249781808,2021-09-01,962,YES,1,8177,2013-07-01,2013,No
1136,1909,Amex,Credit,356753784698882,2015-01-01,199,YES,1,6100,2008-02-01,2019,No
5207,1909,Mastercard,Debit,5244932923677516,2020-07-01,633,YES,2,3658,2010-10-01,2016,No
4752,1356,Visa,Credit,4054184324450514,2022-08-01,45,YES,2,8100,2009-09-01,2015,No
2862,1356,Mastercard,Credit,5533435981760046,2005-04-01,746,YES,2,7900,2004-05-01,2009,No
1751,1356,Mastercard,Debit (Prepaid),5019455882080711,2024-05-01,607,YES,2,57,2020-02-01,2020,No
4057,1356,Mastercard,Debit,5859718770565482,2020-08-01,127,YES,1,12170,2017-07-01,2017,No
5480,1356,Amex,Credit,309524218964644,2024-09-01,665,YES,2,10400,2007-11-01,2009,No
5905,265,Mastercard,Credit,5369677036150953,2024-12-01,992,YES,1,12000,2007-12-01,2009,No
1264,265,Visa,Credit,4179464821874368,2022-10-01,376,YES,2,16600,2010-02-01,2010,No
2305,265,Mastercard,Debit,5187470414488999,2023-05-01,680,NO,1,13900,2012-03-01,2012,No
2909,1947,Mastercard,Debit,5611228007672267,2019-01-01,578,NO,2,11817,2006-05-01,2009,No
2271,1947,Visa,Debit,4909515632835135,2015-05-01,967,YES,1,1433,2010-03-01,2010,No
205,1947,Mastercard,Debit,5671721481892550,2022-07-01,733,YES,1,11982,2009-01-01,2013,No
2654,1947,Mastercard,Debit,5263399480715028,2022-09-01,84,YES,1,5440,2010-04-01,2010,No
3159,1089,Visa,Debit,4171386450929978,2020-10-01,702,YES,1,32269,2014-05-01,2014,No
3487,1089,Mastercard,Debit (Prepaid),5992452355066267,2010-07-01,255,YES,1,68,2010-06-01,2011,No
2682,1089,Mastercard,Debit,5862553540544506,2022-08-01,206,YES,2,25390,2011-04-01,2011,No
726,1790,Mastercard,Debit (Prepaid),5904726356147306,2021-09-01,689,YES,2,73,2020-01-01,2020,No
1752,1999,Mastercard,Debit,5245266215525840,2021-01-01,956,YES,1,14895,2020-02-01,2020,No
1993,1999,Visa,Credit,4605955992344250,2022-11-01,710,YES,2,7100,2020-02-01,2020,No
1753,614,Mastercard,Debit,5173250188599461,2020-02-01,842,YES,1,12829,2020-02-01,2020,No
4002,614,Mastercard,Debit,5953826141797560,2024-07-01,781,YES,1,19508,2012-07-01,2012,No
4753,614,Visa,Credit,4679944060407471,2021-05-01,328,YES,1,12700,2009-09-01,2015,No
416,614,Amex,Credit,376263258046959,2020-02-01,498,YES,1,13700,2020-01-01,2020,No
2094,614,Mastercard,Debit,5303628231225889,2022-09-01,849,YES,1,26467,2005-03-01,2007,No
6065,614,Visa,Debit,4009824948264772,2011-12-01,343,YES,2,25059,2011-12-01,2011,No
2953,614,Visa,Debit,4208882690900434,2021-09-01,889,YES,2,17403,2007-05-01,2010,No
340,814,Visa,Credit,4458593801378188,2024-07-01,713,YES,2,7400,2014-01-01,2014,No
2955,814,Amex,Credit,304032329695965,2020-07-01,406,YES,2,14300,2008-05-01,2012,No
4536,814,Mastercard,Debit,5975850851446048,2024-10-01,385,YES,2,8262,2003-09-01,2018,No
4444,814,Visa,Credit,4107536740374307,2018-04-01,877,YES,1,7700,2014-08-01,2014,No
950,175,Visa,Debit (Prepaid),4342161680384576,2020-06-01,911,YES,2,37,2020-01-01,2020,No
5267,305,Visa,Debit,4608939462503365,2015-11-01,656,NO,1,13767,2012-10-01,2012,No
341,305,Visa,Debit (Prepaid),4181646920762737,2020-05-01,86,YES,1,90,2014-01-01,2014,No
2448,305,Mastercard,Debit,5023221503017150,2006-05-01,739,YES,2,11408,2003-04-01,2010,No
2338,1225,Visa,Credit,4529057760721503,2020-04-01,270,YES,2,2400,2014-03-01,2014,No
1163,1225,Visa,Credit,4234868356191481,2024-11-01,759,YES,2,18600,2008-02-01,2011,No
5762,1225,Mastercard,Debit,5469185883238396,2024-02-01,610,YES,2,15422,1999-12-01,2009,No
4754,1405,Visa,Debit,4324994489841346,2024-11-01,374,YES,2,19575,2009-09-01,2009,No
2690,1405,Visa,Debit (Prepaid),4465717590252409,2020-10-01,476,YES,2,62,2011-04-01,2011,No
2939,1405,Mastercard,Credit,5520845437304871,2018-02-01,530,NO,1,10800,2007-05-01,2009,No
5922,1405,Amex,Credit,343577155217599,2013-07-01,751,YES,2,12400,2008-12-01,2010,No
5039,1405,Visa,Debit,4563222610324202,2022-11-01,673,YES,1,30314,2005-10-01,2007,No
2578,1405,Mastercard,Debit,5599596861279013,2020-11-01,190,YES,1,16317,2008-04-01,2010,No
4844,1405,Visa,Debit,4700587500082036,2023-01-01,458,YES,1,26033,2012-09-01,2012,No
5420,1405,Visa,Credit,4668774755047551,2023-04-01,733,NO,1,11600,2004-11-01,2008,No
5994,1478,Discover,Credit,6113554012285569,2022-03-01,285,YES,2,14800,2010-12-01,2011,No
4789,1478,Mastercard,Debit,5418595509569231,2024-09-01,749,YES,2,4183,2010-09-01,2010,No
1237,1478,Mastercard,Debit,5024480860444789,2024-03-01,877,YES,1,6732,2010-02-01,2010,No
3415,1920,Amex,Credit,347590336473806,2021-08-01,561,YES,1,8200,2009-06-01,2013,No
5579,1920,Mastercard,Debit,5523829978930626,2024-02-01,247,NO,2,1726,2009-11-01,2014,No
2791,1920,Visa,Debit,4515665907154914,2020-06-01,91,NO,2,20318,1996-05-01,2015,No
3861,1920,Mastercard,Debit (Prepaid),5198349029624244,2023-09-01,52,YES,2,42,2008-07-01,2017,No
4412,241,Mastercard,Debit,5648990684688270,2020-09-01,557,YES,1,18654,2013-08-01,2013,No
4506,241,Mastercard,Debit,5877605571862978,2023-08-01,436,YES,1,11219,2000-09-01,2010,No
2749,241,Mastercard,Debit,5424175323034310,2018-11-01,340,YES,1,11143,2015-04-01,2015,No
3921,241,Visa,Credit,4241977850163967,2022-05-01,803,NO,1,6900,2009-07-01,2012,No
58,241,Mastercard,Debit,5337331365480778,2019-04-01,672,YES,2,12861,2004-01-01,2008,No
3818,331,Mastercard,Debit,5949441299547681,2021-01-01,269,YES,1,12801,2007-07-01,2011,No
1994,331,Visa,Credit,4353130198173895,2024-03-01,851,YES,2,6300,2020-02-01,2020,No
417,8,Amex,Credit,366949625918264,2022-07-01,960,YES,1,12900,2020-01-01,2020,No
418,8,Amex,Credit,351563977299905,2022-04-01,915,YES,2,12800,2020-01-01,2020,No
727,1354,Mastercard,Debit,5290775938068362,2020-02-01,372,YES,2,3861,2020-01-01,2020,No
5447,1354,Visa,Debit,4098930150034371,2007-08-01,821,YES,2,8024,2005-11-01,2011,No
1995,1354,Visa,Debit,4433713978036656,2020-02-01,989,YES,2,16452,2020-02-01,2020,No
3102,1258,Mastercard,Debit,5477831310262429,2020-12-01,288,YES,1,24326,2011-05-01,2011,No
1105,1258,Discover,Credit,6116887229829457,2017-04-01,772,YES,2,9600,2007-02-01,2012,No
3901,1258,Mastercard,Credit,5115594587514456,2020-11-01,682,YES,2,5400,2009-07-01,2010,No
4830,1258,Visa,Debit,4246770344294430,2014-12-01,779,YES,1,26158,2011-09-01,2011,No
206,1258,Mastercard,Debit (Prepaid),5777252404670457,2023-12-01,26,YES,1,65,2009-01-01,2009,No
5951,1258,Visa,Debit,4443261006820284,2024-07-01,583,YES,1,24674,2008-12-01,2010,No
3561,1258,Visa,Debit,4709355283958408,2022-11-01,7,NO,1,14484,2012-06-01,2012,No
3945,919,Mastercard,Debit,5559774982144167,2021-01-01,233,YES,1,20765,2010-07-01,2014,No
6124,919,Mastercard,Credit,5077326215891911,2021-04-01,470,YES,2,17100,2016-12-01,2016,No
4733,1447,Mastercard,Credit,5861460389220807,2022-02-01,901,YES,1,3600,2009-09-01,2009,No
728,902,Mastercard,Debit,5268061657818192,2023-03-01,669,YES,1,14139,2020-01-01,2020,No
951,1318,Visa,Credit,4763790665708312,2024-04-01,729,YES,1,10600,2020-01-01,2020,No
729,1318,Mastercard,Debit,5939726039641834,2020-01-01,670,YES,1,22844,2020-01-01,2020,No
730,1318,Mastercard,Debit,5989639729186969,2020-03-01,385,YES,1,15212,2020-01-01,2020,No
1458,1318,Discover,Credit,6429670593440596,2022-05-01,863,YES,2,17300,2020-02-01,2020,No
731,1545,Mastercard,Debit,5229268684192805,2022-10-01,810,YES,2,13088,2020-01-01,2020,No
419,1545,Amex,Credit,349828182407923,2020-01-01,939,YES,1,5700,2020-01-01,2020,No
1754,1545,Mastercard,Debit,5237713667538127,2020-02-01,674,YES,1,19294,2020-02-01,2020,No
732,1001,Mastercard,Debit,5510238208636520,2020-01-01,842,YES,2,8876,2020-01-01,2020,No
5070,1315,Visa,Debit,4551026838442529,2013-12-01,610,YES,1,9922,2006-10-01,2011,No
5719,1315,Visa,Debit,4848774820047542,2024-11-01,454,YES,1,14514,2015-11-01,2015,No
2556,1315,Visa,Debit,4857655456740069,2023-01-01,655,NO,1,14464,2007-04-01,2008,No
5434,1315,Mastercard,Credit,5237779163714217,2021-01-01,520,YES,1,10600,2005-11-01,2009,No
4790,323,Mastercard,Credit,5017550508372775,2018-09-01,481,NO,1,5900,2010-09-01,2011,No
4268,323,Mastercard,Debit,5644486560076379,2024-10-01,413,YES,2,5082,2008-08-01,2009,No
2135,323,Visa,Debit,4305298887064773,2016-05-01,895,NO,1,7003,2006-03-01,2012,No
2467,323,Mastercard,Debit,5363081183912419,2024-07-01,479,YES,2,7364,2004-04-01,2009,No
5977,323,Mastercard,Debit,5365700074909909,2020-12-01,476,YES,1,9513,2009-12-01,2009,No
733,625,Mastercard,Debit,5122845886811755,2024-04-01,156,YES,2,17063,2020-01-01,2020,No
6125,979,Mastercard,Credit,5034807492446890,2020-02-01,628,YES,2,5700,2016-12-01,2016,No
5421,979,Visa,Credit,4450994374522199,2023-03-01,271,YES,1,8600,2004-11-01,2009,No
2613,979,Mastercard,Debit,5508211695909086,2024-05-01,164,YES,1,12586,2009-04-01,2010,No
1755,537,Mastercard,Debit,5741088763813563,2020-02-01,480,YES,1,36967,2020-02-01,2020,No
1756,537,Mastercard,Debit,5259808955370180,2020-02-01,147,YES,2,28458,2020-02-01,2020,No
3012,1096,Mastercard,Credit,5257815762743073,2020-10-01,52,YES,2,5500,2009-05-01,2009,No
5225,1096,Visa,Debit,4249372985491598,2022-10-01,678,YES,1,26222,2010-10-01,2010,No
4816,1347,Mastercard,Debit,5422366850951714,2023-12-01,973,YES,2,21802,2011-09-01,2011,No
3511,1347,Amex,Credit,343289673294707,2021-02-01,678,YES,2,13100,2011-06-01,2011,No
5678,1347,Mastercard,Debit,5212401746902609,2021-11-01,77,YES,2,17079,2012-11-01,2012,No
5141,1395,Visa,Credit,4752059764737905,2020-12-01,397,YES,2,31500,2008-10-01,2008,No
4089,1395,Mastercard,Debit,5088932138697648,2024-02-01,904,YES,1,51412,1997-08-01,2008,No
3033,1614,Visa,Credit,4605207086612818,2019-05-01,438,YES,1,0,2009-05-01,2009,No
2095,1212,Mastercard,Debit,5127787392899921,2021-06-01,895,YES,2,13746,2005-03-01,2007,No
6117,1588,Visa,Debit,4316375262880141,2022-03-01,580,YES,1,30023,2015-12-01,2015,No
2016,1588,Visa,Credit,4354340819623207,2024-04-01,195,YES,2,14300,2000-03-01,2009,No
5952,121,Visa,Debit,4716535552633032,2023-02-01,508,YES,1,18137,2008-12-01,2011,No
420,121,Amex,Credit,378254419416636,2020-08-01,484,YES,3,10700,2020-01-01,2020,No
349,121,Mastercard,Credit,5346005460523910,2021-12-01,389,YES,1,10000,2015-01-01,2015,No
1996,1773,Visa,Debit (Prepaid),4936140686570275,2024-03-01,506,YES,2,82,2020-02-01,2020,No
2703,1859,Mastercard,Debit,5843937298541003,2021-06-01,609,YES,1,15976,2012-04-01,2012,No
4991,1859,Mastercard,Debit,5880006305695949,2023-03-01,187,YES,1,34560,2003-10-01,2011,No
2241,1859,Visa,Credit,4158498171851975,2020-07-01,263,YES,1,18600,2009-03-01,2013,No
2419,1859,Mastercard,Debit (Prepaid),5922687925814446,2020-05-01,982,YES,1,65,2001-04-01,2014,No
5018,1859,Visa,Debit,4441559114756148,2022-03-01,974,YES,1,15374,2004-10-01,2016,No
1997,1339,Visa,Credit,4990026739935404,2022-09-01,28,YES,1,16700,2020-02-01,2020,No
734,1339,Mastercard,Debit,5152513437799120,2023-07-01,970,NO,1,20534,2020-01-01,2020,No
735,1894,Mastercard,Debit,5854609142644269,2024-12-01,371,YES,2,24939,2020-01-01,2020,No
736,1894,Mastercard,Credit,5829556470616453,2020-04-01,377,YES,1,15200,2020-01-01,2020,No
2438,77,Visa,Credit,4142689074024202,2014-07-01,401,YES,2,13700,2002-04-01,2012,No
5906,77,Mastercard,Debit,5797464528593168,2023-02-01,743,YES,2,7949,2007-12-01,2010,No
438,77,Discover,Credit,6402388690714912,2020-04-01,731,YES,1,9300,2020-01-01,2020,No
4373,77,Mastercard,Debit,5247646091462977,2023-06-01,180,YES,1,21862,2011-08-01,2011,No
3621,77,Mastercard,Debit,5560170355102541,2020-04-01,566,NO,2,15988,2017-06-01,2017,No
4837,77,Mastercard,Debit,5443759192548846,2014-12-01,623,NO,1,17112,2012-09-01,2012,No
5688,77,Mastercard,Debit,5086596988156517,2024-10-01,171,YES,1,27063,2013-11-01,2013,No
5501,77,Mastercard,Debit,5713469175389037,2021-04-01,887,YES,2,24656,2007-11-01,2008,No
1076,1222,Visa,Debit,4261882459977550,2022-04-01,882,YES,2,1436,2005-02-01,2005,No
5364,363,Visa,Credit,4485600180364627,2014-07-01,123,YES,1,18700,2000-11-01,2010,No
5555,363,Visa,Debit,4554258012686189,2011-02-01,650,YES,1,8420,2008-11-01,2012,No
5208,363,Mastercard,Debit (Prepaid),5312039477119395,2022-10-01,56,YES,1,35,2010-10-01,2010,No
4434,634,Mastercard,Debit,5268139916584585,2022-12-01,638,YES,1,22995,2014-08-01,2014,No
3541,634,Visa,Debit,4397605575320998,2023-07-01,634,YES,1,37620,2011-06-01,2011,No
2272,634,Visa,Debit,4151208103004284,2018-12-01,499,YES,1,18220,2010-03-01,2011,No
3375,634,Amex,Credit,355152345366905,2022-01-01,511,YES,1,11100,2008-06-01,2016,No
2579,628,Mastercard,Debit (Prepaid),5483397485442231,2017-04-01,795,YES,1,76,2008-04-01,2008,No
333,628,Mastercard,Debit,5614906039254489,2021-10-01,288,YES,1,47183,2014-01-01,2014,No
1757,628,Mastercard,Debit,5257083044708319,2024-02-01,600,YES,2,44912,2020-02-01,2020,No
3963,756,Visa,Debit,4109920926456573,2023-02-01,276,YES,1,7721,2010-07-01,2010,No
952,971,Visa,Credit,4809875418420460,2023-11-01,507,NO,2,23400,2020-01-01,2020,No
953,971,Visa,Debit,4325897539134882,2023-06-01,877,YES,1,12039,2020-01-01,2020,No
1998,971,Visa,Debit,4014221108776885,2020-03-01,718,YES,2,10971,2020-02-01,2020,No
737,971,Mastercard,Debit,5271701044160481,2022-02-01,131,YES,2,14570,2020-01-01,2020,No
954,971,Visa,Debit,4077582571419704,2022-10-01,419,YES,2,12195,2020-01-01,2020,No
1758,111,Mastercard,Debit,5805865464891142,2020-02-01,145,YES,1,9061,2020-02-01,2020,No
4413,111,Mastercard,Debit,5806091901843856,2023-08-01,270,YES,2,10964,2013-08-01,2013,No
1439,111,Amex,Credit,399822688085690,2021-07-01,676,YES,2,6900,2020-02-01,2020,No
738,312,Mastercard,Debit,5641266533811383,2023-06-01,654,YES,1,26107,2020-01-01,2020,No
955,312,Visa,Debit (Prepaid),4154048240434633,2020-01-01,751,YES,1,76,2020-01-01,2020,No
1759,312,Mastercard,Debit,5207403371427185,2020-05-01,462,YES,2,19613,2020-02-01,2020,No
956,312,Visa,Debit,4825524341593939,2021-10-01,930,YES,1,17569,2020-01-01,2020,No
1999,1627,Visa,Debit,4340019142427236,2021-10-01,130,YES,2,10099,2020-02-01,2020,No
4149,1359,Amex,Credit,310470716823944,2020-05-01,922,YES,1,15200,2005-08-01,2017,No
3699,1359,Mastercard,Debit,5905005083070942,2023-03-01,993,YES,1,13844,2003-07-01,2011,No
1760,174,Mastercard,Debit,5013028791214183,2023-04-01,910,YES,1,18748,2020-02-01,2020,No
1761,174,Mastercard,Debit,5879193554887191,2020-10-01,924,YES,2,13733,2020-02-01,2020,No
1762,174,Mastercard,Debit,5012988175512442,2021-12-01,188,YES,2,20623,2020-02-01,2020,No
739,420,Mastercard,Debit (Prepaid),5322126645643429,2023-07-01,917,YES,2,39,2020-01-01,2020,No
4817,488,Mastercard,Debit,5535209227360709,2019-01-01,434,YES,1,12759,2011-09-01,2011,No
5413,488,Mastercard,Debit,5304434448477779,2022-12-01,266,NO,1,19554,2004-11-01,2007,No
171,7,Mastercard,Debit,5673440794177682,2023-04-01,44,NO,2,21274,2008-01-01,2009,No
3335,7,Visa,Debit (Prepaid),4738669769696354,2022-08-01,376,YES,1,25,2006-06-01,2013,No
2490,7,Mastercard,Debit,5550350468440254,2023-01-01,305,YES,2,12868,2005-04-01,2012,No
1385,863,Visa,Debit (Prepaid),4669769619755993,2020-01-01,338,YES,1,80,2018-02-01,2018,No
4861,863,Mastercard,Debit,5946850544837798,2023-01-01,589,YES,2,18244,2013-09-01,2013,No
2750,863,Mastercard,Debit,5275357240057940,2024-06-01,107,YES,2,11402,2015-04-01,2015,No
3570,1854,Mastercard,Credit,5510232749503632,2020-06-01,400,YES,1,7200,2013-06-01,2013,No
3585,1854,Mastercard,Debit,5821737939719970,2021-07-01,620,YES,1,22975,2014-06-01,2014,No
2500,1041,Visa,Debit,4955581838657248,2022-10-01,581,YES,2,5579,2005-04-01,2010,No
2786,1616,Visa,Debit,4474440079220409,2022-10-01,166,NO,1,56039,2018-04-01,2018,No
2730,1616,Mastercard,Debit,5724240961290015,2023-12-01,700,YES,1,28861,2014-04-01,2014,No
5164,1616,Mastercard,Debit (Prepaid),5217967974128120,2021-09-01,914,YES,1,66,2009-10-01,2009,No
4734,1616,Mastercard,Credit,5877792740240707,2022-09-01,793,NO,2,22900,2009-09-01,2010,No
1763,1805,Mastercard,Credit,5145463747127185,2023-11-01,913,YES,1,8500,2020-02-01,2020,No
2546,1805,Mastercard,Credit,5541745788882180,2022-02-01,58,NO,1,3800,2007-04-01,2007,No
172,1284,Mastercard,Debit,5750484233286684,2023-06-01,222,YES,2,9789,2008-01-01,2009,No
6066,1284,Amex,Credit,358690297708537,2018-03-01,877,YES,2,10800,2012-12-01,2012,No
2000,1735,Visa,Credit,4865108019055527,2021-07-01,237,YES,1,15100,2020-02-01,2020,No
1165,1735,Discover,Credit,6515253433115422,2020-04-01,190,YES,1,15700,2009-02-01,2011,No
3336,1735,Visa,Debit,4497189555825931,2015-05-01,378,YES,2,7320,2006-06-01,2015,No
4053,1735,Amex,Credit,370616632244142,2018-06-01,911,NO,2,5600,2017-07-01,2017,No
3700,1735,Mastercard,Debit,5506509188518636,2021-06-01,743,YES,2,12762,2003-07-01,2010,No
5057,1735,Mastercard,Credit,5129342889760157,2024-04-01,444,YES,2,11900,2006-10-01,2015,No
5828,1528,Discover,Credit,6259105481899955,2014-02-01,854,YES,2,16400,2005-12-01,2008,No
2491,1528,Mastercard,Debit,5074464458367025,2017-08-01,226,YES,2,5656,2005-04-01,2020,No
4805,1528,Visa,Debit (Prepaid),4653783977944705,2024-02-01,233,YES,1,107,2010-09-01,2015,No
4845,1528,Visa,Credit,4723544766031693,2024-04-01,305,YES,2,7800,2012-09-01,2012,No
3752,1528,Visa,Credit,4784666596890935,2022-02-01,50,YES,2,7700,2005-07-01,2015,No
4315,1528,Visa,Debit,4842554939859572,2022-12-01,511,NO,3,8033,2009-08-01,2014,No
740,1278,Mastercard,Debit (Prepaid),5111395106828890,2022-12-01,302,YES,1,56,2020-01-01,2020,No
1764,1278,Mastercard,Debit,5309146201291578,2020-02-01,566,YES,1,21099,2020-02-01,2020,No
741,1278,Mastercard,Debit,5743134448921247,2021-07-01,955,YES,2,9316,2020-01-01,2020,No
2863,591,Mastercard,Debit,5274379508016909,2022-01-01,559,NO,2,21971,2004-05-01,2012,No
2199,591,Mastercard,Debit,5247895172758076,2023-03-01,818,NO,1,10442,2008-03-01,2016,No
2391,591,Visa,Credit,4409499021452008,2019-08-01,435,NO,2,8100,2019-03-01,2019,No
2285,97,Mastercard,Debit,5447193146031175,2023-12-01,290,YES,2,9956,2011-03-01,2011,No
3180,31,Mastercard,Debit,5325590478347304,2020-04-01,663,YES,2,25702,2016-05-01,2016,No
3622,31,Mastercard,Debit,5418724960148500,2019-09-01,758,YES,1,15435,2017-06-01,2017,No
5594,31,Amex,Credit,314393148415045,2023-12-01,772,YES,2,11500,2010-11-01,2010,No
742,1380,Mastercard,Debit,5277481941284870,2023-09-01,765,YES,1,21244,2020-01-01,2020,No
219,1380,Visa,Debit (Prepaid),4405922261615510,2011-06-01,725,YES,1,85,2009-01-01,2009,No
1295,1240,Visa,Credit,4212472982412282,2023-03-01,449,YES,1,4000,2011-02-01,2011,No
3876,1240,Visa,Debit,4191753432473688,2022-08-01,915,YES,1,23169,2008-07-01,2011,No
1361,1240,Visa,Debit,4140779954294938,2022-11-01,794,YES,2,16638,2015-02-01,2015,No
1121,932,Mastercard,Debit,5416901310036134,2023-05-01,533,YES,1,4700,2007-02-01,2015,No
2626,932,Visa,Debit,4752509852890437,2024-07-01,219,YES,2,3648,2009-04-01,2009,No
2614,932,Mastercard,Credit,5692198759214977,2024-03-01,761,YES,2,11400,2009-04-01,2010,No
188,932,Visa,Credit,4882749213560039,2022-02-01,251,YES,2,7100,2008-01-01,2009,No
220,932,Visa,Debit,4759540467704662,2019-06-01,306,YES,2,6204,2009-01-01,2015,No
3562,932,Amex,Credit,313704088925690,2021-09-01,425,YES,2,6100,2013-06-01,2013,No
2001,378,Visa,Debit (Prepaid),4463555557160795,2020-12-01,748,NO,3,61,2020-02-01,2020,No
5294,647,Mastercard,Debit,5777074368748266,2018-07-01,895,YES,2,15512,2014-10-01,2014,No
4460,647,Visa,Debit,4736880733497138,2022-06-01,632,YES,2,8332,2016-08-01,2016,No
4921,391,Amex,Credit,352640919361783,2023-06-01,945,YES,1,6200,2019-09-01,2019,No
317,391,Mastercard,Debit,5396719740758943,2021-08-01,596,YES,1,23152,2013-01-01,2013,No
4936,391,Mastercard,Debit (Prepaid),5182063803419504,2020-09-01,572,YES,2,81,1998-10-01,2010,No
3488,391,Mastercard,Debit,5021628982108623,2024-08-01,87,YES,1,11812,2010-06-01,2010,No
3616,391,Visa,Debit,4239166872169819,2020-01-01,156,YES,2,12483,2016-06-01,2016,No
5182,391,Visa,Credit,4920642520708261,2022-08-01,998,YES,1,9100,2009-10-01,2010,No
957,588,Visa,Debit,4331126149037342,2021-02-01,920,YES,2,21787,2020-01-01,2020,No
439,588,Discover,Credit,6209823400357197,2020-01-01,916,YES,2,12000,2020-01-01,2020,No
1765,588,Mastercard,Debit,5800888888822204,2020-02-01,80,YES,1,26265,2020-02-01,2020,No
263,986,Visa,Debit,4351221158003580,2012-08-01,302,YES,2,27317,2010-01-01,2010,No
4755,986,Visa,Debit,4947422352493090,2023-01-01,940,YES,2,15094,2009-09-01,2011,No
2139,986,Discover,Credit,6537516721853185,2023-02-01,573,NO,1,18300,2007-03-01,2013,No
5295,1944,Mastercard,Debit,5345225563130049,2018-06-01,321,NO,2,19756,2014-10-01,2014,No
1304,1944,Mastercard,Debit,5867403593584849,2022-01-01,493,NO,1,17116,2012-02-01,2012,No
33,1944,Visa,Credit,4803534694306012,2021-09-01,383,YES,1,11100,2002-01-01,2009,No
1059,1944,Mastercard,Debit,5040196029255389,2021-11-01,832,YES,1,2468,2005-02-01,2005,No
4046,185,Mastercard,Debit,5916545236079509,2024-07-01,314,YES,1,16415,2016-07-01,2016,No
5361,185,Amex,Credit,300609782832003,2024-01-01,663,YES,1,6900,2000-11-01,2013,No
2711,185,Visa,Credit,4718517475996018,2021-01-01,492,YES,2,5700,2012-04-01,2012,No
1305,1007,Mastercard,Credit,5929512204765914,2020-08-01,237,NO,2,9200,2012-02-01,2012,No
743,1110,Mastercard,Debit,5589768928167462,2020-01-01,630,YES,1,28074,2020-01-01,2020,No
3199,1110,Visa,Credit,4994011318343994,2020-12-01,120,YES,1,14400,2017-05-01,2017,No
